sampl,capcost,plant,cons_months,fom,vom,cons_years,start_year,end_year,years
1,9164.747875222236,1,106.25363472517665,177.92753878226725,10.821327163813004,21.0,2010,2030,2010
1,9164.747875222236,1,106.25363472517665,177.92753878226725,10.821327163813004,21.0,2010,2030,2011
1,9164.747875222236,1,106.25363472517665,177.92753878226725,10.821327163813004,21.0,2010,2030,2012
1,9164.747875222236,1,106.25363472517665,177.92753878226725,10.821327163813004,21.0,2010,2030,2013
1,9164.747875222236,1,106.25363472517665,177.92753878226725,10.821327163813004,21.0,2010,2030,2014
1,9164.747875222236,1,106.25363472517665,177.92753878226725,10.821327163813004,21.0,2010,2030,2015
1,9164.747875222236,1,106.25363472517665,177.92753878226725,10.821327163813004,21.0,2010,2030,2016
1,9164.747875222236,1,106.25363472517665,177.92753878226725,10.821327163813004,21.0,2010,2030,2017
1,9164.747875222236,1,106.25363472517665,177.92753878226725,10.821327163813004,21.0,2010,2030,2018
1,9164.747875222236,1,106.25363472517665,177.92753878226725,10.821327163813004,21.0,2010,2030,2019
1,9164.747875222236,1,106.25363472517665,177.92753878226725,10.821327163813004,21.0,2010,2030,2020
1,9164.747875222236,1,106.25363472517665,177.92753878226725,10.821327163813004,21.0,2010,2030,2021
1,9164.747875222236,1,106.25363472517665,177.92753878226725,10.821327163813004,21.0,2010,2030,2022
1,9164.747875222236,1,106.25363472517665,177.92753878226725,10.821327163813004,21.0,2010,2030,2023
1,9164.747875222236,1,106.25363472517665,177.92753878226725,10.821327163813004,21.0,2010,2030,2024
1,9164.747875222236,1,106.25363472517665,177.92753878226725,10.821327163813004,21.0,2010,2030,2025
1,9164.747875222236,1,106.25363472517665,177.92753878226725,10.821327163813004,21.0,2010,2030,2026
1,9164.747875222236,1,106.25363472517665,177.92753878226725,10.821327163813004,21.0,2010,2030,2027
1,9164.747875222236,1,106.25363472517665,177.92753878226725,10.821327163813004,21.0,2010,2030,2028
1,9164.747875222236,1,106.25363472517665,177.92753878226725,10.821327163813004,21.0,2010,2030,2029
1,3548.3470907233295,2,55.09803465262741,181.4605650250972,15.193301752581146,5.0,2031,2035,2031
1,3548.3470907233295,2,55.09803465262741,181.4605650250972,15.193301752581146,5.0,2031,2035,2032
1,3548.3470907233295,2,55.09803465262741,181.4605650250972,15.193301752581146,5.0,2031,2035,2033
1,3548.3470907233295,2,55.09803465262741,181.4605650250972,15.193301752581146,5.0,2031,2035,2034
1,3935.330325305072,3,48.18802361029954,185.3857577162508,12.115225739641845,5.0,2036,2040,2036
1,3935.330325305072,3,48.18802361029954,185.3857577162508,12.115225739641845,5.0,2036,2040,2037
1,3935.330325305072,3,48.18802361029954,185.3857577162508,12.115225739641845,5.0,2036,2040,2038
1,3935.330325305072,3,48.18802361029954,185.3857577162508,12.115225739641845,5.0,2036,2040,2039
1,3446.0077985740854,4,53.00878193274057,164.87779122858015,15.961661849529705,5.0,2041,2045,2041
1,3446.0077985740854,4,53.00878193274057,164.87779122858015,15.961661849529705,5.0,2041,2045,2042
1,3446.0077985740854,4,53.00878193274057,164.87779122858015,15.961661849529705,5.0,2041,2045,2043
1,3446.0077985740854,4,53.00878193274057,164.87779122858015,15.961661849529705,5.0,2041,2045,2044
1,4278.914175065848,5,50.78784939301265,170.0022212052449,14.986099555485435,5.0,2046,2050,2046
1,4278.914175065848,5,50.78784939301265,170.0022212052449,14.986099555485435,5.0,2046,2050,2047
1,4278.914175065848,5,50.78784939301265,170.0022212052449,14.986099555485435,5.0,2046,2050,2048
1,4278.914175065848,5,50.78784939301265,170.0022212052449,14.986099555485435,5.0,2046,2050,2049
1,3232.4208175215917,6,35.00657302810658,186.0657328423706,13.734456082147311,3.0,2051,2061,2051
1,3232.4208175215917,6,35.00657302810658,186.0657328423706,13.734456082147311,3.0,2051,2061,2052
1,3232.4208175215917,6,35.00657302810658,186.0657328423706,13.734456082147311,3.0,2051,2061,2053
1,3232.4208175215917,6,35.00657302810658,186.0657328423706,13.734456082147311,3.0,2051,2061,2054
1,3232.4208175215917,6,35.00657302810658,186.0657328423706,13.734456082147311,3.0,2051,2061,2055
1,3232.4208175215917,6,35.00657302810658,186.0657328423706,13.734456082147311,3.0,2051,2061,2056
1,3232.4208175215917,6,35.00657302810658,186.0657328423706,13.734456082147311,3.0,2051,2061,2057
1,3232.4208175215917,6,35.00657302810658,186.0657328423706,13.734456082147311,3.0,2051,2061,2058
1,3232.4208175215917,6,35.00657302810658,186.0657328423706,13.734456082147311,3.0,2051,2061,2059
1,3232.4208175215917,6,35.00657302810658,186.0657328423706,13.734456082147311,3.0,2051,2061,2060
2,9957.082530860145,1,90.42909473889856,168.42743873787137,12.281324283219048,20.0,2010,2029,2010
2,9957.082530860145,1,90.42909473889856,168.42743873787137,12.281324283219048,20.0,2010,2029,2011
2,9957.082530860145,1,90.42909473889856,168.42743873787137,12.281324283219048,20.0,2010,2029,2012
2,9957.082530860145,1,90.42909473889856,168.42743873787137,12.281324283219048,20.0,2010,2029,2013
2,9957.082530860145,1,90.42909473889856,168.42743873787137,12.281324283219048,20.0,2010,2029,2014
2,9957.082530860145,1,90.42909473889856,168.42743873787137,12.281324283219048,20.0,2010,2029,2015
2,9957.082530860145,1,90.42909473889856,168.42743873787137,12.281324283219048,20.0,2010,2029,2016
2,9957.082530860145,1,90.42909473889856,168.42743873787137,12.281324283219048,20.0,2010,2029,2017
2,9957.082530860145,1,90.42909473889856,168.42743873787137,12.281324283219048,20.0,2010,2029,2018
2,9957.082530860145,1,90.42909473889856,168.42743873787137,12.281324283219048,20.0,2010,2029,2019
2,9957.082530860145,1,90.42909473889856,168.42743873787137,12.281324283219048,20.0,2010,2029,2020
2,9957.082530860145,1,90.42909473889856,168.42743873787137,12.281324283219048,20.0,2010,2029,2021
2,9957.082530860145,1,90.42909473889856,168.42743873787137,12.281324283219048,20.0,2010,2029,2022
2,9957.082530860145,1,90.42909473889856,168.42743873787137,12.281324283219048,20.0,2010,2029,2023
2,9957.082530860145,1,90.42909473889856,168.42743873787137,12.281324283219048,20.0,2010,2029,2024
2,9957.082530860145,1,90.42909473889856,168.42743873787137,12.281324283219048,20.0,2010,2029,2025
2,9957.082530860145,1,90.42909473889856,168.42743873787137,12.281324283219048,20.0,2010,2029,2026
2,9957.082530860145,1,90.42909473889856,168.42743873787137,12.281324283219048,20.0,2010,2029,2027
2,9957.082530860145,1,90.42909473889856,168.42743873787137,12.281324283219048,20.0,2010,2029,2028
2,4336.973372039251,2,53.37449571907565,176.5854418854871,11.058997818749635,5.0,2030,2034,2030
2,4336.973372039251,2,53.37449571907565,176.5854418854871,11.058997818749635,5.0,2030,2034,2031
2,4336.973372039251,2,53.37449571907565,176.5854418854871,11.058997818749635,5.0,2030,2034,2032
2,4336.973372039251,2,53.37449571907565,176.5854418854871,11.058997818749635,5.0,2030,2034,2033
2,5663.700034476975,3,48.766983863184244,206.99598451234345,11.186293243512567,5.0,2035,2039,2035
2,5663.700034476975,3,48.766983863184244,206.99598451234345,11.186293243512567,5.0,2035,2039,2036
2,5663.700034476975,3,48.766983863184244,206.99598451234345,11.186293243512567,5.0,2035,2039,2037
2,5663.700034476975,3,48.766983863184244,206.99598451234345,11.186293243512567,5.0,2035,2039,2038
2,3985.4258795523147,4,55.61542979031533,184.10561796967983,13.124203578696523,5.0,2040,2044,2040
2,3985.4258795523147,4,55.61542979031533,184.10561796967983,13.124203578696523,5.0,2040,2044,2041
2,3985.4258795523147,4,55.61542979031533,184.10561796967983,13.124203578696523,5.0,2040,2044,2042
2,3985.4258795523147,4,55.61542979031533,184.10561796967983,13.124203578696523,5.0,2040,2044,2043
2,4447.439306493302,5,41.06482003033891,172.62159740195236,13.337077246478255,4.0,2045,2048,2045
2,4447.439306493302,5,41.06482003033891,172.62159740195236,13.337077246478255,4.0,2045,2048,2046
2,4447.439306493302,5,41.06482003033891,172.62159740195236,13.337077246478255,4.0,2045,2048,2047
2,3935.937206014678,6,36.15451676372864,211.3756175891633,12.586087905197633,4.0,2049,2061,2049
2,3935.937206014678,6,36.15451676372864,211.3756175891633,12.586087905197633,4.0,2049,2061,2050
2,3935.937206014678,6,36.15451676372864,211.3756175891633,12.586087905197633,4.0,2049,2061,2051
2,3935.937206014678,6,36.15451676372864,211.3756175891633,12.586087905197633,4.0,2049,2061,2052
2,3935.937206014678,6,36.15451676372864,211.3756175891633,12.586087905197633,4.0,2049,2061,2053
2,3935.937206014678,6,36.15451676372864,211.3756175891633,12.586087905197633,4.0,2049,2061,2054
2,3935.937206014678,6,36.15451676372864,211.3756175891633,12.586087905197633,4.0,2049,2061,2055
2,3935.937206014678,6,36.15451676372864,211.3756175891633,12.586087905197633,4.0,2049,2061,2056
2,3935.937206014678,6,36.15451676372864,211.3756175891633,12.586087905197633,4.0,2049,2061,2057
2,3935.937206014678,6,36.15451676372864,211.3756175891633,12.586087905197633,4.0,2049,2061,2058
2,3935.937206014678,6,36.15451676372864,211.3756175891633,12.586087905197633,4.0,2049,2061,2059
2,3935.937206014678,6,36.15451676372864,211.3756175891633,12.586087905197633,4.0,2049,2061,2060
3,8072.637564176624,1,90.2736550743687,188.57572801810574,12.055124313220212,20.0,2010,2029,2010
3,8072.637564176624,1,90.2736550743687,188.57572801810574,12.055124313220212,20.0,2010,2029,2011
3,8072.637564176624,1,90.2736550743687,188.57572801810574,12.055124313220212,20.0,2010,2029,2012
3,8072.637564176624,1,90.2736550743687,188.57572801810574,12.055124313220212,20.0,2010,2029,2013
3,8072.637564176624,1,90.2736550743687,188.57572801810574,12.055124313220212,20.0,2010,2029,2014
3,8072.637564176624,1,90.2736550743687,188.57572801810574,12.055124313220212,20.0,2010,2029,2015
3,8072.637564176624,1,90.2736550743687,188.57572801810574,12.055124313220212,20.0,2010,2029,2016
3,8072.637564176624,1,90.2736550743687,188.57572801810574,12.055124313220212,20.0,2010,2029,2017
3,8072.637564176624,1,90.2736550743687,188.57572801810574,12.055124313220212,20.0,2010,2029,2018
3,8072.637564176624,1,90.2736550743687,188.57572801810574,12.055124313220212,20.0,2010,2029,2019
3,8072.637564176624,1,90.2736550743687,188.57572801810574,12.055124313220212,20.0,2010,2029,2020
3,8072.637564176624,1,90.2736550743687,188.57572801810574,12.055124313220212,20.0,2010,2029,2021
3,8072.637564176624,1,90.2736550743687,188.57572801810574,12.055124313220212,20.0,2010,2029,2022
3,8072.637564176624,1,90.2736550743687,188.57572801810574,12.055124313220212,20.0,2010,2029,2023
3,8072.637564176624,1,90.2736550743687,188.57572801810574,12.055124313220212,20.0,2010,2029,2024
3,8072.637564176624,1,90.2736550743687,188.57572801810574,12.055124313220212,20.0,2010,2029,2025
3,8072.637564176624,1,90.2736550743687,188.57572801810574,12.055124313220212,20.0,2010,2029,2026
3,8072.637564176624,1,90.2736550743687,188.57572801810574,12.055124313220212,20.0,2010,2029,2027
3,8072.637564176624,1,90.2736550743687,188.57572801810574,12.055124313220212,20.0,2010,2029,2028
3,4799.106688543299,2,71.53119801610917,216.24494956760367,11.097433311010132,6.0,2030,2035,2030
3,4799.106688543299,2,71.53119801610917,216.24494956760367,11.097433311010132,6.0,2030,2035,2031
3,4799.106688543299,2,71.53119801610917,216.24494956760367,11.097433311010132,6.0,2030,2035,2032
3,4799.106688543299,2,71.53119801610917,216.24494956760367,11.097433311010132,6.0,2030,2035,2033
3,4799.106688543299,2,71.53119801610917,216.24494956760367,11.097433311010132,6.0,2030,2035,2034
3,4893.04871492345,3,60.161404400935425,204.79084235765464,10.71239104697021,6.0,2036,2041,2036
3,4893.04871492345,3,60.161404400935425,204.79084235765464,10.71239104697021,6.0,2036,2041,2037
3,4893.04871492345,3,60.161404400935425,204.79084235765464,10.71239104697021,6.0,2036,2041,2038
3,4893.04871492345,3,60.161404400935425,204.79084235765464,10.71239104697021,6.0,2036,2041,2039
3,4893.04871492345,3,60.161404400935425,204.79084235765464,10.71239104697021,6.0,2036,2041,2040
3,3708.0059714347676,4,41.03033920178233,206.32258174735716,12.823608514419877,4.0,2042,2045,2042
3,3708.0059714347676,4,41.03033920178233,206.32258174735716,12.823608514419877,4.0,2042,2045,2043
3,3708.0059714347676,4,41.03033920178233,206.32258174735716,12.823608514419877,4.0,2042,2045,2044
3,3938.503195428121,5,49.756911260671274,172.0860484843304,13.281992663952662,5.0,2046,2050,2046
3,3938.503195428121,5,49.756911260671274,172.0860484843304,13.281992663952662,5.0,2046,2050,2047
3,3938.503195428121,5,49.756911260671274,172.0860484843304,13.281992663952662,5.0,2046,2050,2048
3,3938.503195428121,5,49.756911260671274,172.0860484843304,13.281992663952662,5.0,2046,2050,2049
3,4542.192246292896,6,45.0577764981265,169.37865288084288,12.017495535997018,4.0,2051,2061,2051
3,4542.192246292896,6,45.0577764981265,169.37865288084288,12.017495535997018,4.0,2051,2061,2052
3,4542.192246292896,6,45.0577764981265,169.37865288084288,12.017495535997018,4.0,2051,2061,2053
3,4542.192246292896,6,45.0577764981265,169.37865288084288,12.017495535997018,4.0,2051,2061,2054
3,4542.192246292896,6,45.0577764981265,169.37865288084288,12.017495535997018,4.0,2051,2061,2055
3,4542.192246292896,6,45.0577764981265,169.37865288084288,12.017495535997018,4.0,2051,2061,2056
3,4542.192246292896,6,45.0577764981265,169.37865288084288,12.017495535997018,4.0,2051,2061,2057
3,4542.192246292896,6,45.0577764981265,169.37865288084288,12.017495535997018,4.0,2051,2061,2058
3,4542.192246292896,6,45.0577764981265,169.37865288084288,12.017495535997018,4.0,2051,2061,2059
3,4542.192246292896,6,45.0577764981265,169.37865288084288,12.017495535997018,4.0,2051,2061,2060
4,7425.527622398537,1,92.85387585354512,207.14096806444502,12.758977504872485,20.0,2010,2029,2010
4,7425.527622398537,1,92.85387585354512,207.14096806444502,12.758977504872485,20.0,2010,2029,2011
4,7425.527622398537,1,92.85387585354512,207.14096806444502,12.758977504872485,20.0,2010,2029,2012
4,7425.527622398537,1,92.85387585354512,207.14096806444502,12.758977504872485,20.0,2010,2029,2013
4,7425.527622398537,1,92.85387585354512,207.14096806444502,12.758977504872485,20.0,2010,2029,2014
4,7425.527622398537,1,92.85387585354512,207.14096806444502,12.758977504872485,20.0,2010,2029,2015
4,7425.527622398537,1,92.85387585354512,207.14096806444502,12.758977504872485,20.0,2010,2029,2016
4,7425.527622398537,1,92.85387585354512,207.14096806444502,12.758977504872485,20.0,2010,2029,2017
4,7425.527622398537,1,92.85387585354512,207.14096806444502,12.758977504872485,20.0,2010,2029,2018
4,7425.527622398537,1,92.85387585354512,207.14096806444502,12.758977504872485,20.0,2010,2029,2019
4,7425.527622398537,1,92.85387585354512,207.14096806444502,12.758977504872485,20.0,2010,2029,2020
4,7425.527622398537,1,92.85387585354512,207.14096806444502,12.758977504872485,20.0,2010,2029,2021
4,7425.527622398537,1,92.85387585354512,207.14096806444502,12.758977504872485,20.0,2010,2029,2022
4,7425.527622398537,1,92.85387585354512,207.14096806444502,12.758977504872485,20.0,2010,2029,2023
4,7425.527622398537,1,92.85387585354512,207.14096806444502,12.758977504872485,20.0,2010,2029,2024
4,7425.527622398537,1,92.85387585354512,207.14096806444502,12.758977504872485,20.0,2010,2029,2025
4,7425.527622398537,1,92.85387585354512,207.14096806444502,12.758977504872485,20.0,2010,2029,2026
4,7425.527622398537,1,92.85387585354512,207.14096806444502,12.758977504872485,20.0,2010,2029,2027
4,7425.527622398537,1,92.85387585354512,207.14096806444502,12.758977504872485,20.0,2010,2029,2028
4,6979.693680549897,2,63.06010970349512,192.46344376314858,11.252861892503216,6.0,2030,2035,2030
4,6979.693680549897,2,63.06010970349512,192.46344376314858,11.252861892503216,6.0,2030,2035,2031
4,6979.693680549897,2,63.06010970349512,192.46344376314858,11.252861892503216,6.0,2030,2035,2032
4,6979.693680549897,2,63.06010970349512,192.46344376314858,11.252861892503216,6.0,2030,2035,2033
4,6979.693680549897,2,63.06010970349512,192.46344376314858,11.252861892503216,6.0,2030,2035,2034
4,3738.7053318989347,3,56.216886491619086,199.32917304363505,11.8523743835422,5.0,2036,2040,2036
4,3738.7053318989347,3,56.216886491619086,199.32917304363505,11.8523743835422,5.0,2036,2040,2037
4,3738.7053318989347,3,56.216886491619086,199.32917304363505,11.8523743835422,5.0,2036,2040,2038
4,3738.7053318989347,3,56.216886491619086,199.32917304363505,11.8523743835422,5.0,2036,2040,2039
4,3577.58286693474,4,44.878665838316614,197.2218939732303,11.060196968395982,4.0,2041,2044,2041
4,3577.58286693474,4,44.878665838316614,197.2218939732303,11.060196968395982,4.0,2041,2044,2042
4,3577.58286693474,4,44.878665838316614,197.2218939732303,11.060196968395982,4.0,2041,2044,2043
4,5284.161830651721,5,40.53698059569587,182.02295506542933,12.58833103800753,4.0,2045,2048,2045
4,5284.161830651721,5,40.53698059569587,182.02295506542933,12.58833103800753,4.0,2045,2048,2046
4,5284.161830651721,5,40.53698059569587,182.02295506542933,12.58833103800753,4.0,2045,2048,2047
4,3413.734894890888,6,37.38409580637434,171.0524842938051,14.128098919381472,4.0,2049,2061,2049
4,3413.734894890888,6,37.38409580637434,171.0524842938051,14.128098919381472,4.0,2049,2061,2050
4,3413.734894890888,6,37.38409580637434,171.0524842938051,14.128098919381472,4.0,2049,2061,2051
4,3413.734894890888,6,37.38409580637434,171.0524842938051,14.128098919381472,4.0,2049,2061,2052
4,3413.734894890888,6,37.38409580637434,171.0524842938051,14.128098919381472,4.0,2049,2061,2053
4,3413.734894890888,6,37.38409580637434,171.0524842938051,14.128098919381472,4.0,2049,2061,2054
4,3413.734894890888,6,37.38409580637434,171.0524842938051,14.128098919381472,4.0,2049,2061,2055
4,3413.734894890888,6,37.38409580637434,171.0524842938051,14.128098919381472,4.0,2049,2061,2056
4,3413.734894890888,6,37.38409580637434,171.0524842938051,14.128098919381472,4.0,2049,2061,2057
4,3413.734894890888,6,37.38409580637434,171.0524842938051,14.128098919381472,4.0,2049,2061,2058
4,3413.734894890888,6,37.38409580637434,171.0524842938051,14.128098919381472,4.0,2049,2061,2059
4,3413.734894890888,6,37.38409580637434,171.0524842938051,14.128098919381472,4.0,2049,2061,2060
5,8408.305983157972,1,105.17315144016221,185.72618109554134,12.186246881855888,21.0,2010,2030,2010
5,8408.305983157972,1,105.17315144016221,185.72618109554134,12.186246881855888,21.0,2010,2030,2011
5,8408.305983157972,1,105.17315144016221,185.72618109554134,12.186246881855888,21.0,2010,2030,2012
5,8408.305983157972,1,105.17315144016221,185.72618109554134,12.186246881855888,21.0,2010,2030,2013
5,8408.305983157972,1,105.17315144016221,185.72618109554134,12.186246881855888,21.0,2010,2030,2014
5,8408.305983157972,1,105.17315144016221,185.72618109554134,12.186246881855888,21.0,2010,2030,2015
5,8408.305983157972,1,105.17315144016221,185.72618109554134,12.186246881855888,21.0,2010,2030,2016
5,8408.305983157972,1,105.17315144016221,185.72618109554134,12.186246881855888,21.0,2010,2030,2017
5,8408.305983157972,1,105.17315144016221,185.72618109554134,12.186246881855888,21.0,2010,2030,2018
5,8408.305983157972,1,105.17315144016221,185.72618109554134,12.186246881855888,21.0,2010,2030,2019
5,8408.305983157972,1,105.17315144016221,185.72618109554134,12.186246881855888,21.0,2010,2030,2020
5,8408.305983157972,1,105.17315144016221,185.72618109554134,12.186246881855888,21.0,2010,2030,2021
5,8408.305983157972,1,105.17315144016221,185.72618109554134,12.186246881855888,21.0,2010,2030,2022
5,8408.305983157972,1,105.17315144016221,185.72618109554134,12.186246881855888,21.0,2010,2030,2023
5,8408.305983157972,1,105.17315144016221,185.72618109554134,12.186246881855888,21.0,2010,2030,2024
5,8408.305983157972,1,105.17315144016221,185.72618109554134,12.186246881855888,21.0,2010,2030,2025
5,8408.305983157972,1,105.17315144016221,185.72618109554134,12.186246881855888,21.0,2010,2030,2026
5,8408.305983157972,1,105.17315144016221,185.72618109554134,12.186246881855888,21.0,2010,2030,2027
5,8408.305983157972,1,105.17315144016221,185.72618109554134,12.186246881855888,21.0,2010,2030,2028
5,8408.305983157972,1,105.17315144016221,185.72618109554134,12.186246881855888,21.0,2010,2030,2029
5,3519.6155438746387,2,55.87990015003642,205.6218168188551,11.639412405072045,5.0,2031,2035,2031
5,3519.6155438746387,2,55.87990015003642,205.6218168188551,11.639412405072045,5.0,2031,2035,2032
5,3519.6155438746387,2,55.87990015003642,205.6218168188551,11.639412405072045,5.0,2031,2035,2033
5,3519.6155438746387,2,55.87990015003642,205.6218168188551,11.639412405072045,5.0,2031,2035,2034
5,4499.291999658472,3,50.374195173466546,180.96146566732332,15.402278839305785,5.0,2036,2040,2036
5,4499.291999658472,3,50.374195173466546,180.96146566732332,15.402278839305785,5.0,2036,2040,2037
5,4499.291999658472,3,50.374195173466546,180.96146566732332,15.402278839305785,5.0,2036,2040,2038
5,4499.291999658472,3,50.374195173466546,180.96146566732332,15.402278839305785,5.0,2036,2040,2039
5,3465.996954434676,4,42.080128858794154,185.3525204707105,12.451709249988836,4.0,2041,2044,2041
5,3465.996954434676,4,42.080128858794154,185.3525204707105,12.451709249988836,4.0,2041,2044,2042
5,3465.996954434676,4,42.080128858794154,185.3525204707105,12.451709249988836,4.0,2041,2044,2043
5,3821.9052169396296,5,49.03181469391026,179.5302225576038,15.15041582116892,5.0,2045,2049,2045
5,3821.9052169396296,5,49.03181469391026,179.5302225576038,15.15041582116892,5.0,2045,2049,2046
5,3821.9052169396296,5,49.03181469391026,179.5302225576038,15.15041582116892,5.0,2045,2049,2047
5,3821.9052169396296,5,49.03181469391026,179.5302225576038,15.15041582116892,5.0,2045,2049,2048
5,3165.661350194606,6,48.070813307937485,169.7689743336147,15.360707957692583,5.0,2050,2061,2050
5,3165.661350194606,6,48.070813307937485,169.7689743336147,15.360707957692583,5.0,2050,2061,2051
5,3165.661350194606,6,48.070813307937485,169.7689743336147,15.360707957692583,5.0,2050,2061,2052
5,3165.661350194606,6,48.070813307937485,169.7689743336147,15.360707957692583,5.0,2050,2061,2053
5,3165.661350194606,6,48.070813307937485,169.7689743336147,15.360707957692583,5.0,2050,2061,2054
5,3165.661350194606,6,48.070813307937485,169.7689743336147,15.360707957692583,5.0,2050,2061,2055
5,3165.661350194606,6,48.070813307937485,169.7689743336147,15.360707957692583,5.0,2050,2061,2056
5,3165.661350194606,6,48.070813307937485,169.7689743336147,15.360707957692583,5.0,2050,2061,2057
5,3165.661350194606,6,48.070813307937485,169.7689743336147,15.360707957692583,5.0,2050,2061,2058
5,3165.661350194606,6,48.070813307937485,169.7689743336147,15.360707957692583,5.0,2050,2061,2059
5,3165.661350194606,6,48.070813307937485,169.7689743336147,15.360707957692583,5.0,2050,2061,2060
6,12018.773080861602,1,112.33697530014615,175.4255142292393,12.170230687657064,22.0,2010,2031,2010
6,12018.773080861602,1,112.33697530014615,175.4255142292393,12.170230687657064,22.0,2010,2031,2011
6,12018.773080861602,1,112.33697530014615,175.4255142292393,12.170230687657064,22.0,2010,2031,2012
6,12018.773080861602,1,112.33697530014615,175.4255142292393,12.170230687657064,22.0,2010,2031,2013
6,12018.773080861602,1,112.33697530014615,175.4255142292393,12.170230687657064,22.0,2010,2031,2014
6,12018.773080861602,1,112.33697530014615,175.4255142292393,12.170230687657064,22.0,2010,2031,2015
6,12018.773080861602,1,112.33697530014615,175.4255142292393,12.170230687657064,22.0,2010,2031,2016
6,12018.773080861602,1,112.33697530014615,175.4255142292393,12.170230687657064,22.0,2010,2031,2017
6,12018.773080861602,1,112.33697530014615,175.4255142292393,12.170230687657064,22.0,2010,2031,2018
6,12018.773080861602,1,112.33697530014615,175.4255142292393,12.170230687657064,22.0,2010,2031,2019
6,12018.773080861602,1,112.33697530014615,175.4255142292393,12.170230687657064,22.0,2010,2031,2020
6,12018.773080861602,1,112.33697530014615,175.4255142292393,12.170230687657064,22.0,2010,2031,2021
6,12018.773080861602,1,112.33697530014615,175.4255142292393,12.170230687657064,22.0,2010,2031,2022
6,12018.773080861602,1,112.33697530014615,175.4255142292393,12.170230687657064,22.0,2010,2031,2023
6,12018.773080861602,1,112.33697530014615,175.4255142292393,12.170230687657064,22.0,2010,2031,2024
6,12018.773080861602,1,112.33697530014615,175.4255142292393,12.170230687657064,22.0,2010,2031,2025
6,12018.773080861602,1,112.33697530014615,175.4255142292393,12.170230687657064,22.0,2010,2031,2026
6,12018.773080861602,1,112.33697530014615,175.4255142292393,12.170230687657064,22.0,2010,2031,2027
6,12018.773080861602,1,112.33697530014615,175.4255142292393,12.170230687657064,22.0,2010,2031,2028
6,12018.773080861602,1,112.33697530014615,175.4255142292393,12.170230687657064,22.0,2010,2031,2029
6,12018.773080861602,1,112.33697530014615,175.4255142292393,12.170230687657064,22.0,2010,2031,2030
6,4612.874929301101,2,53.6087421447294,185.92028599714007,12.881505538652902,5.0,2032,2036,2032
6,4612.874929301101,2,53.6087421447294,185.92028599714007,12.881505538652902,5.0,2032,2036,2033
6,4612.874929301101,2,53.6087421447294,185.92028599714007,12.881505538652902,5.0,2032,2036,2034
6,4612.874929301101,2,53.6087421447294,185.92028599714007,12.881505538652902,5.0,2032,2036,2035
6,4887.921882370708,3,62.59108989362048,178.06185691922795,13.881107166644778,6.0,2037,2042,2037
6,4887.921882370708,3,62.59108989362048,178.06185691922795,13.881107166644778,6.0,2037,2042,2038
6,4887.921882370708,3,62.59108989362048,178.06185691922795,13.881107166644778,6.0,2037,2042,2039
6,4887.921882370708,3,62.59108989362048,178.06185691922795,13.881107166644778,6.0,2037,2042,2040
6,4887.921882370708,3,62.59108989362048,178.06185691922795,13.881107166644778,6.0,2037,2042,2041
6,4610.685964681875,4,54.48539732774085,183.98847594605425,12.530806577270539,5.0,2043,2047,2043
6,4610.685964681875,4,54.48539732774085,183.98847594605425,12.530806577270539,5.0,2043,2047,2044
6,4610.685964681875,4,54.48539732774085,183.98847594605425,12.530806577270539,5.0,2043,2047,2045
6,4610.685964681875,4,54.48539732774085,183.98847594605425,12.530806577270539,5.0,2043,2047,2046
6,4080.05132475712,5,47.466165869141086,179.88448611225652,14.061602279627632,4.0,2048,2051,2048
6,4080.05132475712,5,47.466165869141086,179.88448611225652,14.061602279627632,4.0,2048,2051,2049
6,4080.05132475712,5,47.466165869141086,179.88448611225652,14.061602279627632,4.0,2048,2051,2050
6,3390.2211294676035,6,47.61247005318985,190.1729698224458,12.994022729801177,4.0,2052,2061,2052
6,3390.2211294676035,6,47.61247005318985,190.1729698224458,12.994022729801177,4.0,2052,2061,2053
6,3390.2211294676035,6,47.61247005318985,190.1729698224458,12.994022729801177,4.0,2052,2061,2054
6,3390.2211294676035,6,47.61247005318985,190.1729698224458,12.994022729801177,4.0,2052,2061,2055
6,3390.2211294676035,6,47.61247005318985,190.1729698224458,12.994022729801177,4.0,2052,2061,2056
6,3390.2211294676035,6,47.61247005318985,190.1729698224458,12.994022729801177,4.0,2052,2061,2057
6,3390.2211294676035,6,47.61247005318985,190.1729698224458,12.994022729801177,4.0,2052,2061,2058
6,3390.2211294676035,6,47.61247005318985,190.1729698224458,12.994022729801177,4.0,2052,2061,2059
6,3390.2211294676035,6,47.61247005318985,190.1729698224458,12.994022729801177,4.0,2052,2061,2060
7,7325.906804455407,1,81.35024811860049,171.93630985002156,12.74892996940745,19.0,2010,2028,2010
7,7325.906804455407,1,81.35024811860049,171.93630985002156,12.74892996940745,19.0,2010,2028,2011
7,7325.906804455407,1,81.35024811860049,171.93630985002156,12.74892996940745,19.0,2010,2028,2012
7,7325.906804455407,1,81.35024811860049,171.93630985002156,12.74892996940745,19.0,2010,2028,2013
7,7325.906804455407,1,81.35024811860049,171.93630985002156,12.74892996940745,19.0,2010,2028,2014
7,7325.906804455407,1,81.35024811860049,171.93630985002156,12.74892996940745,19.0,2010,2028,2015
7,7325.906804455407,1,81.35024811860049,171.93630985002156,12.74892996940745,19.0,2010,2028,2016
7,7325.906804455407,1,81.35024811860049,171.93630985002156,12.74892996940745,19.0,2010,2028,2017
7,7325.906804455407,1,81.35024811860049,171.93630985002156,12.74892996940745,19.0,2010,2028,2018
7,7325.906804455407,1,81.35024811860049,171.93630985002156,12.74892996940745,19.0,2010,2028,2019
7,7325.906804455407,1,81.35024811860049,171.93630985002156,12.74892996940745,19.0,2010,2028,2020
7,7325.906804455407,1,81.35024811860049,171.93630985002156,12.74892996940745,19.0,2010,2028,2021
7,7325.906804455407,1,81.35024811860049,171.93630985002156,12.74892996940745,19.0,2010,2028,2022
7,7325.906804455407,1,81.35024811860049,171.93630985002156,12.74892996940745,19.0,2010,2028,2023
7,7325.906804455407,1,81.35024811860049,171.93630985002156,12.74892996940745,19.0,2010,2028,2024
7,7325.906804455407,1,81.35024811860049,171.93630985002156,12.74892996940745,19.0,2010,2028,2025
7,7325.906804455407,1,81.35024811860049,171.93630985002156,12.74892996940745,19.0,2010,2028,2026
7,7325.906804455407,1,81.35024811860049,171.93630985002156,12.74892996940745,19.0,2010,2028,2027
7,4869.978745974845,2,55.71767610097935,219.40582973251065,12.278201134128814,5.0,2029,2033,2029
7,4869.978745974845,2,55.71767610097935,219.40582973251065,12.278201134128814,5.0,2029,2033,2030
7,4869.978745974845,2,55.71767610097935,219.40582973251065,12.278201134128814,5.0,2029,2033,2031
7,4869.978745974845,2,55.71767610097935,219.40582973251065,12.278201134128814,5.0,2029,2033,2032
7,4717.291076116259,3,56.31814265878067,205.62245097151737,11.608903220671701,5.0,2034,2038,2034
7,4717.291076116259,3,56.31814265878067,205.62245097151737,11.608903220671701,5.0,2034,2038,2035
7,4717.291076116259,3,56.31814265878067,205.62245097151737,11.608903220671701,5.0,2034,2038,2036
7,4717.291076116259,3,56.31814265878067,205.62245097151737,11.608903220671701,5.0,2034,2038,2037
7,3574.303018386133,4,54.58150510947198,166.01638849967625,11.231433521634667,5.0,2039,2043,2039
7,3574.303018386133,4,54.58150510947198,166.01638849967625,11.231433521634667,5.0,2039,2043,2040
7,3574.303018386133,4,54.58150510947198,166.01638849967625,11.231433521634667,5.0,2039,2043,2041
7,3574.303018386133,4,54.58150510947198,166.01638849967625,11.231433521634667,5.0,2039,2043,2042
7,3682.1836427255193,5,39.81794767466002,188.04193337457252,12.911749028291187,4.0,2044,2047,2044
7,3682.1836427255193,5,39.81794767466002,188.04193337457252,12.911749028291187,4.0,2044,2047,2045
7,3682.1836427255193,5,39.81794767466002,188.04193337457252,12.911749028291187,4.0,2044,2047,2046
7,3708.4136545386264,6,44.43839783306293,185.82804238687535,12.783377712733268,4.0,2048,2061,2048
7,3708.4136545386264,6,44.43839783306293,185.82804238687535,12.783377712733268,4.0,2048,2061,2049
7,3708.4136545386264,6,44.43839783306293,185.82804238687535,12.783377712733268,4.0,2048,2061,2050
7,3708.4136545386264,6,44.43839783306293,185.82804238687535,12.783377712733268,4.0,2048,2061,2051
7,3708.4136545386264,6,44.43839783306293,185.82804238687535,12.783377712733268,4.0,2048,2061,2052
7,3708.4136545386264,6,44.43839783306293,185.82804238687535,12.783377712733268,4.0,2048,2061,2053
7,3708.4136545386264,6,44.43839783306293,185.82804238687535,12.783377712733268,4.0,2048,2061,2054
7,3708.4136545386264,6,44.43839783306293,185.82804238687535,12.783377712733268,4.0,2048,2061,2055
7,3708.4136545386264,6,44.43839783306293,185.82804238687535,12.783377712733268,4.0,2048,2061,2056
7,3708.4136545386264,6,44.43839783306293,185.82804238687535,12.783377712733268,4.0,2048,2061,2057
7,3708.4136545386264,6,44.43839783306293,185.82804238687535,12.783377712733268,4.0,2048,2061,2058
7,3708.4136545386264,6,44.43839783306293,185.82804238687535,12.783377712733268,4.0,2048,2061,2059
7,3708.4136545386264,6,44.43839783306293,185.82804238687535,12.783377712733268,4.0,2048,2061,2060
8,10765.839784467604,1,90.02111628198469,199.58190094915298,12.553007370973786,20.0,2010,2029,2010
8,10765.839784467604,1,90.02111628198469,199.58190094915298,12.553007370973786,20.0,2010,2029,2011
8,10765.839784467604,1,90.02111628198469,199.58190094915298,12.553007370973786,20.0,2010,2029,2012
8,10765.839784467604,1,90.02111628198469,199.58190094915298,12.553007370973786,20.0,2010,2029,2013
8,10765.839784467604,1,90.02111628198469,199.58190094915298,12.553007370973786,20.0,2010,2029,2014
8,10765.839784467604,1,90.02111628198469,199.58190094915298,12.553007370973786,20.0,2010,2029,2015
8,10765.839784467604,1,90.02111628198469,199.58190094915298,12.553007370973786,20.0,2010,2029,2016
8,10765.839784467604,1,90.02111628198469,199.58190094915298,12.553007370973786,20.0,2010,2029,2017
8,10765.839784467604,1,90.02111628198469,199.58190094915298,12.553007370973786,20.0,2010,2029,2018
8,10765.839784467604,1,90.02111628198469,199.58190094915298,12.553007370973786,20.0,2010,2029,2019
8,10765.839784467604,1,90.02111628198469,199.58190094915298,12.553007370973786,20.0,2010,2029,2020
8,10765.839784467604,1,90.02111628198469,199.58190094915298,12.553007370973786,20.0,2010,2029,2021
8,10765.839784467604,1,90.02111628198469,199.58190094915298,12.553007370973786,20.0,2010,2029,2022
8,10765.839784467604,1,90.02111628198469,199.58190094915298,12.553007370973786,20.0,2010,2029,2023
8,10765.839784467604,1,90.02111628198469,199.58190094915298,12.553007370973786,20.0,2010,2029,2024
8,10765.839784467604,1,90.02111628198469,199.58190094915298,12.553007370973786,20.0,2010,2029,2025
8,10765.839784467604,1,90.02111628198469,199.58190094915298,12.553007370973786,20.0,2010,2029,2026
8,10765.839784467604,1,90.02111628198469,199.58190094915298,12.553007370973786,20.0,2010,2029,2027
8,10765.839784467604,1,90.02111628198469,199.58190094915298,12.553007370973786,20.0,2010,2029,2028
8,5220.714374910834,2,61.60248836100387,177.07006538448158,12.377894579679147,6.0,2030,2035,2030
8,5220.714374910834,2,61.60248836100387,177.07006538448158,12.377894579679147,6.0,2030,2035,2031
8,5220.714374910834,2,61.60248836100387,177.07006538448158,12.377894579679147,6.0,2030,2035,2032
8,5220.714374910834,2,61.60248836100387,177.07006538448158,12.377894579679147,6.0,2030,2035,2033
8,5220.714374910834,2,61.60248836100387,177.07006538448158,12.377894579679147,6.0,2030,2035,2034
8,5358.873457444672,3,61.160434648403374,195.9998671974372,13.374825215865897,6.0,2036,2041,2036
8,5358.873457444672,3,61.160434648403374,195.9998671974372,13.374825215865897,6.0,2036,2041,2037
8,5358.873457444672,3,61.160434648403374,195.9998671974372,13.374825215865897,6.0,2036,2041,2038
8,5358.873457444672,3,61.160434648403374,195.9998671974372,13.374825215865897,6.0,2036,2041,2039
8,5358.873457444672,3,61.160434648403374,195.9998671974372,13.374825215865897,6.0,2036,2041,2040
8,4422.565527803514,4,50.938955530906874,172.84287809841834,11.991590558901798,5.0,2042,2046,2042
8,4422.565527803514,4,50.938955530906874,172.84287809841834,11.991590558901798,5.0,2042,2046,2043
8,4422.565527803514,4,50.938955530906874,172.84287809841834,11.991590558901798,5.0,2042,2046,2044
8,4422.565527803514,4,50.938955530906874,172.84287809841834,11.991590558901798,5.0,2042,2046,2045
8,3954.517154570167,5,42.556678101287964,203.52742473959475,13.74031926345464,4.0,2047,2050,2047
8,3954.517154570167,5,42.556678101287964,203.52742473959475,13.74031926345464,4.0,2047,2050,2048
8,3954.517154570167,5,42.556678101287964,203.52742473959475,13.74031926345464,4.0,2047,2050,2049
8,5106.643791735449,6,45.83184296523301,165.25372608751277,14.550242842635967,4.0,2051,2061,2051
8,5106.643791735449,6,45.83184296523301,165.25372608751277,14.550242842635967,4.0,2051,2061,2052
8,5106.643791735449,6,45.83184296523301,165.25372608751277,14.550242842635967,4.0,2051,2061,2053
8,5106.643791735449,6,45.83184296523301,165.25372608751277,14.550242842635967,4.0,2051,2061,2054
8,5106.643791735449,6,45.83184296523301,165.25372608751277,14.550242842635967,4.0,2051,2061,2055
8,5106.643791735449,6,45.83184296523301,165.25372608751277,14.550242842635967,4.0,2051,2061,2056
8,5106.643791735449,6,45.83184296523301,165.25372608751277,14.550242842635967,4.0,2051,2061,2057
8,5106.643791735449,6,45.83184296523301,165.25372608751277,14.550242842635967,4.0,2051,2061,2058
8,5106.643791735449,6,45.83184296523301,165.25372608751277,14.550242842635967,4.0,2051,2061,2059
8,5106.643791735449,6,45.83184296523301,165.25372608751277,14.550242842635967,4.0,2051,2061,2060
9,9265.55990475828,1,103.2605326819877,196.39695594405646,13.530010502183284,21.0,2010,2030,2010
9,9265.55990475828,1,103.2605326819877,196.39695594405646,13.530010502183284,21.0,2010,2030,2011
9,9265.55990475828,1,103.2605326819877,196.39695594405646,13.530010502183284,21.0,2010,2030,2012
9,9265.55990475828,1,103.2605326819877,196.39695594405646,13.530010502183284,21.0,2010,2030,2013
9,9265.55990475828,1,103.2605326819877,196.39695594405646,13.530010502183284,21.0,2010,2030,2014
9,9265.55990475828,1,103.2605326819877,196.39695594405646,13.530010502183284,21.0,2010,2030,2015
9,9265.55990475828,1,103.2605326819877,196.39695594405646,13.530010502183284,21.0,2010,2030,2016
9,9265.55990475828,1,103.2605326819877,196.39695594405646,13.530010502183284,21.0,2010,2030,2017
9,9265.55990475828,1,103.2605326819877,196.39695594405646,13.530010502183284,21.0,2010,2030,2018
9,9265.55990475828,1,103.2605326819877,196.39695594405646,13.530010502183284,21.0,2010,2030,2019
9,9265.55990475828,1,103.2605326819877,196.39695594405646,13.530010502183284,21.0,2010,2030,2020
9,9265.55990475828,1,103.2605326819877,196.39695594405646,13.530010502183284,21.0,2010,2030,2021
9,9265.55990475828,1,103.2605326819877,196.39695594405646,13.530010502183284,21.0,2010,2030,2022
9,9265.55990475828,1,103.2605326819877,196.39695594405646,13.530010502183284,21.0,2010,2030,2023
9,9265.55990475828,1,103.2605326819877,196.39695594405646,13.530010502183284,21.0,2010,2030,2024
9,9265.55990475828,1,103.2605326819877,196.39695594405646,13.530010502183284,21.0,2010,2030,2025
9,9265.55990475828,1,103.2605326819877,196.39695594405646,13.530010502183284,21.0,2010,2030,2026
9,9265.55990475828,1,103.2605326819877,196.39695594405646,13.530010502183284,21.0,2010,2030,2027
9,9265.55990475828,1,103.2605326819877,196.39695594405646,13.530010502183284,21.0,2010,2030,2028
9,9265.55990475828,1,103.2605326819877,196.39695594405646,13.530010502183284,21.0,2010,2030,2029
9,5264.162307740736,2,73.50459440889425,163.5697389639514,11.53462956371996,7.0,2031,2037,2031
9,5264.162307740736,2,73.50459440889425,163.5697389639514,11.53462956371996,7.0,2031,2037,2032
9,5264.162307740736,2,73.50459440889425,163.5697389639514,11.53462956371996,7.0,2031,2037,2033
9,5264.162307740736,2,73.50459440889425,163.5697389639514,11.53462956371996,7.0,2031,2037,2034
9,5264.162307740736,2,73.50459440889425,163.5697389639514,11.53462956371996,7.0,2031,2037,2035
9,5264.162307740736,2,73.50459440889425,163.5697389639514,11.53462956371996,7.0,2031,2037,2036
9,4263.551424361752,3,56.90986815056761,203.0424745974405,11.745698649792757,5.0,2038,2042,2038
9,4263.551424361752,3,56.90986815056761,203.0424745974405,11.745698649792757,5.0,2038,2042,2039
9,4263.551424361752,3,56.90986815056761,203.0424745974405,11.745698649792757,5.0,2038,2042,2040
9,4263.551424361752,3,56.90986815056761,203.0424745974405,11.745698649792757,5.0,2038,2042,2041
9,4100.845992180667,4,53.98536703240455,166.3684899600714,13.372595960565462,5.0,2043,2047,2043
9,4100.845992180667,4,53.98536703240455,166.3684899600714,13.372595960565462,5.0,2043,2047,2044
9,4100.845992180667,4,53.98536703240455,166.3684899600714,13.372595960565462,5.0,2043,2047,2045
9,4100.845992180667,4,53.98536703240455,166.3684899600714,13.372595960565462,5.0,2043,2047,2046
9,4418.1275585769445,5,36.952958568911555,212.7116928214141,12.738818481250368,4.0,2048,2051,2048
9,4418.1275585769445,5,36.952958568911555,212.7116928214141,12.738818481250368,4.0,2048,2051,2049
9,4418.1275585769445,5,36.952958568911555,212.7116928214141,12.738818481250368,4.0,2048,2051,2050
9,3285.401929624985,6,47.404068153187275,181.9594002803875,13.408942673071486,4.0,2052,2061,2052
9,3285.401929624985,6,47.404068153187275,181.9594002803875,13.408942673071486,4.0,2052,2061,2053
9,3285.401929624985,6,47.404068153187275,181.9594002803875,13.408942673071486,4.0,2052,2061,2054
9,3285.401929624985,6,47.404068153187275,181.9594002803875,13.408942673071486,4.0,2052,2061,2055
9,3285.401929624985,6,47.404068153187275,181.9594002803875,13.408942673071486,4.0,2052,2061,2056
9,3285.401929624985,6,47.404068153187275,181.9594002803875,13.408942673071486,4.0,2052,2061,2057
9,3285.401929624985,6,47.404068153187275,181.9594002803875,13.408942673071486,4.0,2052,2061,2058
9,3285.401929624985,6,47.404068153187275,181.9594002803875,13.408942673071486,4.0,2052,2061,2059
9,3285.401929624985,6,47.404068153187275,181.9594002803875,13.408942673071486,4.0,2052,2061,2060
10,9129.507571158,1,85.98836611871369,199.31182601254267,11.586195152227013,20.0,2010,2029,2010
10,9129.507571158,1,85.98836611871369,199.31182601254267,11.586195152227013,20.0,2010,2029,2011
10,9129.507571158,1,85.98836611871369,199.31182601254267,11.586195152227013,20.0,2010,2029,2012
10,9129.507571158,1,85.98836611871369,199.31182601254267,11.586195152227013,20.0,2010,2029,2013
10,9129.507571158,1,85.98836611871369,199.31182601254267,11.586195152227013,20.0,2010,2029,2014
10,9129.507571158,1,85.98836611871369,199.31182601254267,11.586195152227013,20.0,2010,2029,2015
10,9129.507571158,1,85.98836611871369,199.31182601254267,11.586195152227013,20.0,2010,2029,2016
10,9129.507571158,1,85.98836611871369,199.31182601254267,11.586195152227013,20.0,2010,2029,2017
10,9129.507571158,1,85.98836611871369,199.31182601254267,11.586195152227013,20.0,2010,2029,2018
10,9129.507571158,1,85.98836611871369,199.31182601254267,11.586195152227013,20.0,2010,2029,2019
10,9129.507571158,1,85.98836611871369,199.31182601254267,11.586195152227013,20.0,2010,2029,2020
10,9129.507571158,1,85.98836611871369,199.31182601254267,11.586195152227013,20.0,2010,2029,2021
10,9129.507571158,1,85.98836611871369,199.31182601254267,11.586195152227013,20.0,2010,2029,2022
10,9129.507571158,1,85.98836611871369,199.31182601254267,11.586195152227013,20.0,2010,2029,2023
10,9129.507571158,1,85.98836611871369,199.31182601254267,11.586195152227013,20.0,2010,2029,2024
10,9129.507571158,1,85.98836611871369,199.31182601254267,11.586195152227013,20.0,2010,2029,2025
10,9129.507571158,1,85.98836611871369,199.31182601254267,11.586195152227013,20.0,2010,2029,2026
10,9129.507571158,1,85.98836611871369,199.31182601254267,11.586195152227013,20.0,2010,2029,2027
10,9129.507571158,1,85.98836611871369,199.31182601254267,11.586195152227013,20.0,2010,2029,2028
10,5235.956057707742,2,56.803427466106506,180.83842919103571,14.260607783819403,5.0,2030,2034,2030
10,5235.956057707742,2,56.803427466106506,180.83842919103571,14.260607783819403,5.0,2030,2034,2031
10,5235.956057707742,2,56.803427466106506,180.83842919103571,14.260607783819403,5.0,2030,2034,2032
10,5235.956057707742,2,56.803427466106506,180.83842919103571,14.260607783819403,5.0,2030,2034,2033
10,5594.102962986136,3,55.85290158676402,191.89287684616176,12.684116317459239,5.0,2035,2039,2035
10,5594.102962986136,3,55.85290158676402,191.89287684616176,12.684116317459239,5.0,2035,2039,2036
10,5594.102962986136,3,55.85290158676402,191.89287684616176,12.684116317459239,5.0,2035,2039,2037
10,5594.102962986136,3,55.85290158676402,191.89287684616176,12.684116317459239,5.0,2035,2039,2038
10,4159.9402406311165,4,53.91064436929996,195.84899976476163,14.705471266872447,5.0,2040,2044,2040
10,4159.9402406311165,4,53.91064436929996,195.84899976476163,14.705471266872447,5.0,2040,2044,2041
10,4159.9402406311165,4,53.91064436929996,195.84899976476163,14.705471266872447,5.0,2040,2044,2042
10,4159.9402406311165,4,53.91064436929996,195.84899976476163,14.705471266872447,5.0,2040,2044,2043
10,2803.061690205711,5,47.0095385870606,202.70315286026675,11.973191839216621,4.0,2045,2048,2045
10,2803.061690205711,5,47.0095385870606,202.70315286026675,11.973191839216621,4.0,2045,2048,2046
10,2803.061690205711,5,47.0095385870606,202.70315286026675,11.973191839216621,4.0,2045,2048,2047
10,3675.674532400396,6,46.5323633164931,165.49389158443435,11.5872585847006,4.0,2049,2061,2049
10,3675.674532400396,6,46.5323633164931,165.49389158443435,11.5872585847006,4.0,2049,2061,2050
10,3675.674532400396,6,46.5323633164931,165.49389158443435,11.5872585847006,4.0,2049,2061,2051
10,3675.674532400396,6,46.5323633164931,165.49389158443435,11.5872585847006,4.0,2049,2061,2052
10,3675.674532400396,6,46.5323633164931,165.49389158443435,11.5872585847006,4.0,2049,2061,2053
10,3675.674532400396,6,46.5323633164931,165.49389158443435,11.5872585847006,4.0,2049,2061,2054
10,3675.674532400396,6,46.5323633164931,165.49389158443435,11.5872585847006,4.0,2049,2061,2055
10,3675.674532400396,6,46.5323633164931,165.49389158443435,11.5872585847006,4.0,2049,2061,2056
10,3675.674532400396,6,46.5323633164931,165.49389158443435,11.5872585847006,4.0,2049,2061,2057
10,3675.674532400396,6,46.5323633164931,165.49389158443435,11.5872585847006,4.0,2049,2061,2058
10,3675.674532400396,6,46.5323633164931,165.49389158443435,11.5872585847006,4.0,2049,2061,2059
10,3675.674532400396,6,46.5323633164931,165.49389158443435,11.5872585847006,4.0,2049,2061,2060
11,9844.589762126716,1,88.50413503035969,173.24571888697537,12.008007207970852,20.0,2010,2029,2010
11,9844.589762126716,1,88.50413503035969,173.24571888697537,12.008007207970852,20.0,2010,2029,2011
11,9844.589762126716,1,88.50413503035969,173.24571888697537,12.008007207970852,20.0,2010,2029,2012
11,9844.589762126716,1,88.50413503035969,173.24571888697537,12.008007207970852,20.0,2010,2029,2013
11,9844.589762126716,1,88.50413503035969,173.24571888697537,12.008007207970852,20.0,2010,2029,2014
11,9844.589762126716,1,88.50413503035969,173.24571888697537,12.008007207970852,20.0,2010,2029,2015
11,9844.589762126716,1,88.50413503035969,173.24571888697537,12.008007207970852,20.0,2010,2029,2016
11,9844.589762126716,1,88.50413503035969,173.24571888697537,12.008007207970852,20.0,2010,2029,2017
11,9844.589762126716,1,88.50413503035969,173.24571888697537,12.008007207970852,20.0,2010,2029,2018
11,9844.589762126716,1,88.50413503035969,173.24571888697537,12.008007207970852,20.0,2010,2029,2019
11,9844.589762126716,1,88.50413503035969,173.24571888697537,12.008007207970852,20.0,2010,2029,2020
11,9844.589762126716,1,88.50413503035969,173.24571888697537,12.008007207970852,20.0,2010,2029,2021
11,9844.589762126716,1,88.50413503035969,173.24571888697537,12.008007207970852,20.0,2010,2029,2022
11,9844.589762126716,1,88.50413503035969,173.24571888697537,12.008007207970852,20.0,2010,2029,2023
11,9844.589762126716,1,88.50413503035969,173.24571888697537,12.008007207970852,20.0,2010,2029,2024
11,9844.589762126716,1,88.50413503035969,173.24571888697537,12.008007207970852,20.0,2010,2029,2025
11,9844.589762126716,1,88.50413503035969,173.24571888697537,12.008007207970852,20.0,2010,2029,2026
11,9844.589762126716,1,88.50413503035969,173.24571888697537,12.008007207970852,20.0,2010,2029,2027
11,9844.589762126716,1,88.50413503035969,173.24571888697537,12.008007207970852,20.0,2010,2029,2028
11,6290.476531929077,2,60.135574506779264,178.41988794884867,10.581400638299678,6.0,2030,2035,2030
11,6290.476531929077,2,60.135574506779264,178.41988794884867,10.581400638299678,6.0,2030,2035,2031
11,6290.476531929077,2,60.135574506779264,178.41988794884867,10.581400638299678,6.0,2030,2035,2032
11,6290.476531929077,2,60.135574506779264,178.41988794884867,10.581400638299678,6.0,2030,2035,2033
11,6290.476531929077,2,60.135574506779264,178.41988794884867,10.581400638299678,6.0,2030,2035,2034
11,4534.142825817149,3,58.621389916279924,169.3710492673878,12.808200812314126,5.0,2036,2040,2036
11,4534.142825817149,3,58.621389916279924,169.3710492673878,12.808200812314126,5.0,2036,2040,2037
11,4534.142825817149,3,58.621389916279924,169.3710492673878,12.808200812314126,5.0,2036,2040,2038
11,4534.142825817149,3,58.621389916279924,169.3710492673878,12.808200812314126,5.0,2036,2040,2039
11,4512.833007976687,4,53.88295751888224,168.65385513770994,12.359924676088518,5.0,2041,2045,2041
11,4512.833007976687,4,53.88295751888224,168.65385513770994,12.359924676088518,5.0,2041,2045,2042
11,4512.833007976687,4,53.88295751888224,168.65385513770994,12.359924676088518,5.0,2041,2045,2043
11,4512.833007976687,4,53.88295751888224,168.65385513770994,12.359924676088518,5.0,2041,2045,2044
11,4215.72196073917,5,41.17509538311806,177.12982346669818,10.92580474958735,4.0,2046,2049,2046
11,4215.72196073917,5,41.17509538311806,177.12982346669818,10.92580474958735,4.0,2046,2049,2047
11,4215.72196073917,5,41.17509538311806,177.12982346669818,10.92580474958735,4.0,2046,2049,2048
11,5172.819798236573,6,38.023048326774415,184.56266818221215,13.742476079287517,4.0,2050,2061,2050
11,5172.819798236573,6,38.023048326774415,184.56266818221215,13.742476079287517,4.0,2050,2061,2051
11,5172.819798236573,6,38.023048326774415,184.56266818221215,13.742476079287517,4.0,2050,2061,2052
11,5172.819798236573,6,38.023048326774415,184.56266818221215,13.742476079287517,4.0,2050,2061,2053
11,5172.819798236573,6,38.023048326774415,184.56266818221215,13.742476079287517,4.0,2050,2061,2054
11,5172.819798236573,6,38.023048326774415,184.56266818221215,13.742476079287517,4.0,2050,2061,2055
11,5172.819798236573,6,38.023048326774415,184.56266818221215,13.742476079287517,4.0,2050,2061,2056
11,5172.819798236573,6,38.023048326774415,184.56266818221215,13.742476079287517,4.0,2050,2061,2057
11,5172.819798236573,6,38.023048326774415,184.56266818221215,13.742476079287517,4.0,2050,2061,2058
11,5172.819798236573,6,38.023048326774415,184.56266818221215,13.742476079287517,4.0,2050,2061,2059
11,5172.819798236573,6,38.023048326774415,184.56266818221215,13.742476079287517,4.0,2050,2061,2060
12,9795.733585696757,1,110.12615040212805,163.91597724585702,10.449590476645321,22.0,2010,2031,2010
12,9795.733585696757,1,110.12615040212805,163.91597724585702,10.449590476645321,22.0,2010,2031,2011
12,9795.733585696757,1,110.12615040212805,163.91597724585702,10.449590476645321,22.0,2010,2031,2012
12,9795.733585696757,1,110.12615040212805,163.91597724585702,10.449590476645321,22.0,2010,2031,2013
12,9795.733585696757,1,110.12615040212805,163.91597724585702,10.449590476645321,22.0,2010,2031,2014
12,9795.733585696757,1,110.12615040212805,163.91597724585702,10.449590476645321,22.0,2010,2031,2015
12,9795.733585696757,1,110.12615040212805,163.91597724585702,10.449590476645321,22.0,2010,2031,2016
12,9795.733585696757,1,110.12615040212805,163.91597724585702,10.449590476645321,22.0,2010,2031,2017
12,9795.733585696757,1,110.12615040212805,163.91597724585702,10.449590476645321,22.0,2010,2031,2018
12,9795.733585696757,1,110.12615040212805,163.91597724585702,10.449590476645321,22.0,2010,2031,2019
12,9795.733585696757,1,110.12615040212805,163.91597724585702,10.449590476645321,22.0,2010,2031,2020
12,9795.733585696757,1,110.12615040212805,163.91597724585702,10.449590476645321,22.0,2010,2031,2021
12,9795.733585696757,1,110.12615040212805,163.91597724585702,10.449590476645321,22.0,2010,2031,2022
12,9795.733585696757,1,110.12615040212805,163.91597724585702,10.449590476645321,22.0,2010,2031,2023
12,9795.733585696757,1,110.12615040212805,163.91597724585702,10.449590476645321,22.0,2010,2031,2024
12,9795.733585696757,1,110.12615040212805,163.91597724585702,10.449590476645321,22.0,2010,2031,2025
12,9795.733585696757,1,110.12615040212805,163.91597724585702,10.449590476645321,22.0,2010,2031,2026
12,9795.733585696757,1,110.12615040212805,163.91597724585702,10.449590476645321,22.0,2010,2031,2027
12,9795.733585696757,1,110.12615040212805,163.91597724585702,10.449590476645321,22.0,2010,2031,2028
12,9795.733585696757,1,110.12615040212805,163.91597724585702,10.449590476645321,22.0,2010,2031,2029
12,9795.733585696757,1,110.12615040212805,163.91597724585702,10.449590476645321,22.0,2010,2031,2030
12,7713.71007042435,2,80.0752057448921,205.83789406510215,15.780847290936503,7.0,2032,2038,2032
12,7713.71007042435,2,80.0752057448921,205.83789406510215,15.780847290936503,7.0,2032,2038,2033
12,7713.71007042435,2,80.0752057448921,205.83789406510215,15.780847290936503,7.0,2032,2038,2034
12,7713.71007042435,2,80.0752057448921,205.83789406510215,15.780847290936503,7.0,2032,2038,2035
12,7713.71007042435,2,80.0752057448921,205.83789406510215,15.780847290936503,7.0,2032,2038,2036
12,7713.71007042435,2,80.0752057448921,205.83789406510215,15.780847290936503,7.0,2032,2038,2037
12,5152.967257773586,3,61.92215804145069,187.70533907180874,15.084118872626327,6.0,2039,2044,2039
12,5152.967257773586,3,61.92215804145069,187.70533907180874,15.084118872626327,6.0,2039,2044,2040
12,5152.967257773586,3,61.92215804145069,187.70533907180874,15.084118872626327,6.0,2039,2044,2041
12,5152.967257773586,3,61.92215804145069,187.70533907180874,15.084118872626327,6.0,2039,2044,2042
12,5152.967257773586,3,61.92215804145069,187.70533907180874,15.084118872626327,6.0,2039,2044,2043
12,4301.005906665344,4,58.192252627025354,207.54895690820288,12.624781751749271,5.0,2045,2049,2045
12,4301.005906665344,4,58.192252627025354,207.54895690820288,12.624781751749271,5.0,2045,2049,2046
12,4301.005906665344,4,58.192252627025354,207.54895690820288,12.624781751749271,5.0,2045,2049,2047
12,4301.005906665344,4,58.192252627025354,207.54895690820288,12.624781751749271,5.0,2045,2049,2048
12,3895.434237025536,5,40.28139420256186,179.03669220007737,13.17758317438189,4.0,2050,2053,2050
12,3895.434237025536,5,40.28139420256186,179.03669220007737,13.17758317438189,4.0,2050,2053,2051
12,3895.434237025536,5,40.28139420256186,179.03669220007737,13.17758317438189,4.0,2050,2053,2052
12,3506.4055329612524,6,43.685735908162265,186.6040558528419,12.44073821693544,4.0,2054,2061,2054
12,3506.4055329612524,6,43.685735908162265,186.6040558528419,12.44073821693544,4.0,2054,2061,2055
12,3506.4055329612524,6,43.685735908162265,186.6040558528419,12.44073821693544,4.0,2054,2061,2056
12,3506.4055329612524,6,43.685735908162265,186.6040558528419,12.44073821693544,4.0,2054,2061,2057
12,3506.4055329612524,6,43.685735908162265,186.6040558528419,12.44073821693544,4.0,2054,2061,2058
12,3506.4055329612524,6,43.685735908162265,186.6040558528419,12.44073821693544,4.0,2054,2061,2059
12,3506.4055329612524,6,43.685735908162265,186.6040558528419,12.44073821693544,4.0,2054,2061,2060
13,13473.184514670696,1,116.20484664832782,180.11768128162737,11.681795621091739,22.0,2010,2031,2010
13,13473.184514670696,1,116.20484664832782,180.11768128162737,11.681795621091739,22.0,2010,2031,2011
13,13473.184514670696,1,116.20484664832782,180.11768128162737,11.681795621091739,22.0,2010,2031,2012
13,13473.184514670696,1,116.20484664832782,180.11768128162737,11.681795621091739,22.0,2010,2031,2013
13,13473.184514670696,1,116.20484664832782,180.11768128162737,11.681795621091739,22.0,2010,2031,2014
13,13473.184514670696,1,116.20484664832782,180.11768128162737,11.681795621091739,22.0,2010,2031,2015
13,13473.184514670696,1,116.20484664832782,180.11768128162737,11.681795621091739,22.0,2010,2031,2016
13,13473.184514670696,1,116.20484664832782,180.11768128162737,11.681795621091739,22.0,2010,2031,2017
13,13473.184514670696,1,116.20484664832782,180.11768128162737,11.681795621091739,22.0,2010,2031,2018
13,13473.184514670696,1,116.20484664832782,180.11768128162737,11.681795621091739,22.0,2010,2031,2019
13,13473.184514670696,1,116.20484664832782,180.11768128162737,11.681795621091739,22.0,2010,2031,2020
13,13473.184514670696,1,116.20484664832782,180.11768128162737,11.681795621091739,22.0,2010,2031,2021
13,13473.184514670696,1,116.20484664832782,180.11768128162737,11.681795621091739,22.0,2010,2031,2022
13,13473.184514670696,1,116.20484664832782,180.11768128162737,11.681795621091739,22.0,2010,2031,2023
13,13473.184514670696,1,116.20484664832782,180.11768128162737,11.681795621091739,22.0,2010,2031,2024
13,13473.184514670696,1,116.20484664832782,180.11768128162737,11.681795621091739,22.0,2010,2031,2025
13,13473.184514670696,1,116.20484664832782,180.11768128162737,11.681795621091739,22.0,2010,2031,2026
13,13473.184514670696,1,116.20484664832782,180.11768128162737,11.681795621091739,22.0,2010,2031,2027
13,13473.184514670696,1,116.20484664832782,180.11768128162737,11.681795621091739,22.0,2010,2031,2028
13,13473.184514670696,1,116.20484664832782,180.11768128162737,11.681795621091739,22.0,2010,2031,2029
13,13473.184514670696,1,116.20484664832782,180.11768128162737,11.681795621091739,22.0,2010,2031,2030
13,6394.385582538615,2,64.12678150524425,205.24798968213548,15.561385603200598,6.0,2032,2037,2032
13,6394.385582538615,2,64.12678150524425,205.24798968213548,15.561385603200598,6.0,2032,2037,2033
13,6394.385582538615,2,64.12678150524425,205.24798968213548,15.561385603200598,6.0,2032,2037,2034
13,6394.385582538615,2,64.12678150524425,205.24798968213548,15.561385603200598,6.0,2032,2037,2035
13,6394.385582538615,2,64.12678150524425,205.24798968213548,15.561385603200598,6.0,2032,2037,2036
13,3567.3931314183433,3,46.72801168005769,193.12562230544398,11.729903821257006,4.0,2038,2041,2038
13,3567.3931314183433,3,46.72801168005769,193.12562230544398,11.729903821257006,4.0,2038,2041,2039
13,3567.3931314183433,3,46.72801168005769,193.12562230544398,11.729903821257006,4.0,2038,2041,2040
13,4018.6212945776642,4,41.75297050535668,167.1119156335855,14.611466260901887,4.0,2042,2045,2042
13,4018.6212945776642,4,41.75297050535668,167.1119156335855,14.611466260901887,4.0,2042,2045,2043
13,4018.6212945776642,4,41.75297050535668,167.1119156335855,14.611466260901887,4.0,2042,2045,2044
13,5330.746508824665,5,48.550625717891,170.62568615773145,10.99330533021308,5.0,2046,2050,2046
13,5330.746508824665,5,48.550625717891,170.62568615773145,10.99330533021308,5.0,2046,2050,2047
13,5330.746508824665,5,48.550625717891,170.62568615773145,10.99330533021308,5.0,2046,2050,2048
13,5330.746508824665,5,48.550625717891,170.62568615773145,10.99330533021308,5.0,2046,2050,2049
13,3163.89947032316,6,44.71265442443228,203.41305399815383,10.27731275019843,4.0,2051,2061,2051
13,3163.89947032316,6,44.71265442443228,203.41305399815383,10.27731275019843,4.0,2051,2061,2052
13,3163.89947032316,6,44.71265442443228,203.41305399815383,10.27731275019843,4.0,2051,2061,2053
13,3163.89947032316,6,44.71265442443228,203.41305399815383,10.27731275019843,4.0,2051,2061,2054
13,3163.89947032316,6,44.71265442443228,203.41305399815383,10.27731275019843,4.0,2051,2061,2055
13,3163.89947032316,6,44.71265442443228,203.41305399815383,10.27731275019843,4.0,2051,2061,2056
13,3163.89947032316,6,44.71265442443228,203.41305399815383,10.27731275019843,4.0,2051,2061,2057
13,3163.89947032316,6,44.71265442443228,203.41305399815383,10.27731275019843,4.0,2051,2061,2058
13,3163.89947032316,6,44.71265442443228,203.41305399815383,10.27731275019843,4.0,2051,2061,2059
13,3163.89947032316,6,44.71265442443228,203.41305399815383,10.27731275019843,4.0,2051,2061,2060
14,10197.649754537868,1,107.55887959155564,198.66068411012833,12.308919757115989,21.0,2010,2030,2010
14,10197.649754537868,1,107.55887959155564,198.66068411012833,12.308919757115989,21.0,2010,2030,2011
14,10197.649754537868,1,107.55887959155564,198.66068411012833,12.308919757115989,21.0,2010,2030,2012
14,10197.649754537868,1,107.55887959155564,198.66068411012833,12.308919757115989,21.0,2010,2030,2013
14,10197.649754537868,1,107.55887959155564,198.66068411012833,12.308919757115989,21.0,2010,2030,2014
14,10197.649754537868,1,107.55887959155564,198.66068411012833,12.308919757115989,21.0,2010,2030,2015
14,10197.649754537868,1,107.55887959155564,198.66068411012833,12.308919757115989,21.0,2010,2030,2016
14,10197.649754537868,1,107.55887959155564,198.66068411012833,12.308919757115989,21.0,2010,2030,2017
14,10197.649754537868,1,107.55887959155564,198.66068411012833,12.308919757115989,21.0,2010,2030,2018
14,10197.649754537868,1,107.55887959155564,198.66068411012833,12.308919757115989,21.0,2010,2030,2019
14,10197.649754537868,1,107.55887959155564,198.66068411012833,12.308919757115989,21.0,2010,2030,2020
14,10197.649754537868,1,107.55887959155564,198.66068411012833,12.308919757115989,21.0,2010,2030,2021
14,10197.649754537868,1,107.55887959155564,198.66068411012833,12.308919757115989,21.0,2010,2030,2022
14,10197.649754537868,1,107.55887959155564,198.66068411012833,12.308919757115989,21.0,2010,2030,2023
14,10197.649754537868,1,107.55887959155564,198.66068411012833,12.308919757115989,21.0,2010,2030,2024
14,10197.649754537868,1,107.55887959155564,198.66068411012833,12.308919757115989,21.0,2010,2030,2025
14,10197.649754537868,1,107.55887959155564,198.66068411012833,12.308919757115989,21.0,2010,2030,2026
14,10197.649754537868,1,107.55887959155564,198.66068411012833,12.308919757115989,21.0,2010,2030,2027
14,10197.649754537868,1,107.55887959155564,198.66068411012833,12.308919757115989,21.0,2010,2030,2028
14,10197.649754537868,1,107.55887959155564,198.66068411012833,12.308919757115989,21.0,2010,2030,2029
14,4901.156559864648,2,72.44522238227276,167.97564712299427,11.34297551059328,7.0,2031,2037,2031
14,4901.156559864648,2,72.44522238227276,167.97564712299427,11.34297551059328,7.0,2031,2037,2032
14,4901.156559864648,2,72.44522238227276,167.97564712299427,11.34297551059328,7.0,2031,2037,2033
14,4901.156559864648,2,72.44522238227276,167.97564712299427,11.34297551059328,7.0,2031,2037,2034
14,4901.156559864648,2,72.44522238227276,167.97564712299427,11.34297551059328,7.0,2031,2037,2035
14,4901.156559864648,2,72.44522238227276,167.97564712299427,11.34297551059328,7.0,2031,2037,2036
14,4106.167559942178,3,47.53374576352919,173.55955095095584,11.657487591259324,4.0,2038,2041,2038
14,4106.167559942178,3,47.53374576352919,173.55955095095584,11.657487591259324,4.0,2038,2041,2039
14,4106.167559942178,3,47.53374576352919,173.55955095095584,11.657487591259324,4.0,2038,2041,2040
14,4946.875840272283,4,55.9916239924886,164.32037095324094,13.086373276339714,5.0,2042,2046,2042
14,4946.875840272283,4,55.9916239924886,164.32037095324094,13.086373276339714,5.0,2042,2046,2043
14,4946.875840272283,4,55.9916239924886,164.32037095324094,13.086373276339714,5.0,2042,2046,2044
14,4946.875840272283,4,55.9916239924886,164.32037095324094,13.086373276339714,5.0,2042,2046,2045
14,4552.644416103683,5,40.632588924400224,165.72762979211586,13.805136575582708,4.0,2047,2050,2047
14,4552.644416103683,5,40.632588924400224,165.72762979211586,13.805136575582708,4.0,2047,2050,2048
14,4552.644416103683,5,40.632588924400224,165.72762979211586,13.805136575582708,4.0,2047,2050,2049
14,3419.3699923040335,6,48.15091624484972,164.26117384685747,16.24643473118374,5.0,2051,2061,2051
14,3419.3699923040335,6,48.15091624484972,164.26117384685747,16.24643473118374,5.0,2051,2061,2052
14,3419.3699923040335,6,48.15091624484972,164.26117384685747,16.24643473118374,5.0,2051,2061,2053
14,3419.3699923040335,6,48.15091624484972,164.26117384685747,16.24643473118374,5.0,2051,2061,2054
14,3419.3699923040335,6,48.15091624484972,164.26117384685747,16.24643473118374,5.0,2051,2061,2055
14,3419.3699923040335,6,48.15091624484972,164.26117384685747,16.24643473118374,5.0,2051,2061,2056
14,3419.3699923040335,6,48.15091624484972,164.26117384685747,16.24643473118374,5.0,2051,2061,2057
14,3419.3699923040335,6,48.15091624484972,164.26117384685747,16.24643473118374,5.0,2051,2061,2058
14,3419.3699923040335,6,48.15091624484972,164.26117384685747,16.24643473118374,5.0,2051,2061,2059
14,3419.3699923040335,6,48.15091624484972,164.26117384685747,16.24643473118374,5.0,2051,2061,2060
15,12268.836856559112,1,113.71363549454686,181.64972967363016,14.52509990425227,22.0,2010,2031,2010
15,12268.836856559112,1,113.71363549454686,181.64972967363016,14.52509990425227,22.0,2010,2031,2011
15,12268.836856559112,1,113.71363549454686,181.64972967363016,14.52509990425227,22.0,2010,2031,2012
15,12268.836856559112,1,113.71363549454686,181.64972967363016,14.52509990425227,22.0,2010,2031,2013
15,12268.836856559112,1,113.71363549454686,181.64972967363016,14.52509990425227,22.0,2010,2031,2014
15,12268.836856559112,1,113.71363549454686,181.64972967363016,14.52509990425227,22.0,2010,2031,2015
15,12268.836856559112,1,113.71363549454686,181.64972967363016,14.52509990425227,22.0,2010,2031,2016
15,12268.836856559112,1,113.71363549454686,181.64972967363016,14.52509990425227,22.0,2010,2031,2017
15,12268.836856559112,1,113.71363549454686,181.64972967363016,14.52509990425227,22.0,2010,2031,2018
15,12268.836856559112,1,113.71363549454686,181.64972967363016,14.52509990425227,22.0,2010,2031,2019
15,12268.836856559112,1,113.71363549454686,181.64972967363016,14.52509990425227,22.0,2010,2031,2020
15,12268.836856559112,1,113.71363549454686,181.64972967363016,14.52509990425227,22.0,2010,2031,2021
15,12268.836856559112,1,113.71363549454686,181.64972967363016,14.52509990425227,22.0,2010,2031,2022
15,12268.836856559112,1,113.71363549454686,181.64972967363016,14.52509990425227,22.0,2010,2031,2023
15,12268.836856559112,1,113.71363549454686,181.64972967363016,14.52509990425227,22.0,2010,2031,2024
15,12268.836856559112,1,113.71363549454686,181.64972967363016,14.52509990425227,22.0,2010,2031,2025
15,12268.836856559112,1,113.71363549454686,181.64972967363016,14.52509990425227,22.0,2010,2031,2026
15,12268.836856559112,1,113.71363549454686,181.64972967363016,14.52509990425227,22.0,2010,2031,2027
15,12268.836856559112,1,113.71363549454686,181.64972967363016,14.52509990425227,22.0,2010,2031,2028
15,12268.836856559112,1,113.71363549454686,181.64972967363016,14.52509990425227,22.0,2010,2031,2029
15,12268.836856559112,1,113.71363549454686,181.64972967363016,14.52509990425227,22.0,2010,2031,2030
15,3951.2502787846443,2,54.6514307501004,204.795165942584,11.571640509707102,5.0,2032,2036,2032
15,3951.2502787846443,2,54.6514307501004,204.795165942584,11.571640509707102,5.0,2032,2036,2033
15,3951.2502787846443,2,54.6514307501004,204.795165942584,11.571640509707102,5.0,2032,2036,2034
15,3951.2502787846443,2,54.6514307501004,204.795165942584,11.571640509707102,5.0,2032,2036,2035
15,4575.351136679398,3,62.22258993583975,194.8579364062352,10.786665458806366,6.0,2037,2042,2037
15,4575.351136679398,3,62.22258993583975,194.8579364062352,10.786665458806366,6.0,2037,2042,2038
15,4575.351136679398,3,62.22258993583975,194.8579364062352,10.786665458806366,6.0,2037,2042,2039
15,4575.351136679398,3,62.22258993583975,194.8579364062352,10.786665458806366,6.0,2037,2042,2040
15,4575.351136679398,3,62.22258993583975,194.8579364062352,10.786665458806366,6.0,2037,2042,2041
15,3285.430362010831,4,49.2464086898448,177.81802695749226,13.408962151365795,5.0,2043,2047,2043
15,3285.430362010831,4,49.2464086898448,177.81802695749226,13.408962151365795,5.0,2043,2047,2044
15,3285.430362010831,4,49.2464086898448,177.81802695749226,13.408962151365795,5.0,2043,2047,2045
15,3285.430362010831,4,49.2464086898448,177.81802695749226,13.408962151365795,5.0,2043,2047,2046
15,4111.2095109569655,5,38.347564706514845,185.03153955604162,13.958933449128354,4.0,2048,2051,2048
15,4111.2095109569655,5,38.347564706514845,185.03153955604162,13.958933449128354,4.0,2048,2051,2049
15,4111.2095109569655,5,38.347564706514845,185.03153955604162,13.958933449128354,4.0,2048,2051,2050
15,3672.12434767262,6,40.673292427971376,170.6186071966067,15.042497243614267,4.0,2052,2061,2052
15,3672.12434767262,6,40.673292427971376,170.6186071966067,15.042497243614267,4.0,2052,2061,2053
15,3672.12434767262,6,40.673292427971376,170.6186071966067,15.042497243614267,4.0,2052,2061,2054
15,3672.12434767262,6,40.673292427971376,170.6186071966067,15.042497243614267,4.0,2052,2061,2055
15,3672.12434767262,6,40.673292427971376,170.6186071966067,15.042497243614267,4.0,2052,2061,2056
15,3672.12434767262,6,40.673292427971376,170.6186071966067,15.042497243614267,4.0,2052,2061,2057
15,3672.12434767262,6,40.673292427971376,170.6186071966067,15.042497243614267,4.0,2052,2061,2058
15,3672.12434767262,6,40.673292427971376,170.6186071966067,15.042497243614267,4.0,2052,2061,2059
15,3672.12434767262,6,40.673292427971376,170.6186071966067,15.042497243614267,4.0,2052,2061,2060
16,11687.048739516667,1,114.619234456342,163.6018480015456,12.080146848973211,22.0,2010,2031,2010
16,11687.048739516667,1,114.619234456342,163.6018480015456,12.080146848973211,22.0,2010,2031,2011
16,11687.048739516667,1,114.619234456342,163.6018480015456,12.080146848973211,22.0,2010,2031,2012
16,11687.048739516667,1,114.619234456342,163.6018480015456,12.080146848973211,22.0,2010,2031,2013
16,11687.048739516667,1,114.619234456342,163.6018480015456,12.080146848973211,22.0,2010,2031,2014
16,11687.048739516667,1,114.619234456342,163.6018480015456,12.080146848973211,22.0,2010,2031,2015
16,11687.048739516667,1,114.619234456342,163.6018480015456,12.080146848973211,22.0,2010,2031,2016
16,11687.048739516667,1,114.619234456342,163.6018480015456,12.080146848973211,22.0,2010,2031,2017
16,11687.048739516667,1,114.619234456342,163.6018480015456,12.080146848973211,22.0,2010,2031,2018
16,11687.048739516667,1,114.619234456342,163.6018480015456,12.080146848973211,22.0,2010,2031,2019
16,11687.048739516667,1,114.619234456342,163.6018480015456,12.080146848973211,22.0,2010,2031,2020
16,11687.048739516667,1,114.619234456342,163.6018480015456,12.080146848973211,22.0,2010,2031,2021
16,11687.048739516667,1,114.619234456342,163.6018480015456,12.080146848973211,22.0,2010,2031,2022
16,11687.048739516667,1,114.619234456342,163.6018480015456,12.080146848973211,22.0,2010,2031,2023
16,11687.048739516667,1,114.619234456342,163.6018480015456,12.080146848973211,22.0,2010,2031,2024
16,11687.048739516667,1,114.619234456342,163.6018480015456,12.080146848973211,22.0,2010,2031,2025
16,11687.048739516667,1,114.619234456342,163.6018480015456,12.080146848973211,22.0,2010,2031,2026
16,11687.048739516667,1,114.619234456342,163.6018480015456,12.080146848973211,22.0,2010,2031,2027
16,11687.048739516667,1,114.619234456342,163.6018480015456,12.080146848973211,22.0,2010,2031,2028
16,11687.048739516667,1,114.619234456342,163.6018480015456,12.080146848973211,22.0,2010,2031,2029
16,11687.048739516667,1,114.619234456342,163.6018480015456,12.080146848973211,22.0,2010,2031,2030
16,5046.95410703384,2,54.64572888067122,173.82099108668316,13.666546560136528,5.0,2032,2036,2032
16,5046.95410703384,2,54.64572888067122,173.82099108668316,13.666546560136528,5.0,2032,2036,2033
16,5046.95410703384,2,54.64572888067122,173.82099108668316,13.666546560136528,5.0,2032,2036,2034
16,5046.95410703384,2,54.64572888067122,173.82099108668316,13.666546560136528,5.0,2032,2036,2035
16,3589.831758692349,3,44.61323939061445,209.77075589270555,10.628896301854615,4.0,2037,2040,2037
16,3589.831758692349,3,44.61323939061445,209.77075589270555,10.628896301854615,4.0,2037,2040,2038
16,3589.831758692349,3,44.61323939061445,209.77075589270555,10.628896301854615,4.0,2037,2040,2039
16,4208.992844173422,4,41.66207846883942,206.17508422908134,10.71042418128873,4.0,2041,2044,2041
16,4208.992844173422,4,41.66207846883942,206.17508422908134,10.71042418128873,4.0,2041,2044,2042
16,4208.992844173422,4,41.66207846883942,206.17508422908134,10.71042418128873,4.0,2041,2044,2043
16,5250.539537458643,5,42.49930542531948,204.65164176758674,14.514546866494499,4.0,2045,2048,2045
16,5250.539537458643,5,42.49930542531948,204.65164176758674,14.514546866494499,4.0,2045,2048,2046
16,5250.539537458643,5,42.49930542531948,204.65164176758674,14.514546866494499,4.0,2045,2048,2047
16,3739.173247243638,6,45.74288937961529,199.40271391620456,13.320214689807877,4.0,2049,2061,2049
16,3739.173247243638,6,45.74288937961529,199.40271391620456,13.320214689807877,4.0,2049,2061,2050
16,3739.173247243638,6,45.74288937961529,199.40271391620456,13.320214689807877,4.0,2049,2061,2051
16,3739.173247243638,6,45.74288937961529,199.40271391620456,13.320214689807877,4.0,2049,2061,2052
16,3739.173247243638,6,45.74288937961529,199.40271391620456,13.320214689807877,4.0,2049,2061,2053
16,3739.173247243638,6,45.74288937961529,199.40271391620456,13.320214689807877,4.0,2049,2061,2054
16,3739.173247243638,6,45.74288937961529,199.40271391620456,13.320214689807877,4.0,2049,2061,2055
16,3739.173247243638,6,45.74288937961529,199.40271391620456,13.320214689807877,4.0,2049,2061,2056
16,3739.173247243638,6,45.74288937961529,199.40271391620456,13.320214689807877,4.0,2049,2061,2057
16,3739.173247243638,6,45.74288937961529,199.40271391620456,13.320214689807877,4.0,2049,2061,2058
16,3739.173247243638,6,45.74288937961529,199.40271391620456,13.320214689807877,4.0,2049,2061,2059
16,3739.173247243638,6,45.74288937961529,199.40271391620456,13.320214689807877,4.0,2049,2061,2060
17,11792.513678635525,1,108.60218720630505,168.78011233604775,14.784219184421158,22.0,2010,2031,2010
17,11792.513678635525,1,108.60218720630505,168.78011233604775,14.784219184421158,22.0,2010,2031,2011
17,11792.513678635525,1,108.60218720630505,168.78011233604775,14.784219184421158,22.0,2010,2031,2012
17,11792.513678635525,1,108.60218720630505,168.78011233604775,14.784219184421158,22.0,2010,2031,2013
17,11792.513678635525,1,108.60218720630505,168.78011233604775,14.784219184421158,22.0,2010,2031,2014
17,11792.513678635525,1,108.60218720630505,168.78011233604775,14.784219184421158,22.0,2010,2031,2015
17,11792.513678635525,1,108.60218720630505,168.78011233604775,14.784219184421158,22.0,2010,2031,2016
17,11792.513678635525,1,108.60218720630505,168.78011233604775,14.784219184421158,22.0,2010,2031,2017
17,11792.513678635525,1,108.60218720630505,168.78011233604775,14.784219184421158,22.0,2010,2031,2018
17,11792.513678635525,1,108.60218720630505,168.78011233604775,14.784219184421158,22.0,2010,2031,2019
17,11792.513678635525,1,108.60218720630505,168.78011233604775,14.784219184421158,22.0,2010,2031,2020
17,11792.513678635525,1,108.60218720630505,168.78011233604775,14.784219184421158,22.0,2010,2031,2021
17,11792.513678635525,1,108.60218720630505,168.78011233604775,14.784219184421158,22.0,2010,2031,2022
17,11792.513678635525,1,108.60218720630505,168.78011233604775,14.784219184421158,22.0,2010,2031,2023
17,11792.513678635525,1,108.60218720630505,168.78011233604775,14.784219184421158,22.0,2010,2031,2024
17,11792.513678635525,1,108.60218720630505,168.78011233604775,14.784219184421158,22.0,2010,2031,2025
17,11792.513678635525,1,108.60218720630505,168.78011233604775,14.784219184421158,22.0,2010,2031,2026
17,11792.513678635525,1,108.60218720630505,168.78011233604775,14.784219184421158,22.0,2010,2031,2027
17,11792.513678635525,1,108.60218720630505,168.78011233604775,14.784219184421158,22.0,2010,2031,2028
17,11792.513678635525,1,108.60218720630505,168.78011233604775,14.784219184421158,22.0,2010,2031,2029
17,11792.513678635525,1,108.60218720630505,168.78011233604775,14.784219184421158,22.0,2010,2031,2030
17,4513.329528105057,2,55.950732594579684,208.44416754432766,10.410618581155791,5.0,2032,2036,2032
17,4513.329528105057,2,55.950732594579684,208.44416754432766,10.410618581155791,5.0,2032,2036,2033
17,4513.329528105057,2,55.950732594579684,208.44416754432766,10.410618581155791,5.0,2032,2036,2034
17,4513.329528105057,2,55.950732594579684,208.44416754432766,10.410618581155791,5.0,2032,2036,2035
17,5684.965964890948,3,54.1848141893043,166.78175004913692,14.166826712336366,5.0,2037,2041,2037
17,5684.965964890948,3,54.1848141893043,166.78175004913692,14.166826712336366,5.0,2037,2041,2038
17,5684.965964890948,3,54.1848141893043,166.78175004913692,14.166826712336366,5.0,2037,2041,2039
17,5684.965964890948,3,54.1848141893043,166.78175004913692,14.166826712336366,5.0,2037,2041,2040
17,4300.183820120266,4,41.92881394531047,163.98139071507367,10.146614737842677,4.0,2042,2045,2042
17,4300.183820120266,4,41.92881394531047,163.98139071507367,10.146614737842677,4.0,2042,2045,2043
17,4300.183820120266,4,41.92881394531047,163.98139071507367,10.146614737842677,4.0,2042,2045,2044
17,4638.460948828999,5,38.44723981270948,191.17657495451,13.926718952741247,4.0,2046,2049,2046
17,4638.460948828999,5,38.44723981270948,191.17657495451,13.926718952741247,4.0,2046,2049,2047
17,4638.460948828999,5,38.44723981270948,191.17657495451,13.926718952741247,4.0,2046,2049,2048
17,3944.2482281699736,6,50.489150554645214,187.34723473201979,14.11232464295651,5.0,2050,2061,2050
17,3944.2482281699736,6,50.489150554645214,187.34723473201979,14.11232464295651,5.0,2050,2061,2051
17,3944.2482281699736,6,50.489150554645214,187.34723473201979,14.11232464295651,5.0,2050,2061,2052
17,3944.2482281699736,6,50.489150554645214,187.34723473201979,14.11232464295651,5.0,2050,2061,2053
17,3944.2482281699736,6,50.489150554645214,187.34723473201979,14.11232464295651,5.0,2050,2061,2054
17,3944.2482281699736,6,50.489150554645214,187.34723473201979,14.11232464295651,5.0,2050,2061,2055
17,3944.2482281699736,6,50.489150554645214,187.34723473201979,14.11232464295651,5.0,2050,2061,2056
17,3944.2482281699736,6,50.489150554645214,187.34723473201979,14.11232464295651,5.0,2050,2061,2057
17,3944.2482281699736,6,50.489150554645214,187.34723473201979,14.11232464295651,5.0,2050,2061,2058
17,3944.2482281699736,6,50.489150554645214,187.34723473201979,14.11232464295651,5.0,2050,2061,2059
17,3944.2482281699736,6,50.489150554645214,187.34723473201979,14.11232464295651,5.0,2050,2061,2060
18,7754.483466578662,1,81.14926128770041,193.8651194458326,13.570410016152602,19.0,2010,2028,2010
18,7754.483466578662,1,81.14926128770041,193.8651194458326,13.570410016152602,19.0,2010,2028,2011
18,7754.483466578662,1,81.14926128770041,193.8651194458326,13.570410016152602,19.0,2010,2028,2012
18,7754.483466578662,1,81.14926128770041,193.8651194458326,13.570410016152602,19.0,2010,2028,2013
18,7754.483466578662,1,81.14926128770041,193.8651194458326,13.570410016152602,19.0,2010,2028,2014
18,7754.483466578662,1,81.14926128770041,193.8651194458326,13.570410016152602,19.0,2010,2028,2015
18,7754.483466578662,1,81.14926128770041,193.8651194458326,13.570410016152602,19.0,2010,2028,2016
18,7754.483466578662,1,81.14926128770041,193.8651194458326,13.570410016152602,19.0,2010,2028,2017
18,7754.483466578662,1,81.14926128770041,193.8651194458326,13.570410016152602,19.0,2010,2028,2018
18,7754.483466578662,1,81.14926128770041,193.8651194458326,13.570410016152602,19.0,2010,2028,2019
18,7754.483466578662,1,81.14926128770041,193.8651194458326,13.570410016152602,19.0,2010,2028,2020
18,7754.483466578662,1,81.14926128770041,193.8651194458326,13.570410016152602,19.0,2010,2028,2021
18,7754.483466578662,1,81.14926128770041,193.8651194458326,13.570410016152602,19.0,2010,2028,2022
18,7754.483466578662,1,81.14926128770041,193.8651194458326,13.570410016152602,19.0,2010,2028,2023
18,7754.483466578662,1,81.14926128770041,193.8651194458326,13.570410016152602,19.0,2010,2028,2024
18,7754.483466578662,1,81.14926128770041,193.8651194458326,13.570410016152602,19.0,2010,2028,2025
18,7754.483466578662,1,81.14926128770041,193.8651194458326,13.570410016152602,19.0,2010,2028,2026
18,7754.483466578662,1,81.14926128770041,193.8651194458326,13.570410016152602,19.0,2010,2028,2027
18,4210.988649669897,2,56.38369127941301,166.49190275986976,12.795850610340901,5.0,2029,2033,2029
18,4210.988649669897,2,56.38369127941301,166.49190275986976,12.795850610340901,5.0,2029,2033,2030
18,4210.988649669897,2,56.38369127941301,166.49190275986976,12.795850610340901,5.0,2029,2033,2031
18,4210.988649669897,2,56.38369127941301,166.49190275986976,12.795850610340901,5.0,2029,2033,2032
18,5531.860294878205,3,60.1326590356389,188.92671745060954,11.909339378549245,6.0,2034,2039,2034
18,5531.860294878205,3,60.1326590356389,188.92671745060954,11.909339378549245,6.0,2034,2039,2035
18,5531.860294878205,3,60.1326590356389,188.92671745060954,11.909339378549245,6.0,2034,2039,2036
18,5531.860294878205,3,60.1326590356389,188.92671745060954,11.909339378549245,6.0,2034,2039,2037
18,5531.860294878205,3,60.1326590356389,188.92671745060954,11.909339378549245,6.0,2034,2039,2038
18,4281.026843014343,4,54.004662882729725,177.93698084466155,13.132413080255303,5.0,2040,2044,2040
18,4281.026843014343,4,54.004662882729725,177.93698084466155,13.132413080255303,5.0,2040,2044,2041
18,4281.026843014343,4,54.004662882729725,177.93698084466155,13.132413080255303,5.0,2040,2044,2042
18,4281.026843014343,4,54.004662882729725,177.93698084466155,13.132413080255303,5.0,2040,2044,2043
18,3103.670991700853,5,39.65117770126465,217.97892232742103,10.48015791389661,4.0,2045,2048,2045
18,3103.670991700853,5,39.65117770126465,217.97892232742103,10.48015791389661,4.0,2045,2048,2046
18,3103.670991700853,5,39.65117770126465,217.97892232742103,10.48015791389661,4.0,2045,2048,2047
18,3464.4946436789382,6,43.60171365872901,175.76248907682677,10.932800461703806,4.0,2049,2061,2049
18,3464.4946436789382,6,43.60171365872901,175.76248907682677,10.932800461703806,4.0,2049,2061,2050
18,3464.4946436789382,6,43.60171365872901,175.76248907682677,10.932800461703806,4.0,2049,2061,2051
18,3464.4946436789382,6,43.60171365872901,175.76248907682677,10.932800461703806,4.0,2049,2061,2052
18,3464.4946436789382,6,43.60171365872901,175.76248907682677,10.932800461703806,4.0,2049,2061,2053
18,3464.4946436789382,6,43.60171365872901,175.76248907682677,10.932800461703806,4.0,2049,2061,2054
18,3464.4946436789382,6,43.60171365872901,175.76248907682677,10.932800461703806,4.0,2049,2061,2055
18,3464.4946436789382,6,43.60171365872901,175.76248907682677,10.932800461703806,4.0,2049,2061,2056
18,3464.4946436789382,6,43.60171365872901,175.76248907682677,10.932800461703806,4.0,2049,2061,2057
18,3464.4946436789382,6,43.60171365872901,175.76248907682677,10.932800461703806,4.0,2049,2061,2058
18,3464.4946436789382,6,43.60171365872901,175.76248907682677,10.932800461703806,4.0,2049,2061,2059
18,3464.4946436789382,6,43.60171365872901,175.76248907682677,10.932800461703806,4.0,2049,2061,2060
19,8064.123594596415,1,97.58072593086061,191.3519859527775,13.471559979571758,21.0,2010,2030,2010
19,8064.123594596415,1,97.58072593086061,191.3519859527775,13.471559979571758,21.0,2010,2030,2011
19,8064.123594596415,1,97.58072593086061,191.3519859527775,13.471559979571758,21.0,2010,2030,2012
19,8064.123594596415,1,97.58072593086061,191.3519859527775,13.471559979571758,21.0,2010,2030,2013
19,8064.123594596415,1,97.58072593086061,191.3519859527775,13.471559979571758,21.0,2010,2030,2014
19,8064.123594596415,1,97.58072593086061,191.3519859527775,13.471559979571758,21.0,2010,2030,2015
19,8064.123594596415,1,97.58072593086061,191.3519859527775,13.471559979571758,21.0,2010,2030,2016
19,8064.123594596415,1,97.58072593086061,191.3519859527775,13.471559979571758,21.0,2010,2030,2017
19,8064.123594596415,1,97.58072593086061,191.3519859527775,13.471559979571758,21.0,2010,2030,2018
19,8064.123594596415,1,97.58072593086061,191.3519859527775,13.471559979571758,21.0,2010,2030,2019
19,8064.123594596415,1,97.58072593086061,191.3519859527775,13.471559979571758,21.0,2010,2030,2020
19,8064.123594596415,1,97.58072593086061,191.3519859527775,13.471559979571758,21.0,2010,2030,2021
19,8064.123594596415,1,97.58072593086061,191.3519859527775,13.471559979571758,21.0,2010,2030,2022
19,8064.123594596415,1,97.58072593086061,191.3519859527775,13.471559979571758,21.0,2010,2030,2023
19,8064.123594596415,1,97.58072593086061,191.3519859527775,13.471559979571758,21.0,2010,2030,2024
19,8064.123594596415,1,97.58072593086061,191.3519859527775,13.471559979571758,21.0,2010,2030,2025
19,8064.123594596415,1,97.58072593086061,191.3519859527775,13.471559979571758,21.0,2010,2030,2026
19,8064.123594596415,1,97.58072593086061,191.3519859527775,13.471559979571758,21.0,2010,2030,2027
19,8064.123594596415,1,97.58072593086061,191.3519859527775,13.471559979571758,21.0,2010,2030,2028
19,8064.123594596415,1,97.58072593086061,191.3519859527775,13.471559979571758,21.0,2010,2030,2029
19,5011.75075636309,2,59.49728176969803,172.90847009666464,13.40612575152413,5.0,2031,2035,2031
19,5011.75075636309,2,59.49728176969803,172.90847009666464,13.40612575152413,5.0,2031,2035,2032
19,5011.75075636309,2,59.49728176969803,172.90847009666464,13.40612575152413,5.0,2031,2035,2033
19,5011.75075636309,2,59.49728176969803,172.90847009666464,13.40612575152413,5.0,2031,2035,2034
19,4432.934932559206,3,58.125055358947435,186.43761426940856,14.898063541075349,5.0,2036,2040,2036
19,4432.934932559206,3,58.125055358947435,186.43761426940856,14.898063541075349,5.0,2036,2040,2037
19,4432.934932559206,3,58.125055358947435,186.43761426940856,14.898063541075349,5.0,2036,2040,2038
19,4432.934932559206,3,58.125055358947435,186.43761426940856,14.898063541075349,5.0,2036,2040,2039
19,4382.539838296241,4,53.355946977165026,166.32597662580426,12.789175804610206,5.0,2041,2045,2041
19,4382.539838296241,4,53.355946977165026,166.32597662580426,12.789175804610206,5.0,2041,2045,2042
19,4382.539838296241,4,53.355946977165026,166.32597662580426,12.789175804610206,5.0,2041,2045,2043
19,4382.539838296241,4,53.355946977165026,166.32597662580426,12.789175804610206,5.0,2041,2045,2044
19,4603.598887391618,5,51.31067109486832,199.30222830681674,13.497845664671608,5.0,2046,2050,2046
19,4603.598887391618,5,51.31067109486832,199.30222830681674,13.497845664671608,5.0,2046,2050,2047
19,4603.598887391618,5,51.31067109486832,199.30222830681674,13.497845664671608,5.0,2046,2050,2048
19,4603.598887391618,5,51.31067109486832,199.30222830681674,13.497845664671608,5.0,2046,2050,2049
19,4568.651357238299,6,38.46034857697657,168.02832011440316,12.696898619052863,4.0,2051,2061,2051
19,4568.651357238299,6,38.46034857697657,168.02832011440316,12.696898619052863,4.0,2051,2061,2052
19,4568.651357238299,6,38.46034857697657,168.02832011440316,12.696898619052863,4.0,2051,2061,2053
19,4568.651357238299,6,38.46034857697657,168.02832011440316,12.696898619052863,4.0,2051,2061,2054
19,4568.651357238299,6,38.46034857697657,168.02832011440316,12.696898619052863,4.0,2051,2061,2055
19,4568.651357238299,6,38.46034857697657,168.02832011440316,12.696898619052863,4.0,2051,2061,2056
19,4568.651357238299,6,38.46034857697657,168.02832011440316,12.696898619052863,4.0,2051,2061,2057
19,4568.651357238299,6,38.46034857697657,168.02832011440316,12.696898619052863,4.0,2051,2061,2058
19,4568.651357238299,6,38.46034857697657,168.02832011440316,12.696898619052863,4.0,2051,2061,2059
19,4568.651357238299,6,38.46034857697657,168.02832011440316,12.696898619052863,4.0,2051,2061,2060
20,14974.375777340298,1,105.36722117404261,196.83566224886553,13.576777533886986,21.0,2010,2030,2010
20,14974.375777340298,1,105.36722117404261,196.83566224886553,13.576777533886986,21.0,2010,2030,2011
20,14974.375777340298,1,105.36722117404261,196.83566224886553,13.576777533886986,21.0,2010,2030,2012
20,14974.375777340298,1,105.36722117404261,196.83566224886553,13.576777533886986,21.0,2010,2030,2013
20,14974.375777340298,1,105.36722117404261,196.83566224886553,13.576777533886986,21.0,2010,2030,2014
20,14974.375777340298,1,105.36722117404261,196.83566224886553,13.576777533886986,21.0,2010,2030,2015
20,14974.375777340298,1,105.36722117404261,196.83566224886553,13.576777533886986,21.0,2010,2030,2016
20,14974.375777340298,1,105.36722117404261,196.83566224886553,13.576777533886986,21.0,2010,2030,2017
20,14974.375777340298,1,105.36722117404261,196.83566224886553,13.576777533886986,21.0,2010,2030,2018
20,14974.375777340298,1,105.36722117404261,196.83566224886553,13.576777533886986,21.0,2010,2030,2019
20,14974.375777340298,1,105.36722117404261,196.83566224886553,13.576777533886986,21.0,2010,2030,2020
20,14974.375777340298,1,105.36722117404261,196.83566224886553,13.576777533886986,21.0,2010,2030,2021
20,14974.375777340298,1,105.36722117404261,196.83566224886553,13.576777533886986,21.0,2010,2030,2022
20,14974.375777340298,1,105.36722117404261,196.83566224886553,13.576777533886986,21.0,2010,2030,2023
20,14974.375777340298,1,105.36722117404261,196.83566224886553,13.576777533886986,21.0,2010,2030,2024
20,14974.375777340298,1,105.36722117404261,196.83566224886553,13.576777533886986,21.0,2010,2030,2025
20,14974.375777340298,1,105.36722117404261,196.83566224886553,13.576777533886986,21.0,2010,2030,2026
20,14974.375777340298,1,105.36722117404261,196.83566224886553,13.576777533886986,21.0,2010,2030,2027
20,14974.375777340298,1,105.36722117404261,196.83566224886553,13.576777533886986,21.0,2010,2030,2028
20,14974.375777340298,1,105.36722117404261,196.83566224886553,13.576777533886986,21.0,2010,2030,2029
20,4487.176609296146,2,52.800256358091765,173.00202031388818,11.154336323653474,5.0,2031,2035,2031
20,4487.176609296146,2,52.800256358091765,173.00202031388818,11.154336323653474,5.0,2031,2035,2032
20,4487.176609296146,2,52.800256358091765,173.00202031388818,11.154336323653474,5.0,2031,2035,2033
20,4487.176609296146,2,52.800256358091765,173.00202031388818,11.154336323653474,5.0,2031,2035,2034
20,3853.933875024318,3,54.67062888592211,195.4498827039256,12.770220330660251,5.0,2036,2040,2036
20,3853.933875024318,3,54.67062888592211,195.4498827039256,12.770220330660251,5.0,2036,2040,2037
20,3853.933875024318,3,54.67062888592211,195.4498827039256,12.770220330660251,5.0,2036,2040,2038
20,3853.933875024318,3,54.67062888592211,195.4498827039256,12.770220330660251,5.0,2036,2040,2039
20,4790.74124145091,4,55.42828412868787,158.8998551989825,14.008304422736114,5.0,2041,2045,2041
20,4790.74124145091,4,55.42828412868787,158.8998551989825,14.008304422736114,5.0,2041,2045,2042
20,4790.74124145091,4,55.42828412868787,158.8998551989825,14.008304422736114,5.0,2041,2045,2043
20,4790.74124145091,4,55.42828412868787,158.8998551989825,14.008304422736114,5.0,2041,2045,2044
20,3699.721239871445,5,41.87384757420101,181.7574224292153,16.126635709889733,4.0,2046,2049,2046
20,3699.721239871445,5,41.87384757420101,181.7574224292153,16.126635709889733,4.0,2046,2049,2047
20,3699.721239871445,5,41.87384757420101,181.7574224292153,16.126635709889733,4.0,2046,2049,2048
20,4765.1250230306305,6,46.92111614995142,178.84357701810296,10.86807571850089,4.0,2050,2061,2050
20,4765.1250230306305,6,46.92111614995142,178.84357701810296,10.86807571850089,4.0,2050,2061,2051
20,4765.1250230306305,6,46.92111614995142,178.84357701810296,10.86807571850089,4.0,2050,2061,2052
20,4765.1250230306305,6,46.92111614995142,178.84357701810296,10.86807571850089,4.0,2050,2061,2053
20,4765.1250230306305,6,46.92111614995142,178.84357701810296,10.86807571850089,4.0,2050,2061,2054
20,4765.1250230306305,6,46.92111614995142,178.84357701810296,10.86807571850089,4.0,2050,2061,2055
20,4765.1250230306305,6,46.92111614995142,178.84357701810296,10.86807571850089,4.0,2050,2061,2056
20,4765.1250230306305,6,46.92111614995142,178.84357701810296,10.86807571850089,4.0,2050,2061,2057
20,4765.1250230306305,6,46.92111614995142,178.84357701810296,10.86807571850089,4.0,2050,2061,2058
20,4765.1250230306305,6,46.92111614995142,178.84357701810296,10.86807571850089,4.0,2050,2061,2059
20,4765.1250230306305,6,46.92111614995142,178.84357701810296,10.86807571850089,4.0,2050,2061,2060
21,8496.303207398776,1,102.8348857307804,199.81268481400625,12.381433388501272,21.0,2010,2030,2010
21,8496.303207398776,1,102.8348857307804,199.81268481400625,12.381433388501272,21.0,2010,2030,2011
21,8496.303207398776,1,102.8348857307804,199.81268481400625,12.381433388501272,21.0,2010,2030,2012
21,8496.303207398776,1,102.8348857307804,199.81268481400625,12.381433388501272,21.0,2010,2030,2013
21,8496.303207398776,1,102.8348857307804,199.81268481400625,12.381433388501272,21.0,2010,2030,2014
21,8496.303207398776,1,102.8348857307804,199.81268481400625,12.381433388501272,21.0,2010,2030,2015
21,8496.303207398776,1,102.8348857307804,199.81268481400625,12.381433388501272,21.0,2010,2030,2016
21,8496.303207398776,1,102.8348857307804,199.81268481400625,12.381433388501272,21.0,2010,2030,2017
21,8496.303207398776,1,102.8348857307804,199.81268481400625,12.381433388501272,21.0,2010,2030,2018
21,8496.303207398776,1,102.8348857307804,199.81268481400625,12.381433388501272,21.0,2010,2030,2019
21,8496.303207398776,1,102.8348857307804,199.81268481400625,12.381433388501272,21.0,2010,2030,2020
21,8496.303207398776,1,102.8348857307804,199.81268481400625,12.381433388501272,21.0,2010,2030,2021
21,8496.303207398776,1,102.8348857307804,199.81268481400625,12.381433388501272,21.0,2010,2030,2022
21,8496.303207398776,1,102.8348857307804,199.81268481400625,12.381433388501272,21.0,2010,2030,2023
21,8496.303207398776,1,102.8348857307804,199.81268481400625,12.381433388501272,21.0,2010,2030,2024
21,8496.303207398776,1,102.8348857307804,199.81268481400625,12.381433388501272,21.0,2010,2030,2025
21,8496.303207398776,1,102.8348857307804,199.81268481400625,12.381433388501272,21.0,2010,2030,2026
21,8496.303207398776,1,102.8348857307804,199.81268481400625,12.381433388501272,21.0,2010,2030,2027
21,8496.303207398776,1,102.8348857307804,199.81268481400625,12.381433388501272,21.0,2010,2030,2028
21,8496.303207398776,1,102.8348857307804,199.81268481400625,12.381433388501272,21.0,2010,2030,2029
21,4362.502195951488,2,49.9684026810936,177.01200219910544,11.630648846307547,5.0,2031,2035,2031
21,4362.502195951488,2,49.9684026810936,177.01200219910544,11.630648846307547,5.0,2031,2035,2032
21,4362.502195951488,2,49.9684026810936,177.01200219910544,11.630648846307547,5.0,2031,2035,2033
21,4362.502195951488,2,49.9684026810936,177.01200219910544,11.630648846307547,5.0,2031,2035,2034
21,4289.671273224767,3,57.09344550801104,221.10129387795473,15.60064014125373,5.0,2036,2040,2036
21,4289.671273224767,3,57.09344550801104,221.10129387795473,15.60064014125373,5.0,2036,2040,2037
21,4289.671273224767,3,57.09344550801104,221.10129387795473,15.60064014125373,5.0,2036,2040,2038
21,4289.671273224767,3,57.09344550801104,221.10129387795473,15.60064014125373,5.0,2036,2040,2039
21,4203.046827741027,4,52.516733289033766,185.64669951075,12.97445638748289,5.0,2041,2045,2041
21,4203.046827741027,4,52.516733289033766,185.64669951075,12.97445638748289,5.0,2041,2045,2042
21,4203.046827741027,4,52.516733289033766,185.64669951075,12.97445638748289,5.0,2041,2045,2043
21,4203.046827741027,4,52.516733289033766,185.64669951075,12.97445638748289,5.0,2041,2045,2044
21,4287.105322980829,5,50.667890933610074,218.21309802802796,11.659634325988359,5.0,2046,2050,2046
21,4287.105322980829,5,50.667890933610074,218.21309802802796,11.659634325988359,5.0,2046,2050,2047
21,4287.105322980829,5,50.667890933610074,218.21309802802796,11.659634325988359,5.0,2046,2050,2048
21,4287.105322980829,5,50.667890933610074,218.21309802802796,11.659634325988359,5.0,2046,2050,2049
21,4731.337070590709,6,45.72639065744222,172.92713309296695,12.900065674869667,4.0,2051,2061,2051
21,4731.337070590709,6,45.72639065744222,172.92713309296695,12.900065674869667,4.0,2051,2061,2052
21,4731.337070590709,6,45.72639065744222,172.92713309296695,12.900065674869667,4.0,2051,2061,2053
21,4731.337070590709,6,45.72639065744222,172.92713309296695,12.900065674869667,4.0,2051,2061,2054
21,4731.337070590709,6,45.72639065744222,172.92713309296695,12.900065674869667,4.0,2051,2061,2055
21,4731.337070590709,6,45.72639065744222,172.92713309296695,12.900065674869667,4.0,2051,2061,2056
21,4731.337070590709,6,45.72639065744222,172.92713309296695,12.900065674869667,4.0,2051,2061,2057
21,4731.337070590709,6,45.72639065744222,172.92713309296695,12.900065674869667,4.0,2051,2061,2058
21,4731.337070590709,6,45.72639065744222,172.92713309296695,12.900065674869667,4.0,2051,2061,2059
21,4731.337070590709,6,45.72639065744222,172.92713309296695,12.900065674869667,4.0,2051,2061,2060
22,20524.749089437115,1,148.7815708690713,169.5886700724096,12.984885991279077,25.0,2010,2034,2010
22,20524.749089437115,1,148.7815708690713,169.5886700724096,12.984885991279077,25.0,2010,2034,2011
22,20524.749089437115,1,148.7815708690713,169.5886700724096,12.984885991279077,25.0,2010,2034,2012
22,20524.749089437115,1,148.7815708690713,169.5886700724096,12.984885991279077,25.0,2010,2034,2013
22,20524.749089437115,1,148.7815708690713,169.5886700724096,12.984885991279077,25.0,2010,2034,2014
22,20524.749089437115,1,148.7815708690713,169.5886700724096,12.984885991279077,25.0,2010,2034,2015
22,20524.749089437115,1,148.7815708690713,169.5886700724096,12.984885991279077,25.0,2010,2034,2016
22,20524.749089437115,1,148.7815708690713,169.5886700724096,12.984885991279077,25.0,2010,2034,2017
22,20524.749089437115,1,148.7815708690713,169.5886700724096,12.984885991279077,25.0,2010,2034,2018
22,20524.749089437115,1,148.7815708690713,169.5886700724096,12.984885991279077,25.0,2010,2034,2019
22,20524.749089437115,1,148.7815708690713,169.5886700724096,12.984885991279077,25.0,2010,2034,2020
22,20524.749089437115,1,148.7815708690713,169.5886700724096,12.984885991279077,25.0,2010,2034,2021
22,20524.749089437115,1,148.7815708690713,169.5886700724096,12.984885991279077,25.0,2010,2034,2022
22,20524.749089437115,1,148.7815708690713,169.5886700724096,12.984885991279077,25.0,2010,2034,2023
22,20524.749089437115,1,148.7815708690713,169.5886700724096,12.984885991279077,25.0,2010,2034,2024
22,20524.749089437115,1,148.7815708690713,169.5886700724096,12.984885991279077,25.0,2010,2034,2025
22,20524.749089437115,1,148.7815708690713,169.5886700724096,12.984885991279077,25.0,2010,2034,2026
22,20524.749089437115,1,148.7815708690713,169.5886700724096,12.984885991279077,25.0,2010,2034,2027
22,20524.749089437115,1,148.7815708690713,169.5886700724096,12.984885991279077,25.0,2010,2034,2028
22,20524.749089437115,1,148.7815708690713,169.5886700724096,12.984885991279077,25.0,2010,2034,2029
22,20524.749089437115,1,148.7815708690713,169.5886700724096,12.984885991279077,25.0,2010,2034,2030
22,20524.749089437115,1,148.7815708690713,169.5886700724096,12.984885991279077,25.0,2010,2034,2031
22,20524.749089437115,1,148.7815708690713,169.5886700724096,12.984885991279077,25.0,2010,2034,2032
22,20524.749089437115,1,148.7815708690713,169.5886700724096,12.984885991279077,25.0,2010,2034,2033
22,5438.0651277055795,2,70.9981398647413,169.45886431993736,14.070995311938274,6.0,2035,2040,2035
22,5438.0651277055795,2,70.9981398647413,169.45886431993736,14.070995311938274,6.0,2035,2040,2036
22,5438.0651277055795,2,70.9981398647413,169.45886431993736,14.070995311938274,6.0,2035,2040,2037
22,5438.0651277055795,2,70.9981398647413,169.45886431993736,14.070995311938274,6.0,2035,2040,2038
22,5438.0651277055795,2,70.9981398647413,169.45886431993736,14.070995311938274,6.0,2035,2040,2039
22,5089.815507275537,3,56.993082992645256,179.12977816529235,13.165446826908944,5.0,2041,2045,2041
22,5089.815507275537,3,56.993082992645256,179.12977816529235,13.165446826908944,5.0,2041,2045,2042
22,5089.815507275537,3,56.993082992645256,179.12977816529235,13.165446826908944,5.0,2041,2045,2043
22,5089.815507275537,3,56.993082992645256,179.12977816529235,13.165446826908944,5.0,2041,2045,2044
22,4029.2579565459614,4,51.576808158147415,188.94455164028508,12.678575761931155,5.0,2046,2050,2046
22,4029.2579565459614,4,51.576808158147415,188.94455164028508,12.678575761931155,5.0,2046,2050,2047
22,4029.2579565459614,4,51.576808158147415,188.94455164028508,12.678575761931155,5.0,2046,2050,2048
22,4029.2579565459614,4,51.576808158147415,188.94455164028508,12.678575761931155,5.0,2046,2050,2049
22,3625.345724163186,5,41.73234466320137,210.16701637163857,13.180451109572509,4.0,2051,2054,2051
22,3625.345724163186,5,41.73234466320137,210.16701637163857,13.180451109572509,4.0,2051,2054,2052
22,3625.345724163186,5,41.73234466320137,210.16701637163857,13.180451109572509,4.0,2051,2054,2053
22,4977.654169250291,6,40.72116284439106,162.08397075340983,13.68058291898118,4.0,2055,2061,2055
22,4977.654169250291,6,40.72116284439106,162.08397075340983,13.68058291898118,4.0,2055,2061,2056
22,4977.654169250291,6,40.72116284439106,162.08397075340983,13.68058291898118,4.0,2055,2061,2057
22,4977.654169250291,6,40.72116284439106,162.08397075340983,13.68058291898118,4.0,2055,2061,2058
22,4977.654169250291,6,40.72116284439106,162.08397075340983,13.68058291898118,4.0,2055,2061,2059
22,4977.654169250291,6,40.72116284439106,162.08397075340983,13.68058291898118,4.0,2055,2061,2060
23,6996.867357115919,1,88.03569301544327,195.73562708966278,11.427659825964518,20.0,2010,2029,2010
23,6996.867357115919,1,88.03569301544327,195.73562708966278,11.427659825964518,20.0,2010,2029,2011
23,6996.867357115919,1,88.03569301544327,195.73562708966278,11.427659825964518,20.0,2010,2029,2012
23,6996.867357115919,1,88.03569301544327,195.73562708966278,11.427659825964518,20.0,2010,2029,2013
23,6996.867357115919,1,88.03569301544327,195.73562708966278,11.427659825964518,20.0,2010,2029,2014
23,6996.867357115919,1,88.03569301544327,195.73562708966278,11.427659825964518,20.0,2010,2029,2015
23,6996.867357115919,1,88.03569301544327,195.73562708966278,11.427659825964518,20.0,2010,2029,2016
23,6996.867357115919,1,88.03569301544327,195.73562708966278,11.427659825964518,20.0,2010,2029,2017
23,6996.867357115919,1,88.03569301544327,195.73562708966278,11.427659825964518,20.0,2010,2029,2018
23,6996.867357115919,1,88.03569301544327,195.73562708966278,11.427659825964518,20.0,2010,2029,2019
23,6996.867357115919,1,88.03569301544327,195.73562708966278,11.427659825964518,20.0,2010,2029,2020
23,6996.867357115919,1,88.03569301544327,195.73562708966278,11.427659825964518,20.0,2010,2029,2021
23,6996.867357115919,1,88.03569301544327,195.73562708966278,11.427659825964518,20.0,2010,2029,2022
23,6996.867357115919,1,88.03569301544327,195.73562708966278,11.427659825964518,20.0,2010,2029,2023
23,6996.867357115919,1,88.03569301544327,195.73562708966278,11.427659825964518,20.0,2010,2029,2024
23,6996.867357115919,1,88.03569301544327,195.73562708966278,11.427659825964518,20.0,2010,2029,2025
23,6996.867357115919,1,88.03569301544327,195.73562708966278,11.427659825964518,20.0,2010,2029,2026
23,6996.867357115919,1,88.03569301544327,195.73562708966278,11.427659825964518,20.0,2010,2029,2027
23,6996.867357115919,1,88.03569301544327,195.73562708966278,11.427659825964518,20.0,2010,2029,2028
23,6503.755832146239,2,75.495727094739,192.96060827735784,13.247702816821,7.0,2030,2036,2030
23,6503.755832146239,2,75.495727094739,192.96060827735784,13.247702816821,7.0,2030,2036,2031
23,6503.755832146239,2,75.495727094739,192.96060827735784,13.247702816821,7.0,2030,2036,2032
23,6503.755832146239,2,75.495727094739,192.96060827735784,13.247702816821,7.0,2030,2036,2033
23,6503.755832146239,2,75.495727094739,192.96060827735784,13.247702816821,7.0,2030,2036,2034
23,6503.755832146239,2,75.495727094739,192.96060827735784,13.247702816821,7.0,2030,2036,2035
23,3862.3690176116816,3,48.96794453987445,202.53686181999234,15.077713879655322,5.0,2037,2041,2037
23,3862.3690176116816,3,48.96794453987445,202.53686181999234,15.077713879655322,5.0,2037,2041,2038
23,3862.3690176116816,3,48.96794453987445,202.53686181999234,15.077713879655322,5.0,2037,2041,2039
23,3862.3690176116816,3,48.96794453987445,202.53686181999234,15.077713879655322,5.0,2037,2041,2040
23,4700.811412902933,4,41.878691388060375,183.250484559982,14.942356094169028,4.0,2042,2045,2042
23,4700.811412902933,4,41.878691388060375,183.250484559982,14.942356094169028,4.0,2042,2045,2043
23,4700.811412902933,4,41.878691388060375,183.250484559982,14.942356094169028,4.0,2042,2045,2044
23,3493.2861759046477,5,40.84422599958279,166.0184597905247,11.461194546995014,4.0,2046,2049,2046
23,3493.2861759046477,5,40.84422599958279,166.0184597905247,11.461194546995014,4.0,2046,2049,2047
23,3493.2861759046477,5,40.84422599958279,166.0184597905247,11.461194546995014,4.0,2046,2049,2048
23,2800.885577676147,6,36.42496022804366,177.69513075787032,14.937095702650888,4.0,2050,2061,2050
23,2800.885577676147,6,36.42496022804366,177.69513075787032,14.937095702650888,4.0,2050,2061,2051
23,2800.885577676147,6,36.42496022804366,177.69513075787032,14.937095702650888,4.0,2050,2061,2052
23,2800.885577676147,6,36.42496022804366,177.69513075787032,14.937095702650888,4.0,2050,2061,2053
23,2800.885577676147,6,36.42496022804366,177.69513075787032,14.937095702650888,4.0,2050,2061,2054
23,2800.885577676147,6,36.42496022804366,177.69513075787032,14.937095702650888,4.0,2050,2061,2055
23,2800.885577676147,6,36.42496022804366,177.69513075787032,14.937095702650888,4.0,2050,2061,2056
23,2800.885577676147,6,36.42496022804366,177.69513075787032,14.937095702650888,4.0,2050,2061,2057
23,2800.885577676147,6,36.42496022804366,177.69513075787032,14.937095702650888,4.0,2050,2061,2058
23,2800.885577676147,6,36.42496022804366,177.69513075787032,14.937095702650888,4.0,2050,2061,2059
23,2800.885577676147,6,36.42496022804366,177.69513075787032,14.937095702650888,4.0,2050,2061,2060
24,11659.096331440036,1,114.18852377087339,195.1331643257332,11.202508878771868,22.0,2010,2031,2010
24,11659.096331440036,1,114.18852377087339,195.1331643257332,11.202508878771868,22.0,2010,2031,2011
24,11659.096331440036,1,114.18852377087339,195.1331643257332,11.202508878771868,22.0,2010,2031,2012
24,11659.096331440036,1,114.18852377087339,195.1331643257332,11.202508878771868,22.0,2010,2031,2013
24,11659.096331440036,1,114.18852377087339,195.1331643257332,11.202508878771868,22.0,2010,2031,2014
24,11659.096331440036,1,114.18852377087339,195.1331643257332,11.202508878771868,22.0,2010,2031,2015
24,11659.096331440036,1,114.18852377087339,195.1331643257332,11.202508878771868,22.0,2010,2031,2016
24,11659.096331440036,1,114.18852377087339,195.1331643257332,11.202508878771868,22.0,2010,2031,2017
24,11659.096331440036,1,114.18852377087339,195.1331643257332,11.202508878771868,22.0,2010,2031,2018
24,11659.096331440036,1,114.18852377087339,195.1331643257332,11.202508878771868,22.0,2010,2031,2019
24,11659.096331440036,1,114.18852377087339,195.1331643257332,11.202508878771868,22.0,2010,2031,2020
24,11659.096331440036,1,114.18852377087339,195.1331643257332,11.202508878771868,22.0,2010,2031,2021
24,11659.096331440036,1,114.18852377087339,195.1331643257332,11.202508878771868,22.0,2010,2031,2022
24,11659.096331440036,1,114.18852377087339,195.1331643257332,11.202508878771868,22.0,2010,2031,2023
24,11659.096331440036,1,114.18852377087339,195.1331643257332,11.202508878771868,22.0,2010,2031,2024
24,11659.096331440036,1,114.18852377087339,195.1331643257332,11.202508878771868,22.0,2010,2031,2025
24,11659.096331440036,1,114.18852377087339,195.1331643257332,11.202508878771868,22.0,2010,2031,2026
24,11659.096331440036,1,114.18852377087339,195.1331643257332,11.202508878771868,22.0,2010,2031,2027
24,11659.096331440036,1,114.18852377087339,195.1331643257332,11.202508878771868,22.0,2010,2031,2028
24,11659.096331440036,1,114.18852377087339,195.1331643257332,11.202508878771868,22.0,2010,2031,2029
24,11659.096331440036,1,114.18852377087339,195.1331643257332,11.202508878771868,22.0,2010,2031,2030
24,5023.998886565222,2,54.65394391162493,215.82816551916204,9.672581605594415,5.0,2032,2036,2032
24,5023.998886565222,2,54.65394391162493,215.82816551916204,9.672581605594415,5.0,2032,2036,2033
24,5023.998886565222,2,54.65394391162493,215.82816551916204,9.672581605594415,5.0,2032,2036,2034
24,5023.998886565222,2,54.65394391162493,215.82816551916204,9.672581605594415,5.0,2032,2036,2035
24,5019.305205840109,3,46.91056416053471,186.54585704686193,13.431763835951884,4.0,2037,2040,2037
24,5019.305205840109,3,46.91056416053471,186.54585704686193,13.431763835951884,4.0,2037,2040,2038
24,5019.305205840109,3,46.91056416053471,186.54585704686193,13.431763835951884,4.0,2037,2040,2039
24,4615.813712383365,4,53.56952974220567,182.10052265903528,11.83135758800064,5.0,2041,2045,2041
24,4615.813712383365,4,53.56952974220567,182.10052265903528,11.83135758800064,5.0,2041,2045,2042
24,4615.813712383365,4,53.56952974220567,182.10052265903528,11.83135758800064,5.0,2041,2045,2043
24,4615.813712383365,4,53.56952974220567,182.10052265903528,11.83135758800064,5.0,2041,2045,2044
24,4956.925366700524,5,38.56761128454788,188.99367546784475,13.220001434386777,4.0,2046,2049,2046
24,4956.925366700524,5,38.56761128454788,188.99367546784475,13.220001434386777,4.0,2046,2049,2047
24,4956.925366700524,5,38.56761128454788,188.99367546784475,13.220001434386777,4.0,2046,2049,2048
24,3794.4439103137106,6,47.542805073854794,170.47373751229583,14.888219502442116,4.0,2050,2061,2050
24,3794.4439103137106,6,47.542805073854794,170.47373751229583,14.888219502442116,4.0,2050,2061,2051
24,3794.4439103137106,6,47.542805073854794,170.47373751229583,14.888219502442116,4.0,2050,2061,2052
24,3794.4439103137106,6,47.542805073854794,170.47373751229583,14.888219502442116,4.0,2050,2061,2053
24,3794.4439103137106,6,47.542805073854794,170.47373751229583,14.888219502442116,4.0,2050,2061,2054
24,3794.4439103137106,6,47.542805073854794,170.47373751229583,14.888219502442116,4.0,2050,2061,2055
24,3794.4439103137106,6,47.542805073854794,170.47373751229583,14.888219502442116,4.0,2050,2061,2056
24,3794.4439103137106,6,47.542805073854794,170.47373751229583,14.888219502442116,4.0,2050,2061,2057
24,3794.4439103137106,6,47.542805073854794,170.47373751229583,14.888219502442116,4.0,2050,2061,2058
24,3794.4439103137106,6,47.542805073854794,170.47373751229583,14.888219502442116,4.0,2050,2061,2059
24,3794.4439103137106,6,47.542805073854794,170.47373751229583,14.888219502442116,4.0,2050,2061,2060
25,11638.320522372089,1,113.95088638274076,202.2377668464562,15.962597977209368,22.0,2010,2031,2010
25,11638.320522372089,1,113.95088638274076,202.2377668464562,15.962597977209368,22.0,2010,2031,2011
25,11638.320522372089,1,113.95088638274076,202.2377668464562,15.962597977209368,22.0,2010,2031,2012
25,11638.320522372089,1,113.95088638274076,202.2377668464562,15.962597977209368,22.0,2010,2031,2013
25,11638.320522372089,1,113.95088638274076,202.2377668464562,15.962597977209368,22.0,2010,2031,2014
25,11638.320522372089,1,113.95088638274076,202.2377668464562,15.962597977209368,22.0,2010,2031,2015
25,11638.320522372089,1,113.95088638274076,202.2377668464562,15.962597977209368,22.0,2010,2031,2016
25,11638.320522372089,1,113.95088638274076,202.2377668464562,15.962597977209368,22.0,2010,2031,2017
25,11638.320522372089,1,113.95088638274076,202.2377668464562,15.962597977209368,22.0,2010,2031,2018
25,11638.320522372089,1,113.95088638274076,202.2377668464562,15.962597977209368,22.0,2010,2031,2019
25,11638.320522372089,1,113.95088638274076,202.2377668464562,15.962597977209368,22.0,2010,2031,2020
25,11638.320522372089,1,113.95088638274076,202.2377668464562,15.962597977209368,22.0,2010,2031,2021
25,11638.320522372089,1,113.95088638274076,202.2377668464562,15.962597977209368,22.0,2010,2031,2022
25,11638.320522372089,1,113.95088638274076,202.2377668464562,15.962597977209368,22.0,2010,2031,2023
25,11638.320522372089,1,113.95088638274076,202.2377668464562,15.962597977209368,22.0,2010,2031,2024
25,11638.320522372089,1,113.95088638274076,202.2377668464562,15.962597977209368,22.0,2010,2031,2025
25,11638.320522372089,1,113.95088638274076,202.2377668464562,15.962597977209368,22.0,2010,2031,2026
25,11638.320522372089,1,113.95088638274076,202.2377668464562,15.962597977209368,22.0,2010,2031,2027
25,11638.320522372089,1,113.95088638274076,202.2377668464562,15.962597977209368,22.0,2010,2031,2028
25,11638.320522372089,1,113.95088638274076,202.2377668464562,15.962597977209368,22.0,2010,2031,2029
25,11638.320522372089,1,113.95088638274076,202.2377668464562,15.962597977209368,22.0,2010,2031,2030
25,5396.603972823976,2,66.24377789010481,181.01188655092963,11.539156822484255,6.0,2032,2037,2032
25,5396.603972823976,2,66.24377789010481,181.01188655092963,11.539156822484255,6.0,2032,2037,2033
25,5396.603972823976,2,66.24377789010481,181.01188655092963,11.539156822484255,6.0,2032,2037,2034
25,5396.603972823976,2,66.24377789010481,181.01188655092963,11.539156822484255,6.0,2032,2037,2035
25,5396.603972823976,2,66.24377789010481,181.01188655092963,11.539156822484255,6.0,2032,2037,2036
25,4787.032164681062,3,47.3039225552801,176.20737830978618,13.482165823419503,4.0,2038,2041,2038
25,4787.032164681062,3,47.3039225552801,176.20737830978618,13.482165823419503,4.0,2038,2041,2039
25,4787.032164681062,3,47.3039225552801,176.20737830978618,13.482165823419503,4.0,2038,2041,2040
25,4503.002977664566,4,43.70577139494946,202.73625482777584,11.574632266541279,4.0,2042,2045,2042
25,4503.002977664566,4,43.70577139494946,202.73625482777584,11.574632266541279,4.0,2042,2045,2043
25,4503.002977664566,4,43.70577139494946,202.73625482777584,11.574632266541279,4.0,2042,2045,2044
25,3501.242723788053,5,51.23600336877533,202.57818557341005,10.266969748340637,5.0,2046,2050,2046
25,3501.242723788053,5,51.23600336877533,202.57818557341005,10.266969748340637,5.0,2046,2050,2047
25,3501.242723788053,5,51.23600336877533,202.57818557341005,10.266969748340637,5.0,2046,2050,2048
25,3501.242723788053,5,51.23600336877533,202.57818557341005,10.266969748340637,5.0,2046,2050,2049
25,4132.659929547036,6,40.664681623974836,194.1860668950016,13.372112774637912,4.0,2051,2061,2051
25,4132.659929547036,6,40.664681623974836,194.1860668950016,13.372112774637912,4.0,2051,2061,2052
25,4132.659929547036,6,40.664681623974836,194.1860668950016,13.372112774637912,4.0,2051,2061,2053
25,4132.659929547036,6,40.664681623974836,194.1860668950016,13.372112774637912,4.0,2051,2061,2054
25,4132.659929547036,6,40.664681623974836,194.1860668950016,13.372112774637912,4.0,2051,2061,2055
25,4132.659929547036,6,40.664681623974836,194.1860668950016,13.372112774637912,4.0,2051,2061,2056
25,4132.659929547036,6,40.664681623974836,194.1860668950016,13.372112774637912,4.0,2051,2061,2057
25,4132.659929547036,6,40.664681623974836,194.1860668950016,13.372112774637912,4.0,2051,2061,2058
25,4132.659929547036,6,40.664681623974836,194.1860668950016,13.372112774637912,4.0,2051,2061,2059
25,4132.659929547036,6,40.664681623974836,194.1860668950016,13.372112774637912,4.0,2051,2061,2060
26,11104.144517968221,1,104.09861961101159,201.22868626017808,12.824637931482362,21.0,2010,2030,2010
26,11104.144517968221,1,104.09861961101159,201.22868626017808,12.824637931482362,21.0,2010,2030,2011
26,11104.144517968221,1,104.09861961101159,201.22868626017808,12.824637931482362,21.0,2010,2030,2012
26,11104.144517968221,1,104.09861961101159,201.22868626017808,12.824637931482362,21.0,2010,2030,2013
26,11104.144517968221,1,104.09861961101159,201.22868626017808,12.824637931482362,21.0,2010,2030,2014
26,11104.144517968221,1,104.09861961101159,201.22868626017808,12.824637931482362,21.0,2010,2030,2015
26,11104.144517968221,1,104.09861961101159,201.22868626017808,12.824637931482362,21.0,2010,2030,2016
26,11104.144517968221,1,104.09861961101159,201.22868626017808,12.824637931482362,21.0,2010,2030,2017
26,11104.144517968221,1,104.09861961101159,201.22868626017808,12.824637931482362,21.0,2010,2030,2018
26,11104.144517968221,1,104.09861961101159,201.22868626017808,12.824637931482362,21.0,2010,2030,2019
26,11104.144517968221,1,104.09861961101159,201.22868626017808,12.824637931482362,21.0,2010,2030,2020
26,11104.144517968221,1,104.09861961101159,201.22868626017808,12.824637931482362,21.0,2010,2030,2021
26,11104.144517968221,1,104.09861961101159,201.22868626017808,12.824637931482362,21.0,2010,2030,2022
26,11104.144517968221,1,104.09861961101159,201.22868626017808,12.824637931482362,21.0,2010,2030,2023
26,11104.144517968221,1,104.09861961101159,201.22868626017808,12.824637931482362,21.0,2010,2030,2024
26,11104.144517968221,1,104.09861961101159,201.22868626017808,12.824637931482362,21.0,2010,2030,2025
26,11104.144517968221,1,104.09861961101159,201.22868626017808,12.824637931482362,21.0,2010,2030,2026
26,11104.144517968221,1,104.09861961101159,201.22868626017808,12.824637931482362,21.0,2010,2030,2027
26,11104.144517968221,1,104.09861961101159,201.22868626017808,12.824637931482362,21.0,2010,2030,2028
26,11104.144517968221,1,104.09861961101159,201.22868626017808,12.824637931482362,21.0,2010,2030,2029
26,6647.53849800443,2,57.262655632748036,160.36547592487398,12.152546122036375,5.0,2031,2035,2031
26,6647.53849800443,2,57.262655632748036,160.36547592487398,12.152546122036375,5.0,2031,2035,2032
26,6647.53849800443,2,57.262655632748036,160.36547592487398,12.152546122036375,5.0,2031,2035,2033
26,6647.53849800443,2,57.262655632748036,160.36547592487398,12.152546122036375,5.0,2031,2035,2034
26,3991.6164382574666,3,45.57958712285579,181.0047093571597,12.280092805520862,4.0,2036,2039,2036
26,3991.6164382574666,3,45.57958712285579,181.0047093571597,12.280092805520862,4.0,2036,2039,2037
26,3991.6164382574666,3,45.57958712285579,181.0047093571597,12.280092805520862,4.0,2036,2039,2038
26,3127.525267228722,4,52.25331235499405,191.12259802175342,14.170205665951116,5.0,2040,2044,2040
26,3127.525267228722,4,52.25331235499405,191.12259802175342,14.170205665951116,5.0,2040,2044,2041
26,3127.525267228722,4,52.25331235499405,191.12259802175342,14.170205665951116,5.0,2040,2044,2042
26,3127.525267228722,4,52.25331235499405,191.12259802175342,14.170205665951116,5.0,2040,2044,2043
26,3704.043484752528,5,46.47961745357446,188.5857398088416,12.463115815618139,4.0,2045,2048,2045
26,3704.043484752528,5,46.47961745357446,188.5857398088416,12.463115815618139,4.0,2045,2048,2046
26,3704.043484752528,5,46.47961745357446,188.5857398088416,12.463115815618139,4.0,2045,2048,2047
26,3379.4199697439703,6,48.91821569644293,175.3235085552654,13.76952225327124,5.0,2049,2061,2049
26,3379.4199697439703,6,48.91821569644293,175.3235085552654,13.76952225327124,5.0,2049,2061,2050
26,3379.4199697439703,6,48.91821569644293,175.3235085552654,13.76952225327124,5.0,2049,2061,2051
26,3379.4199697439703,6,48.91821569644293,175.3235085552654,13.76952225327124,5.0,2049,2061,2052
26,3379.4199697439703,6,48.91821569644293,175.3235085552654,13.76952225327124,5.0,2049,2061,2053
26,3379.4199697439703,6,48.91821569644293,175.3235085552654,13.76952225327124,5.0,2049,2061,2054
26,3379.4199697439703,6,48.91821569644293,175.3235085552654,13.76952225327124,5.0,2049,2061,2055
26,3379.4199697439703,6,48.91821569644293,175.3235085552654,13.76952225327124,5.0,2049,2061,2056
26,3379.4199697439703,6,48.91821569644293,175.3235085552654,13.76952225327124,5.0,2049,2061,2057
26,3379.4199697439703,6,48.91821569644293,175.3235085552654,13.76952225327124,5.0,2049,2061,2058
26,3379.4199697439703,6,48.91821569644293,175.3235085552654,13.76952225327124,5.0,2049,2061,2059
26,3379.4199697439703,6,48.91821569644293,175.3235085552654,13.76952225327124,5.0,2049,2061,2060
27,12141.80160801476,1,112.81982683717855,179.61388093254732,14.236580183101408,22.0,2010,2031,2010
27,12141.80160801476,1,112.81982683717855,179.61388093254732,14.236580183101408,22.0,2010,2031,2011
27,12141.80160801476,1,112.81982683717855,179.61388093254732,14.236580183101408,22.0,2010,2031,2012
27,12141.80160801476,1,112.81982683717855,179.61388093254732,14.236580183101408,22.0,2010,2031,2013
27,12141.80160801476,1,112.81982683717855,179.61388093254732,14.236580183101408,22.0,2010,2031,2014
27,12141.80160801476,1,112.81982683717855,179.61388093254732,14.236580183101408,22.0,2010,2031,2015
27,12141.80160801476,1,112.81982683717855,179.61388093254732,14.236580183101408,22.0,2010,2031,2016
27,12141.80160801476,1,112.81982683717855,179.61388093254732,14.236580183101408,22.0,2010,2031,2017
27,12141.80160801476,1,112.81982683717855,179.61388093254732,14.236580183101408,22.0,2010,2031,2018
27,12141.80160801476,1,112.81982683717855,179.61388093254732,14.236580183101408,22.0,2010,2031,2019
27,12141.80160801476,1,112.81982683717855,179.61388093254732,14.236580183101408,22.0,2010,2031,2020
27,12141.80160801476,1,112.81982683717855,179.61388093254732,14.236580183101408,22.0,2010,2031,2021
27,12141.80160801476,1,112.81982683717855,179.61388093254732,14.236580183101408,22.0,2010,2031,2022
27,12141.80160801476,1,112.81982683717855,179.61388093254732,14.236580183101408,22.0,2010,2031,2023
27,12141.80160801476,1,112.81982683717855,179.61388093254732,14.236580183101408,22.0,2010,2031,2024
27,12141.80160801476,1,112.81982683717855,179.61388093254732,14.236580183101408,22.0,2010,2031,2025
27,12141.80160801476,1,112.81982683717855,179.61388093254732,14.236580183101408,22.0,2010,2031,2026
27,12141.80160801476,1,112.81982683717855,179.61388093254732,14.236580183101408,22.0,2010,2031,2027
27,12141.80160801476,1,112.81982683717855,179.61388093254732,14.236580183101408,22.0,2010,2031,2028
27,12141.80160801476,1,112.81982683717855,179.61388093254732,14.236580183101408,22.0,2010,2031,2029
27,12141.80160801476,1,112.81982683717855,179.61388093254732,14.236580183101408,22.0,2010,2031,2030
27,4921.2147180506,2,52.60148690260674,206.1057814691088,11.241250228715671,5.0,2032,2036,2032
27,4921.2147180506,2,52.60148690260674,206.1057814691088,11.241250228715671,5.0,2032,2036,2033
27,4921.2147180506,2,52.60148690260674,206.1057814691088,11.241250228715671,5.0,2032,2036,2034
27,4921.2147180506,2,52.60148690260674,206.1057814691088,11.241250228715671,5.0,2032,2036,2035
27,3757.1424486767096,3,58.55585843985001,161.24939209909323,9.356509921986143,5.0,2037,2041,2037
27,3757.1424486767096,3,58.55585843985001,161.24939209909323,9.356509921986143,5.0,2037,2041,2038
27,3757.1424486767096,3,58.55585843985001,161.24939209909323,9.356509921986143,5.0,2037,2041,2039
27,3757.1424486767096,3,58.55585843985001,161.24939209909323,9.356509921986143,5.0,2037,2041,2040
27,4765.8473603553675,4,44.24167411120646,195.82520790249924,14.645318457361913,4.0,2042,2045,2042
27,4765.8473603553675,4,44.24167411120646,195.82520790249924,14.645318457361913,4.0,2042,2045,2043
27,4765.8473603553675,4,44.24167411120646,195.82520790249924,14.645318457361913,4.0,2042,2045,2044
27,3478.5001075196697,5,48.96629218871738,181.23413517788427,12.76787945247979,5.0,2046,2050,2046
27,3478.5001075196697,5,48.96629218871738,181.23413517788427,12.76787945247979,5.0,2046,2050,2047
27,3478.5001075196697,5,48.96629218871738,181.23413517788427,12.76787945247979,5.0,2046,2050,2048
27,3478.5001075196697,5,48.96629218871738,181.23413517788427,12.76787945247979,5.0,2046,2050,2049
27,3761.8081977351467,6,46.8777468838157,206.48008049227948,10.674331011329826,4.0,2051,2061,2051
27,3761.8081977351467,6,46.8777468838157,206.48008049227948,10.674331011329826,4.0,2051,2061,2052
27,3761.8081977351467,6,46.8777468838157,206.48008049227948,10.674331011329826,4.0,2051,2061,2053
27,3761.8081977351467,6,46.8777468838157,206.48008049227948,10.674331011329826,4.0,2051,2061,2054
27,3761.8081977351467,6,46.8777468838157,206.48008049227948,10.674331011329826,4.0,2051,2061,2055
27,3761.8081977351467,6,46.8777468838157,206.48008049227948,10.674331011329826,4.0,2051,2061,2056
27,3761.8081977351467,6,46.8777468838157,206.48008049227948,10.674331011329826,4.0,2051,2061,2057
27,3761.8081977351467,6,46.8777468838157,206.48008049227948,10.674331011329826,4.0,2051,2061,2058
27,3761.8081977351467,6,46.8777468838157,206.48008049227948,10.674331011329826,4.0,2051,2061,2059
27,3761.8081977351467,6,46.8777468838157,206.48008049227948,10.674331011329826,4.0,2051,2061,2060
28,13737.021770821142,1,115.4642280640888,176.42399731034757,13.45563805914774,22.0,2010,2031,2010
28,13737.021770821142,1,115.4642280640888,176.42399731034757,13.45563805914774,22.0,2010,2031,2011
28,13737.021770821142,1,115.4642280640888,176.42399731034757,13.45563805914774,22.0,2010,2031,2012
28,13737.021770821142,1,115.4642280640888,176.42399731034757,13.45563805914774,22.0,2010,2031,2013
28,13737.021770821142,1,115.4642280640888,176.42399731034757,13.45563805914774,22.0,2010,2031,2014
28,13737.021770821142,1,115.4642280640888,176.42399731034757,13.45563805914774,22.0,2010,2031,2015
28,13737.021770821142,1,115.4642280640888,176.42399731034757,13.45563805914774,22.0,2010,2031,2016
28,13737.021770821142,1,115.4642280640888,176.42399731034757,13.45563805914774,22.0,2010,2031,2017
28,13737.021770821142,1,115.4642280640888,176.42399731034757,13.45563805914774,22.0,2010,2031,2018
28,13737.021770821142,1,115.4642280640888,176.42399731034757,13.45563805914774,22.0,2010,2031,2019
28,13737.021770821142,1,115.4642280640888,176.42399731034757,13.45563805914774,22.0,2010,2031,2020
28,13737.021770821142,1,115.4642280640888,176.42399731034757,13.45563805914774,22.0,2010,2031,2021
28,13737.021770821142,1,115.4642280640888,176.42399731034757,13.45563805914774,22.0,2010,2031,2022
28,13737.021770821142,1,115.4642280640888,176.42399731034757,13.45563805914774,22.0,2010,2031,2023
28,13737.021770821142,1,115.4642280640888,176.42399731034757,13.45563805914774,22.0,2010,2031,2024
28,13737.021770821142,1,115.4642280640888,176.42399731034757,13.45563805914774,22.0,2010,2031,2025
28,13737.021770821142,1,115.4642280640888,176.42399731034757,13.45563805914774,22.0,2010,2031,2026
28,13737.021770821142,1,115.4642280640888,176.42399731034757,13.45563805914774,22.0,2010,2031,2027
28,13737.021770821142,1,115.4642280640888,176.42399731034757,13.45563805914774,22.0,2010,2031,2028
28,13737.021770821142,1,115.4642280640888,176.42399731034757,13.45563805914774,22.0,2010,2031,2029
28,13737.021770821142,1,115.4642280640888,176.42399731034757,13.45563805914774,22.0,2010,2031,2030
28,6145.595835038485,2,69.09998941224845,174.10991581408786,12.770598472266549,6.0,2032,2037,2032
28,6145.595835038485,2,69.09998941224845,174.10991581408786,12.770598472266549,6.0,2032,2037,2033
28,6145.595835038485,2,69.09998941224845,174.10991581408786,12.770598472266549,6.0,2032,2037,2034
28,6145.595835038485,2,69.09998941224845,174.10991581408786,12.770598472266549,6.0,2032,2037,2035
28,6145.595835038485,2,69.09998941224845,174.10991581408786,12.770598472266549,6.0,2032,2037,2036
28,4278.549905569777,3,54.35941769962097,187.0648653776744,10.475059644035975,5.0,2038,2042,2038
28,4278.549905569777,3,54.35941769962097,187.0648653776744,10.475059644035975,5.0,2038,2042,2039
28,4278.549905569777,3,54.35941769962097,187.0648653776744,10.475059644035975,5.0,2038,2042,2040
28,4278.549905569777,3,54.35941769962097,187.0648653776744,10.475059644035975,5.0,2038,2042,2041
28,3096.432001717231,4,43.32603634922857,176.45075769680125,14.843256045224638,4.0,2043,2046,2043
28,3096.432001717231,4,43.32603634922857,176.45075769680125,14.843256045224638,4.0,2043,2046,2044
28,3096.432001717231,4,43.32603634922857,176.45075769680125,14.843256045224638,4.0,2043,2046,2045
28,4734.327690968647,5,47.065489055797585,179.06788386644018,10.969869034072204,4.0,2047,2050,2047
28,4734.327690968647,5,47.065489055797585,179.06788386644018,10.969869034072204,4.0,2047,2050,2048
28,4734.327690968647,5,47.065489055797585,179.06788386644018,10.969869034072204,4.0,2047,2050,2049
28,3923.4917403637933,6,49.16157395427208,215.84619121784982,13.16582652245608,5.0,2051,2061,2051
28,3923.4917403637933,6,49.16157395427208,215.84619121784982,13.16582652245608,5.0,2051,2061,2052
28,3923.4917403637933,6,49.16157395427208,215.84619121784982,13.16582652245608,5.0,2051,2061,2053
28,3923.4917403637933,6,49.16157395427208,215.84619121784982,13.16582652245608,5.0,2051,2061,2054
28,3923.4917403637933,6,49.16157395427208,215.84619121784982,13.16582652245608,5.0,2051,2061,2055
28,3923.4917403637933,6,49.16157395427208,215.84619121784982,13.16582652245608,5.0,2051,2061,2056
28,3923.4917403637933,6,49.16157395427208,215.84619121784982,13.16582652245608,5.0,2051,2061,2057
28,3923.4917403637933,6,49.16157395427208,215.84619121784982,13.16582652245608,5.0,2051,2061,2058
28,3923.4917403637933,6,49.16157395427208,215.84619121784982,13.16582652245608,5.0,2051,2061,2059
28,3923.4917403637933,6,49.16157395427208,215.84619121784982,13.16582652245608,5.0,2051,2061,2060
29,9627.25391587786,1,84.77791040004918,163.5975704262357,14.350538731740539,20.0,2010,2029,2010
29,9627.25391587786,1,84.77791040004918,163.5975704262357,14.350538731740539,20.0,2010,2029,2011
29,9627.25391587786,1,84.77791040004918,163.5975704262357,14.350538731740539,20.0,2010,2029,2012
29,9627.25391587786,1,84.77791040004918,163.5975704262357,14.350538731740539,20.0,2010,2029,2013
29,9627.25391587786,1,84.77791040004918,163.5975704262357,14.350538731740539,20.0,2010,2029,2014
29,9627.25391587786,1,84.77791040004918,163.5975704262357,14.350538731740539,20.0,2010,2029,2015
29,9627.25391587786,1,84.77791040004918,163.5975704262357,14.350538731740539,20.0,2010,2029,2016
29,9627.25391587786,1,84.77791040004918,163.5975704262357,14.350538731740539,20.0,2010,2029,2017
29,9627.25391587786,1,84.77791040004918,163.5975704262357,14.350538731740539,20.0,2010,2029,2018
29,9627.25391587786,1,84.77791040004918,163.5975704262357,14.350538731740539,20.0,2010,2029,2019
29,9627.25391587786,1,84.77791040004918,163.5975704262357,14.350538731740539,20.0,2010,2029,2020
29,9627.25391587786,1,84.77791040004918,163.5975704262357,14.350538731740539,20.0,2010,2029,2021
29,9627.25391587786,1,84.77791040004918,163.5975704262357,14.350538731740539,20.0,2010,2029,2022
29,9627.25391587786,1,84.77791040004918,163.5975704262357,14.350538731740539,20.0,2010,2029,2023
29,9627.25391587786,1,84.77791040004918,163.5975704262357,14.350538731740539,20.0,2010,2029,2024
29,9627.25391587786,1,84.77791040004918,163.5975704262357,14.350538731740539,20.0,2010,2029,2025
29,9627.25391587786,1,84.77791040004918,163.5975704262357,14.350538731740539,20.0,2010,2029,2026
29,9627.25391587786,1,84.77791040004918,163.5975704262357,14.350538731740539,20.0,2010,2029,2027
29,9627.25391587786,1,84.77791040004918,163.5975704262357,14.350538731740539,20.0,2010,2029,2028
29,4758.311139138946,2,67.92652679069182,163.2559008041802,14.913596497467255,6.0,2030,2035,2030
29,4758.311139138946,2,67.92652679069182,163.2559008041802,14.913596497467255,6.0,2030,2035,2031
29,4758.311139138946,2,67.92652679069182,163.2559008041802,14.913596497467255,6.0,2030,2035,2032
29,4758.311139138946,2,67.92652679069182,163.2559008041802,14.913596497467255,6.0,2030,2035,2033
29,4758.311139138946,2,67.92652679069182,163.2559008041802,14.913596497467255,6.0,2030,2035,2034
29,3383.2012371558644,3,49.321702016131866,183.38706051863807,14.870887444971723,5.0,2036,2040,2036
29,3383.2012371558644,3,49.321702016131866,183.38706051863807,14.870887444971723,5.0,2036,2040,2037
29,3383.2012371558644,3,49.321702016131866,183.38706051863807,14.870887444971723,5.0,2036,2040,2038
29,3383.2012371558644,3,49.321702016131866,183.38706051863807,14.870887444971723,5.0,2036,2040,2039
29,4433.6233488835915,4,43.07335750346559,171.66222307444116,12.805138199886937,4.0,2041,2044,2041
29,4433.6233488835915,4,43.07335750346559,171.66222307444116,12.805138199886937,4.0,2041,2044,2042
29,4433.6233488835915,4,43.07335750346559,171.66222307444116,12.805138199886937,4.0,2041,2044,2043
29,3157.1037363948353,5,48.49881925650406,163.44330244870886,13.701317943852871,5.0,2045,2049,2045
29,3157.1037363948353,5,48.49881925650406,163.44330244870886,13.701317943852871,5.0,2045,2049,2046
29,3157.1037363948353,5,48.49881925650406,163.44330244870886,13.701317943852871,5.0,2045,2049,2047
29,3157.1037363948353,5,48.49881925650406,163.44330244870886,13.701317943852871,5.0,2045,2049,2048
29,4033.8247905852604,6,41.70885455950018,176.6854189928982,14.138505388504278,4.0,2050,2061,2050
29,4033.8247905852604,6,41.70885455950018,176.6854189928982,14.138505388504278,4.0,2050,2061,2051
29,4033.8247905852604,6,41.70885455950018,176.6854189928982,14.138505388504278,4.0,2050,2061,2052
29,4033.8247905852604,6,41.70885455950018,176.6854189928982,14.138505388504278,4.0,2050,2061,2053
29,4033.8247905852604,6,41.70885455950018,176.6854189928982,14.138505388504278,4.0,2050,2061,2054
29,4033.8247905852604,6,41.70885455950018,176.6854189928982,14.138505388504278,4.0,2050,2061,2055
29,4033.8247905852604,6,41.70885455950018,176.6854189928982,14.138505388504278,4.0,2050,2061,2056
29,4033.8247905852604,6,41.70885455950018,176.6854189928982,14.138505388504278,4.0,2050,2061,2057
29,4033.8247905852604,6,41.70885455950018,176.6854189928982,14.138505388504278,4.0,2050,2061,2058
29,4033.8247905852604,6,41.70885455950018,176.6854189928982,14.138505388504278,4.0,2050,2061,2059
29,4033.8247905852604,6,41.70885455950018,176.6854189928982,14.138505388504278,4.0,2050,2061,2060
30,9489.389554780077,1,113.70004664413017,189.25828968746663,14.719703090704058,22.0,2010,2031,2010
30,9489.389554780077,1,113.70004664413017,189.25828968746663,14.719703090704058,22.0,2010,2031,2011
30,9489.389554780077,1,113.70004664413017,189.25828968746663,14.719703090704058,22.0,2010,2031,2012
30,9489.389554780077,1,113.70004664413017,189.25828968746663,14.719703090704058,22.0,2010,2031,2013
30,9489.389554780077,1,113.70004664413017,189.25828968746663,14.719703090704058,22.0,2010,2031,2014
30,9489.389554780077,1,113.70004664413017,189.25828968746663,14.719703090704058,22.0,2010,2031,2015
30,9489.389554780077,1,113.70004664413017,189.25828968746663,14.719703090704058,22.0,2010,2031,2016
30,9489.389554780077,1,113.70004664413017,189.25828968746663,14.719703090704058,22.0,2010,2031,2017
30,9489.389554780077,1,113.70004664413017,189.25828968746663,14.719703090704058,22.0,2010,2031,2018
30,9489.389554780077,1,113.70004664413017,189.25828968746663,14.719703090704058,22.0,2010,2031,2019
30,9489.389554780077,1,113.70004664413017,189.25828968746663,14.719703090704058,22.0,2010,2031,2020
30,9489.389554780077,1,113.70004664413017,189.25828968746663,14.719703090704058,22.0,2010,2031,2021
30,9489.389554780077,1,113.70004664413017,189.25828968746663,14.719703090704058,22.0,2010,2031,2022
30,9489.389554780077,1,113.70004664413017,189.25828968746663,14.719703090704058,22.0,2010,2031,2023
30,9489.389554780077,1,113.70004664413017,189.25828968746663,14.719703090704058,22.0,2010,2031,2024
30,9489.389554780077,1,113.70004664413017,189.25828968746663,14.719703090704058,22.0,2010,2031,2025
30,9489.389554780077,1,113.70004664413017,189.25828968746663,14.719703090704058,22.0,2010,2031,2026
30,9489.389554780077,1,113.70004664413017,189.25828968746663,14.719703090704058,22.0,2010,2031,2027
30,9489.389554780077,1,113.70004664413017,189.25828968746663,14.719703090704058,22.0,2010,2031,2028
30,9489.389554780077,1,113.70004664413017,189.25828968746663,14.719703090704058,22.0,2010,2031,2029
30,9489.389554780077,1,113.70004664413017,189.25828968746663,14.719703090704058,22.0,2010,2031,2030
30,7050.476974925151,2,73.42947928344299,194.96190074783271,14.510439765057033,7.0,2032,2038,2032
30,7050.476974925151,2,73.42947928344299,194.96190074783271,14.510439765057033,7.0,2032,2038,2033
30,7050.476974925151,2,73.42947928344299,194.96190074783271,14.510439765057033,7.0,2032,2038,2034
30,7050.476974925151,2,73.42947928344299,194.96190074783271,14.510439765057033,7.0,2032,2038,2035
30,7050.476974925151,2,73.42947928344299,194.96190074783271,14.510439765057033,7.0,2032,2038,2036
30,7050.476974925151,2,73.42947928344299,194.96190074783271,14.510439765057033,7.0,2032,2038,2037
30,4660.771806256351,3,56.63514967377237,178.05912397544964,11.775925859135423,5.0,2039,2043,2039
30,4660.771806256351,3,56.63514967377237,178.05912397544964,11.775925859135423,5.0,2039,2043,2040
30,4660.771806256351,3,56.63514967377237,178.05912397544964,11.775925859135423,5.0,2039,2043,2041
30,4660.771806256351,3,56.63514967377237,178.05912397544964,11.775925859135423,5.0,2039,2043,2042
30,3450.9218565980364,4,55.96332381731998,191.89455798939977,13.980321469129347,5.0,2044,2048,2044
30,3450.9218565980364,4,55.96332381731998,191.89455798939977,13.980321469129347,5.0,2044,2048,2045
30,3450.9218565980364,4,55.96332381731998,191.89455798939977,13.980321469129347,5.0,2044,2048,2046
30,3450.9218565980364,4,55.96332381731998,191.89455798939977,13.980321469129347,5.0,2044,2048,2047
30,3540.381346428399,5,40.3517932483939,177.8789897149703,11.925777666453337,4.0,2049,2052,2049
30,3540.381346428399,5,40.3517932483939,177.8789897149703,11.925777666453337,4.0,2049,2052,2050
30,3540.381346428399,5,40.3517932483939,177.8789897149703,11.925777666453337,4.0,2049,2052,2051
30,4446.990824839522,6,47.20442522896807,186.07522949407846,13.422286431764398,4.0,2053,2061,2053
30,4446.990824839522,6,47.20442522896807,186.07522949407846,13.422286431764398,4.0,2053,2061,2054
30,4446.990824839522,6,47.20442522896807,186.07522949407846,13.422286431764398,4.0,2053,2061,2055
30,4446.990824839522,6,47.20442522896807,186.07522949407846,13.422286431764398,4.0,2053,2061,2056
30,4446.990824839522,6,47.20442522896807,186.07522949407846,13.422286431764398,4.0,2053,2061,2057
30,4446.990824839522,6,47.20442522896807,186.07522949407846,13.422286431764398,4.0,2053,2061,2058
30,4446.990824839522,6,47.20442522896807,186.07522949407846,13.422286431764398,4.0,2053,2061,2059
30,4446.990824839522,6,47.20442522896807,186.07522949407846,13.422286431764398,4.0,2053,2061,2060
31,9116.497728070077,1,109.01798729537248,188.18068291147173,13.37118304052994,22.0,2010,2031,2010
31,9116.497728070077,1,109.01798729537248,188.18068291147173,13.37118304052994,22.0,2010,2031,2011
31,9116.497728070077,1,109.01798729537248,188.18068291147173,13.37118304052994,22.0,2010,2031,2012
31,9116.497728070077,1,109.01798729537248,188.18068291147173,13.37118304052994,22.0,2010,2031,2013
31,9116.497728070077,1,109.01798729537248,188.18068291147173,13.37118304052994,22.0,2010,2031,2014
31,9116.497728070077,1,109.01798729537248,188.18068291147173,13.37118304052994,22.0,2010,2031,2015
31,9116.497728070077,1,109.01798729537248,188.18068291147173,13.37118304052994,22.0,2010,2031,2016
31,9116.497728070077,1,109.01798729537248,188.18068291147173,13.37118304052994,22.0,2010,2031,2017
31,9116.497728070077,1,109.01798729537248,188.18068291147173,13.37118304052994,22.0,2010,2031,2018
31,9116.497728070077,1,109.01798729537248,188.18068291147173,13.37118304052994,22.0,2010,2031,2019
31,9116.497728070077,1,109.01798729537248,188.18068291147173,13.37118304052994,22.0,2010,2031,2020
31,9116.497728070077,1,109.01798729537248,188.18068291147173,13.37118304052994,22.0,2010,2031,2021
31,9116.497728070077,1,109.01798729537248,188.18068291147173,13.37118304052994,22.0,2010,2031,2022
31,9116.497728070077,1,109.01798729537248,188.18068291147173,13.37118304052994,22.0,2010,2031,2023
31,9116.497728070077,1,109.01798729537248,188.18068291147173,13.37118304052994,22.0,2010,2031,2024
31,9116.497728070077,1,109.01798729537248,188.18068291147173,13.37118304052994,22.0,2010,2031,2025
31,9116.497728070077,1,109.01798729537248,188.18068291147173,13.37118304052994,22.0,2010,2031,2026
31,9116.497728070077,1,109.01798729537248,188.18068291147173,13.37118304052994,22.0,2010,2031,2027
31,9116.497728070077,1,109.01798729537248,188.18068291147173,13.37118304052994,22.0,2010,2031,2028
31,9116.497728070077,1,109.01798729537248,188.18068291147173,13.37118304052994,22.0,2010,2031,2029
31,9116.497728070077,1,109.01798729537248,188.18068291147173,13.37118304052994,22.0,2010,2031,2030
31,5311.027320531556,2,54.17932158149853,191.37223416650224,9.843938604461366,5.0,2032,2036,2032
31,5311.027320531556,2,54.17932158149853,191.37223416650224,9.843938604461366,5.0,2032,2036,2033
31,5311.027320531556,2,54.17932158149853,191.37223416650224,9.843938604461366,5.0,2032,2036,2034
31,5311.027320531556,2,54.17932158149853,191.37223416650224,9.843938604461366,5.0,2032,2036,2035
31,4738.516314768297,3,59.89352496615914,187.24189478882545,12.986578783342834,5.0,2037,2041,2037
31,4738.516314768297,3,59.89352496615914,187.24189478882545,12.986578783342834,5.0,2037,2041,2038
31,4738.516314768297,3,59.89352496615914,187.24189478882545,12.986578783342834,5.0,2037,2041,2039
31,4738.516314768297,3,59.89352496615914,187.24189478882545,12.986578783342834,5.0,2037,2041,2040
31,3624.733632008474,4,42.69226918481764,191.39369462669566,11.557040107851538,4.0,2042,2045,2042
31,3624.733632008474,4,42.69226918481764,191.39369462669566,11.557040107851538,4.0,2042,2045,2043
31,3624.733632008474,4,42.69226918481764,191.39369462669566,11.557040107851538,4.0,2042,2045,2044
31,4424.757052781596,5,41.11143780120537,182.99763153570106,15.41335450133338,4.0,2046,2049,2046
31,4424.757052781596,5,41.11143780120537,182.99763153570106,15.41335450133338,4.0,2046,2049,2047
31,4424.757052781596,5,41.11143780120537,182.99763153570106,15.41335450133338,4.0,2046,2049,2048
31,4548.591874892204,6,48.77488043723912,181.69598522384794,11.098737114904484,5.0,2050,2061,2050
31,4548.591874892204,6,48.77488043723912,181.69598522384794,11.098737114904484,5.0,2050,2061,2051
31,4548.591874892204,6,48.77488043723912,181.69598522384794,11.098737114904484,5.0,2050,2061,2052
31,4548.591874892204,6,48.77488043723912,181.69598522384794,11.098737114904484,5.0,2050,2061,2053
31,4548.591874892204,6,48.77488043723912,181.69598522384794,11.098737114904484,5.0,2050,2061,2054
31,4548.591874892204,6,48.77488043723912,181.69598522384794,11.098737114904484,5.0,2050,2061,2055
31,4548.591874892204,6,48.77488043723912,181.69598522384794,11.098737114904484,5.0,2050,2061,2056
31,4548.591874892204,6,48.77488043723912,181.69598522384794,11.098737114904484,5.0,2050,2061,2057
31,4548.591874892204,6,48.77488043723912,181.69598522384794,11.098737114904484,5.0,2050,2061,2058
31,4548.591874892204,6,48.77488043723912,181.69598522384794,11.098737114904484,5.0,2050,2061,2059
31,4548.591874892204,6,48.77488043723912,181.69598522384794,11.098737114904484,5.0,2050,2061,2060
32,9822.697044820734,1,103.58031391738112,168.6566438091263,12.909286665367777,21.0,2010,2030,2010
32,9822.697044820734,1,103.58031391738112,168.6566438091263,12.909286665367777,21.0,2010,2030,2011
32,9822.697044820734,1,103.58031391738112,168.6566438091263,12.909286665367777,21.0,2010,2030,2012
32,9822.697044820734,1,103.58031391738112,168.6566438091263,12.909286665367777,21.0,2010,2030,2013
32,9822.697044820734,1,103.58031391738112,168.6566438091263,12.909286665367777,21.0,2010,2030,2014
32,9822.697044820734,1,103.58031391738112,168.6566438091263,12.909286665367777,21.0,2010,2030,2015
32,9822.697044820734,1,103.58031391738112,168.6566438091263,12.909286665367777,21.0,2010,2030,2016
32,9822.697044820734,1,103.58031391738112,168.6566438091263,12.909286665367777,21.0,2010,2030,2017
32,9822.697044820734,1,103.58031391738112,168.6566438091263,12.909286665367777,21.0,2010,2030,2018
32,9822.697044820734,1,103.58031391738112,168.6566438091263,12.909286665367777,21.0,2010,2030,2019
32,9822.697044820734,1,103.58031391738112,168.6566438091263,12.909286665367777,21.0,2010,2030,2020
32,9822.697044820734,1,103.58031391738112,168.6566438091263,12.909286665367777,21.0,2010,2030,2021
32,9822.697044820734,1,103.58031391738112,168.6566438091263,12.909286665367777,21.0,2010,2030,2022
32,9822.697044820734,1,103.58031391738112,168.6566438091263,12.909286665367777,21.0,2010,2030,2023
32,9822.697044820734,1,103.58031391738112,168.6566438091263,12.909286665367777,21.0,2010,2030,2024
32,9822.697044820734,1,103.58031391738112,168.6566438091263,12.909286665367777,21.0,2010,2030,2025
32,9822.697044820734,1,103.58031391738112,168.6566438091263,12.909286665367777,21.0,2010,2030,2026
32,9822.697044820734,1,103.58031391738112,168.6566438091263,12.909286665367777,21.0,2010,2030,2027
32,9822.697044820734,1,103.58031391738112,168.6566438091263,12.909286665367777,21.0,2010,2030,2028
32,9822.697044820734,1,103.58031391738112,168.6566438091263,12.909286665367777,21.0,2010,2030,2029
32,6122.374409070742,2,76.14717808680693,202.07629785844324,13.323808024140728,7.0,2031,2037,2031
32,6122.374409070742,2,76.14717808680693,202.07629785844324,13.323808024140728,7.0,2031,2037,2032
32,6122.374409070742,2,76.14717808680693,202.07629785844324,13.323808024140728,7.0,2031,2037,2033
32,6122.374409070742,2,76.14717808680693,202.07629785844324,13.323808024140728,7.0,2031,2037,2034
32,6122.374409070742,2,76.14717808680693,202.07629785844324,13.323808024140728,7.0,2031,2037,2035
32,6122.374409070742,2,76.14717808680693,202.07629785844324,13.323808024140728,7.0,2031,2037,2036
32,5001.320218274544,3,59.20874432621283,187.02912935747756,12.400297581808678,5.0,2038,2042,2038
32,5001.320218274544,3,59.20874432621283,187.02912935747756,12.400297581808678,5.0,2038,2042,2039
32,5001.320218274544,3,59.20874432621283,187.02912935747756,12.400297581808678,5.0,2038,2042,2040
32,5001.320218274544,3,59.20874432621283,187.02912935747756,12.400297581808678,5.0,2038,2042,2041
32,3118.3818127674426,4,43.34134204113581,216.48624812315845,13.725325049740967,4.0,2043,2046,2043
32,3118.3818127674426,4,43.34134204113581,216.48624812315845,13.725325049740967,4.0,2043,2046,2044
32,3118.3818127674426,4,43.34134204113581,216.48624812315845,13.725325049740967,4.0,2043,2046,2045
32,4134.598312362972,5,37.924185633117546,178.80897755431613,13.15958007418859,4.0,2047,2050,2047
32,4134.598312362972,5,37.924185633117546,178.80897755431613,13.15958007418859,4.0,2047,2050,2048
32,4134.598312362972,5,37.924185633117546,178.80897755431613,13.15958007418859,4.0,2047,2050,2049
32,3735.6387427221134,6,43.87885072978392,183.12177926734893,14.175202655082575,4.0,2051,2061,2051
32,3735.6387427221134,6,43.87885072978392,183.12177926734893,14.175202655082575,4.0,2051,2061,2052
32,3735.6387427221134,6,43.87885072978392,183.12177926734893,14.175202655082575,4.0,2051,2061,2053
32,3735.6387427221134,6,43.87885072978392,183.12177926734893,14.175202655082575,4.0,2051,2061,2054
32,3735.6387427221134,6,43.87885072978392,183.12177926734893,14.175202655082575,4.0,2051,2061,2055
32,3735.6387427221134,6,43.87885072978392,183.12177926734893,14.175202655082575,4.0,2051,2061,2056
32,3735.6387427221134,6,43.87885072978392,183.12177926734893,14.175202655082575,4.0,2051,2061,2057
32,3735.6387427221134,6,43.87885072978392,183.12177926734893,14.175202655082575,4.0,2051,2061,2058
32,3735.6387427221134,6,43.87885072978392,183.12177926734893,14.175202655082575,4.0,2051,2061,2059
32,3735.6387427221134,6,43.87885072978392,183.12177926734893,14.175202655082575,4.0,2051,2061,2060
33,11540.29712456776,1,95.03496176282731,178.7883589225602,12.998091792363219,20.0,2010,2029,2010
33,11540.29712456776,1,95.03496176282731,178.7883589225602,12.998091792363219,20.0,2010,2029,2011
33,11540.29712456776,1,95.03496176282731,178.7883589225602,12.998091792363219,20.0,2010,2029,2012
33,11540.29712456776,1,95.03496176282731,178.7883589225602,12.998091792363219,20.0,2010,2029,2013
33,11540.29712456776,1,95.03496176282731,178.7883589225602,12.998091792363219,20.0,2010,2029,2014
33,11540.29712456776,1,95.03496176282731,178.7883589225602,12.998091792363219,20.0,2010,2029,2015
33,11540.29712456776,1,95.03496176282731,178.7883589225602,12.998091792363219,20.0,2010,2029,2016
33,11540.29712456776,1,95.03496176282731,178.7883589225602,12.998091792363219,20.0,2010,2029,2017
33,11540.29712456776,1,95.03496176282731,178.7883589225602,12.998091792363219,20.0,2010,2029,2018
33,11540.29712456776,1,95.03496176282731,178.7883589225602,12.998091792363219,20.0,2010,2029,2019
33,11540.29712456776,1,95.03496176282731,178.7883589225602,12.998091792363219,20.0,2010,2029,2020
33,11540.29712456776,1,95.03496176282731,178.7883589225602,12.998091792363219,20.0,2010,2029,2021
33,11540.29712456776,1,95.03496176282731,178.7883589225602,12.998091792363219,20.0,2010,2029,2022
33,11540.29712456776,1,95.03496176282731,178.7883589225602,12.998091792363219,20.0,2010,2029,2023
33,11540.29712456776,1,95.03496176282731,178.7883589225602,12.998091792363219,20.0,2010,2029,2024
33,11540.29712456776,1,95.03496176282731,178.7883589225602,12.998091792363219,20.0,2010,2029,2025
33,11540.29712456776,1,95.03496176282731,178.7883589225602,12.998091792363219,20.0,2010,2029,2026
33,11540.29712456776,1,95.03496176282731,178.7883589225602,12.998091792363219,20.0,2010,2029,2027
33,11540.29712456776,1,95.03496176282731,178.7883589225602,12.998091792363219,20.0,2010,2029,2028
33,6162.673341725876,2,72.06571636990112,167.81605522892724,11.23844552664802,7.0,2030,2036,2030
33,6162.673341725876,2,72.06571636990112,167.81605522892724,11.23844552664802,7.0,2030,2036,2031
33,6162.673341725876,2,72.06571636990112,167.81605522892724,11.23844552664802,7.0,2030,2036,2032
33,6162.673341725876,2,72.06571636990112,167.81605522892724,11.23844552664802,7.0,2030,2036,2033
33,6162.673341725876,2,72.06571636990112,167.81605522892724,11.23844552664802,7.0,2030,2036,2034
33,6162.673341725876,2,72.06571636990112,167.81605522892724,11.23844552664802,7.0,2030,2036,2035
33,4797.712860831577,3,62.65659245445747,161.00170751567182,12.857965880899105,6.0,2037,2042,2037
33,4797.712860831577,3,62.65659245445747,161.00170751567182,12.857965880899105,6.0,2037,2042,2038
33,4797.712860831577,3,62.65659245445747,161.00170751567182,12.857965880899105,6.0,2037,2042,2039
33,4797.712860831577,3,62.65659245445747,161.00170751567182,12.857965880899105,6.0,2037,2042,2040
33,4797.712860831577,3,62.65659245445747,161.00170751567182,12.857965880899105,6.0,2037,2042,2041
33,3556.3564300132066,4,43.09660534574652,215.7601568972712,14.045354615185053,4.0,2043,2046,2043
33,3556.3564300132066,4,43.09660534574652,215.7601568972712,14.045354615185053,4.0,2043,2046,2044
33,3556.3564300132066,4,43.09660534574652,215.7601568972712,14.045354615185053,4.0,2043,2046,2045
33,3102.4101719707037,5,48.38242137200067,174.50323708439245,15.40067603881941,5.0,2047,2051,2047
33,3102.4101719707037,5,48.38242137200067,174.50323708439245,15.40067603881941,5.0,2047,2051,2048
33,3102.4101719707037,5,48.38242137200067,174.50323708439245,15.40067603881941,5.0,2047,2051,2049
33,3102.4101719707037,5,48.38242137200067,174.50323708439245,15.40067603881941,5.0,2047,2051,2050
33,3724.9465325083866,6,50.30204898567001,169.53152621727105,12.467574793368104,5.0,2052,2061,2052
33,3724.9465325083866,6,50.30204898567001,169.53152621727105,12.467574793368104,5.0,2052,2061,2053
33,3724.9465325083866,6,50.30204898567001,169.53152621727105,12.467574793368104,5.0,2052,2061,2054
33,3724.9465325083866,6,50.30204898567001,169.53152621727105,12.467574793368104,5.0,2052,2061,2055
33,3724.9465325083866,6,50.30204898567001,169.53152621727105,12.467574793368104,5.0,2052,2061,2056
33,3724.9465325083866,6,50.30204898567001,169.53152621727105,12.467574793368104,5.0,2052,2061,2057
33,3724.9465325083866,6,50.30204898567001,169.53152621727105,12.467574793368104,5.0,2052,2061,2058
33,3724.9465325083866,6,50.30204898567001,169.53152621727105,12.467574793368104,5.0,2052,2061,2059
33,3724.9465325083866,6,50.30204898567001,169.53152621727105,12.467574793368104,5.0,2052,2061,2060
34,15302.692246802586,1,121.29705091297532,190.06506612649537,11.135194554662739,23.0,2010,2032,2010
34,15302.692246802586,1,121.29705091297532,190.06506612649537,11.135194554662739,23.0,2010,2032,2011
34,15302.692246802586,1,121.29705091297532,190.06506612649537,11.135194554662739,23.0,2010,2032,2012
34,15302.692246802586,1,121.29705091297532,190.06506612649537,11.135194554662739,23.0,2010,2032,2013
34,15302.692246802586,1,121.29705091297532,190.06506612649537,11.135194554662739,23.0,2010,2032,2014
34,15302.692246802586,1,121.29705091297532,190.06506612649537,11.135194554662739,23.0,2010,2032,2015
34,15302.692246802586,1,121.29705091297532,190.06506612649537,11.135194554662739,23.0,2010,2032,2016
34,15302.692246802586,1,121.29705091297532,190.06506612649537,11.135194554662739,23.0,2010,2032,2017
34,15302.692246802586,1,121.29705091297532,190.06506612649537,11.135194554662739,23.0,2010,2032,2018
34,15302.692246802586,1,121.29705091297532,190.06506612649537,11.135194554662739,23.0,2010,2032,2019
34,15302.692246802586,1,121.29705091297532,190.06506612649537,11.135194554662739,23.0,2010,2032,2020
34,15302.692246802586,1,121.29705091297532,190.06506612649537,11.135194554662739,23.0,2010,2032,2021
34,15302.692246802586,1,121.29705091297532,190.06506612649537,11.135194554662739,23.0,2010,2032,2022
34,15302.692246802586,1,121.29705091297532,190.06506612649537,11.135194554662739,23.0,2010,2032,2023
34,15302.692246802586,1,121.29705091297532,190.06506612649537,11.135194554662739,23.0,2010,2032,2024
34,15302.692246802586,1,121.29705091297532,190.06506612649537,11.135194554662739,23.0,2010,2032,2025
34,15302.692246802586,1,121.29705091297532,190.06506612649537,11.135194554662739,23.0,2010,2032,2026
34,15302.692246802586,1,121.29705091297532,190.06506612649537,11.135194554662739,23.0,2010,2032,2027
34,15302.692246802586,1,121.29705091297532,190.06506612649537,11.135194554662739,23.0,2010,2032,2028
34,15302.692246802586,1,121.29705091297532,190.06506612649537,11.135194554662739,23.0,2010,2032,2029
34,15302.692246802586,1,121.29705091297532,190.06506612649537,11.135194554662739,23.0,2010,2032,2030
34,15302.692246802586,1,121.29705091297532,190.06506612649537,11.135194554662739,23.0,2010,2032,2031
34,6318.283670504546,2,59.36442612009089,189.73240568421159,13.811362283275654,5.0,2033,2037,2033
34,6318.283670504546,2,59.36442612009089,189.73240568421159,13.811362283275654,5.0,2033,2037,2034
34,6318.283670504546,2,59.36442612009089,189.73240568421159,13.811362283275654,5.0,2033,2037,2035
34,6318.283670504546,2,59.36442612009089,189.73240568421159,13.811362283275654,5.0,2033,2037,2036
34,5611.045194412255,3,44.794174714887646,181.23697907178757,11.291982055723686,4.0,2038,2041,2038
34,5611.045194412255,3,44.794174714887646,181.23697907178757,11.291982055723686,4.0,2038,2041,2039
34,5611.045194412255,3,44.794174714887646,181.23697907178757,11.291982055723686,4.0,2038,2041,2040
34,5262.917818622835,4,54.273307358871776,161.78008735005088,12.96129842863022,5.0,2042,2046,2042
34,5262.917818622835,4,54.273307358871776,161.78008735005088,12.96129842863022,5.0,2042,2046,2043
34,5262.917818622835,4,54.273307358871776,161.78008735005088,12.96129842863022,5.0,2042,2046,2044
34,5262.917818622835,4,54.273307358871776,161.78008735005088,12.96129842863022,5.0,2042,2046,2045
34,3599.6971080828225,5,44.268705842447396,180.48731761345252,9.623315179825818,4.0,2047,2050,2047
34,3599.6971080828225,5,44.268705842447396,180.48731761345252,9.623315179825818,4.0,2047,2050,2048
34,3599.6971080828225,5,44.268705842447396,180.48731761345252,9.623315179825818,4.0,2047,2050,2049
34,4739.665799098951,6,38.62624471640097,186.07300578641613,10.421005620921617,4.0,2051,2061,2051
34,4739.665799098951,6,38.62624471640097,186.07300578641613,10.421005620921617,4.0,2051,2061,2052
34,4739.665799098951,6,38.62624471640097,186.07300578641613,10.421005620921617,4.0,2051,2061,2053
34,4739.665799098951,6,38.62624471640097,186.07300578641613,10.421005620921617,4.0,2051,2061,2054
34,4739.665799098951,6,38.62624471640097,186.07300578641613,10.421005620921617,4.0,2051,2061,2055
34,4739.665799098951,6,38.62624471640097,186.07300578641613,10.421005620921617,4.0,2051,2061,2056
34,4739.665799098951,6,38.62624471640097,186.07300578641613,10.421005620921617,4.0,2051,2061,2057
34,4739.665799098951,6,38.62624471640097,186.07300578641613,10.421005620921617,4.0,2051,2061,2058
34,4739.665799098951,6,38.62624471640097,186.07300578641613,10.421005620921617,4.0,2051,2061,2059
34,4739.665799098951,6,38.62624471640097,186.07300578641613,10.421005620921617,4.0,2051,2061,2060
35,13871.905121386542,1,125.23770041879467,173.58869836475043,13.054246046413317,23.0,2010,2032,2010
35,13871.905121386542,1,125.23770041879467,173.58869836475043,13.054246046413317,23.0,2010,2032,2011
35,13871.905121386542,1,125.23770041879467,173.58869836475043,13.054246046413317,23.0,2010,2032,2012
35,13871.905121386542,1,125.23770041879467,173.58869836475043,13.054246046413317,23.0,2010,2032,2013
35,13871.905121386542,1,125.23770041879467,173.58869836475043,13.054246046413317,23.0,2010,2032,2014
35,13871.905121386542,1,125.23770041879467,173.58869836475043,13.054246046413317,23.0,2010,2032,2015
35,13871.905121386542,1,125.23770041879467,173.58869836475043,13.054246046413317,23.0,2010,2032,2016
35,13871.905121386542,1,125.23770041879467,173.58869836475043,13.054246046413317,23.0,2010,2032,2017
35,13871.905121386542,1,125.23770041879467,173.58869836475043,13.054246046413317,23.0,2010,2032,2018
35,13871.905121386542,1,125.23770041879467,173.58869836475043,13.054246046413317,23.0,2010,2032,2019
35,13871.905121386542,1,125.23770041879467,173.58869836475043,13.054246046413317,23.0,2010,2032,2020
35,13871.905121386542,1,125.23770041879467,173.58869836475043,13.054246046413317,23.0,2010,2032,2021
35,13871.905121386542,1,125.23770041879467,173.58869836475043,13.054246046413317,23.0,2010,2032,2022
35,13871.905121386542,1,125.23770041879467,173.58869836475043,13.054246046413317,23.0,2010,2032,2023
35,13871.905121386542,1,125.23770041879467,173.58869836475043,13.054246046413317,23.0,2010,2032,2024
35,13871.905121386542,1,125.23770041879467,173.58869836475043,13.054246046413317,23.0,2010,2032,2025
35,13871.905121386542,1,125.23770041879467,173.58869836475043,13.054246046413317,23.0,2010,2032,2026
35,13871.905121386542,1,125.23770041879467,173.58869836475043,13.054246046413317,23.0,2010,2032,2027
35,13871.905121386542,1,125.23770041879467,173.58869836475043,13.054246046413317,23.0,2010,2032,2028
35,13871.905121386542,1,125.23770041879467,173.58869836475043,13.054246046413317,23.0,2010,2032,2029
35,13871.905121386542,1,125.23770041879467,173.58869836475043,13.054246046413317,23.0,2010,2032,2030
35,13871.905121386542,1,125.23770041879467,173.58869836475043,13.054246046413317,23.0,2010,2032,2031
35,3954.970006844297,2,65.11071564807297,182.91916230259616,14.561610598533328,6.0,2033,2038,2033
35,3954.970006844297,2,65.11071564807297,182.91916230259616,14.561610598533328,6.0,2033,2038,2034
35,3954.970006844297,2,65.11071564807297,182.91916230259616,14.561610598533328,6.0,2033,2038,2035
35,3954.970006844297,2,65.11071564807297,182.91916230259616,14.561610598533328,6.0,2033,2038,2036
35,3954.970006844297,2,65.11071564807297,182.91916230259616,14.561610598533328,6.0,2033,2038,2037
35,5946.0297941570825,3,58.63886273620965,184.3729753730902,12.274279077216168,5.0,2039,2043,2039
35,5946.0297941570825,3,58.63886273620965,184.3729753730902,12.274279077216168,5.0,2039,2043,2040
35,5946.0297941570825,3,58.63886273620965,184.3729753730902,12.274279077216168,5.0,2039,2043,2041
35,5946.0297941570825,3,58.63886273620965,184.3729753730902,12.274279077216168,5.0,2039,2043,2042
35,3699.2507379116814,4,43.4475528133766,177.77891959962196,12.251637290710459,4.0,2044,2047,2044
35,3699.2507379116814,4,43.4475528133766,177.77891959962196,12.251637290710459,4.0,2044,2047,2045
35,3699.2507379116814,4,43.4475528133766,177.77891959962196,12.251637290710459,4.0,2044,2047,2046
35,4187.524332921537,5,49.85994389504475,182.07476000977266,12.962296538007664,5.0,2048,2052,2048
35,4187.524332921537,5,49.85994389504475,182.07476000977266,12.962296538007664,5.0,2048,2052,2049
35,4187.524332921537,5,49.85994389504475,182.07476000977266,12.962296538007664,5.0,2048,2052,2050
35,4187.524332921537,5,49.85994389504475,182.07476000977266,12.962296538007664,5.0,2048,2052,2051
35,4628.254539913879,6,40.043291247514965,168.0544915578615,16.3278632612651,4.0,2053,2061,2053
35,4628.254539913879,6,40.043291247514965,168.0544915578615,16.3278632612651,4.0,2053,2061,2054
35,4628.254539913879,6,40.043291247514965,168.0544915578615,16.3278632612651,4.0,2053,2061,2055
35,4628.254539913879,6,40.043291247514965,168.0544915578615,16.3278632612651,4.0,2053,2061,2056
35,4628.254539913879,6,40.043291247514965,168.0544915578615,16.3278632612651,4.0,2053,2061,2057
35,4628.254539913879,6,40.043291247514965,168.0544915578615,16.3278632612651,4.0,2053,2061,2058
35,4628.254539913879,6,40.043291247514965,168.0544915578615,16.3278632612651,4.0,2053,2061,2059
35,4628.254539913879,6,40.043291247514965,168.0544915578615,16.3278632612651,4.0,2053,2061,2060
36,11165.325017400715,1,95.77007752264883,210.42704918783622,11.952503776888904,20.0,2010,2029,2010
36,11165.325017400715,1,95.77007752264883,210.42704918783622,11.952503776888904,20.0,2010,2029,2011
36,11165.325017400715,1,95.77007752264883,210.42704918783622,11.952503776888904,20.0,2010,2029,2012
36,11165.325017400715,1,95.77007752264883,210.42704918783622,11.952503776888904,20.0,2010,2029,2013
36,11165.325017400715,1,95.77007752264883,210.42704918783622,11.952503776888904,20.0,2010,2029,2014
36,11165.325017400715,1,95.77007752264883,210.42704918783622,11.952503776888904,20.0,2010,2029,2015
36,11165.325017400715,1,95.77007752264883,210.42704918783622,11.952503776888904,20.0,2010,2029,2016
36,11165.325017400715,1,95.77007752264883,210.42704918783622,11.952503776888904,20.0,2010,2029,2017
36,11165.325017400715,1,95.77007752264883,210.42704918783622,11.952503776888904,20.0,2010,2029,2018
36,11165.325017400715,1,95.77007752264883,210.42704918783622,11.952503776888904,20.0,2010,2029,2019
36,11165.325017400715,1,95.77007752264883,210.42704918783622,11.952503776888904,20.0,2010,2029,2020
36,11165.325017400715,1,95.77007752264883,210.42704918783622,11.952503776888904,20.0,2010,2029,2021
36,11165.325017400715,1,95.77007752264883,210.42704918783622,11.952503776888904,20.0,2010,2029,2022
36,11165.325017400715,1,95.77007752264883,210.42704918783622,11.952503776888904,20.0,2010,2029,2023
36,11165.325017400715,1,95.77007752264883,210.42704918783622,11.952503776888904,20.0,2010,2029,2024
36,11165.325017400715,1,95.77007752264883,210.42704918783622,11.952503776888904,20.0,2010,2029,2025
36,11165.325017400715,1,95.77007752264883,210.42704918783622,11.952503776888904,20.0,2010,2029,2026
36,11165.325017400715,1,95.77007752264883,210.42704918783622,11.952503776888904,20.0,2010,2029,2027
36,11165.325017400715,1,95.77007752264883,210.42704918783622,11.952503776888904,20.0,2010,2029,2028
36,5523.072815727446,2,54.27237305048463,173.4932301100619,14.232733850097073,5.0,2030,2034,2030
36,5523.072815727446,2,54.27237305048463,173.4932301100619,14.232733850097073,5.0,2030,2034,2031
36,5523.072815727446,2,54.27237305048463,173.4932301100619,14.232733850097073,5.0,2030,2034,2032
36,5523.072815727446,2,54.27237305048463,173.4932301100619,14.232733850097073,5.0,2030,2034,2033
36,3947.6995754268983,3,59.71628104415317,182.45203926784328,10.41607009169184,5.0,2035,2039,2035
36,3947.6995754268983,3,59.71628104415317,182.45203926784328,10.41607009169184,5.0,2035,2039,2036
36,3947.6995754268983,3,59.71628104415317,182.45203926784328,10.41607009169184,5.0,2035,2039,2037
36,3947.6995754268983,3,59.71628104415317,182.45203926784328,10.41607009169184,5.0,2035,2039,2038
36,5103.062094072165,4,54.21558566060386,173.570519694435,12.014693738285441,5.0,2040,2044,2040
36,5103.062094072165,4,54.21558566060386,173.570519694435,12.014693738285441,5.0,2040,2044,2041
36,5103.062094072165,4,54.21558566060386,173.570519694435,12.014693738285441,5.0,2040,2044,2042
36,5103.062094072165,4,54.21558566060386,173.570519694435,12.014693738285441,5.0,2040,2044,2043
36,3743.956200415888,5,40.26061984680876,198.7776938882581,13.704131524577459,4.0,2045,2048,2045
36,3743.956200415888,5,40.26061984680876,198.7776938882581,13.704131524577459,4.0,2045,2048,2046
36,3743.956200415888,5,40.26061984680876,198.7776938882581,13.704131524577459,4.0,2045,2048,2047
36,3545.720652423218,6,46.97357610321729,200.6825950727882,13.968017033488906,4.0,2049,2061,2049
36,3545.720652423218,6,46.97357610321729,200.6825950727882,13.968017033488906,4.0,2049,2061,2050
36,3545.720652423218,6,46.97357610321729,200.6825950727882,13.968017033488906,4.0,2049,2061,2051
36,3545.720652423218,6,46.97357610321729,200.6825950727882,13.968017033488906,4.0,2049,2061,2052
36,3545.720652423218,6,46.97357610321729,200.6825950727882,13.968017033488906,4.0,2049,2061,2053
36,3545.720652423218,6,46.97357610321729,200.6825950727882,13.968017033488906,4.0,2049,2061,2054
36,3545.720652423218,6,46.97357610321729,200.6825950727882,13.968017033488906,4.0,2049,2061,2055
36,3545.720652423218,6,46.97357610321729,200.6825950727882,13.968017033488906,4.0,2049,2061,2056
36,3545.720652423218,6,46.97357610321729,200.6825950727882,13.968017033488906,4.0,2049,2061,2057
36,3545.720652423218,6,46.97357610321729,200.6825950727882,13.968017033488906,4.0,2049,2061,2058
36,3545.720652423218,6,46.97357610321729,200.6825950727882,13.968017033488906,4.0,2049,2061,2059
36,3545.720652423218,6,46.97357610321729,200.6825950727882,13.968017033488906,4.0,2049,2061,2060
37,6205.794159489339,1,81.32110307503194,166.06695271036858,11.717087009011408,19.0,2010,2028,2010
37,6205.794159489339,1,81.32110307503194,166.06695271036858,11.717087009011408,19.0,2010,2028,2011
37,6205.794159489339,1,81.32110307503194,166.06695271036858,11.717087009011408,19.0,2010,2028,2012
37,6205.794159489339,1,81.32110307503194,166.06695271036858,11.717087009011408,19.0,2010,2028,2013
37,6205.794159489339,1,81.32110307503194,166.06695271036858,11.717087009011408,19.0,2010,2028,2014
37,6205.794159489339,1,81.32110307503194,166.06695271036858,11.717087009011408,19.0,2010,2028,2015
37,6205.794159489339,1,81.32110307503194,166.06695271036858,11.717087009011408,19.0,2010,2028,2016
37,6205.794159489339,1,81.32110307503194,166.06695271036858,11.717087009011408,19.0,2010,2028,2017
37,6205.794159489339,1,81.32110307503194,166.06695271036858,11.717087009011408,19.0,2010,2028,2018
37,6205.794159489339,1,81.32110307503194,166.06695271036858,11.717087009011408,19.0,2010,2028,2019
37,6205.794159489339,1,81.32110307503194,166.06695271036858,11.717087009011408,19.0,2010,2028,2020
37,6205.794159489339,1,81.32110307503194,166.06695271036858,11.717087009011408,19.0,2010,2028,2021
37,6205.794159489339,1,81.32110307503194,166.06695271036858,11.717087009011408,19.0,2010,2028,2022
37,6205.794159489339,1,81.32110307503194,166.06695271036858,11.717087009011408,19.0,2010,2028,2023
37,6205.794159489339,1,81.32110307503194,166.06695271036858,11.717087009011408,19.0,2010,2028,2024
37,6205.794159489339,1,81.32110307503194,166.06695271036858,11.717087009011408,19.0,2010,2028,2025
37,6205.794159489339,1,81.32110307503194,166.06695271036858,11.717087009011408,19.0,2010,2028,2026
37,6205.794159489339,1,81.32110307503194,166.06695271036858,11.717087009011408,19.0,2010,2028,2027
37,5800.336474343673,2,54.247853582439674,185.4151806099344,11.550123931666928,5.0,2029,2033,2029
37,5800.336474343673,2,54.247853582439674,185.4151806099344,11.550123931666928,5.0,2029,2033,2030
37,5800.336474343673,2,54.247853582439674,185.4151806099344,11.550123931666928,5.0,2029,2033,2031
37,5800.336474343673,2,54.247853582439674,185.4151806099344,11.550123931666928,5.0,2029,2033,2032
37,5635.687629777196,3,63.07524283131747,179.77125910890382,14.916482352548858,6.0,2034,2039,2034
37,5635.687629777196,3,63.07524283131747,179.77125910890382,14.916482352548858,6.0,2034,2039,2035
37,5635.687629777196,3,63.07524283131747,179.77125910890382,14.916482352548858,6.0,2034,2039,2036
37,5635.687629777196,3,63.07524283131747,179.77125910890382,14.916482352548858,6.0,2034,2039,2037
37,5635.687629777196,3,63.07524283131747,179.77125910890382,14.916482352548858,6.0,2034,2039,2038
37,4180.407209143501,4,43.76627751315595,176.68997999772387,13.629651694319591,4.0,2040,2043,2040
37,4180.407209143501,4,43.76627751315595,176.68997999772387,13.629651694319591,4.0,2040,2043,2041
37,4180.407209143501,4,43.76627751315595,176.68997999772387,13.629651694319591,4.0,2040,2043,2042
37,4121.993297855235,5,48.627162154619356,176.0141232734078,15.174691723257537,5.0,2044,2048,2044
37,4121.993297855235,5,48.627162154619356,176.0141232734078,15.174691723257537,5.0,2044,2048,2045
37,4121.993297855235,5,48.627162154619356,176.0141232734078,15.174691723257537,5.0,2044,2048,2046
37,4121.993297855235,5,48.627162154619356,176.0141232734078,15.174691723257537,5.0,2044,2048,2047
37,3859.146269563463,6,48.912358407046725,197.6071311526308,14.110288734557106,5.0,2049,2061,2049
37,3859.146269563463,6,48.912358407046725,197.6071311526308,14.110288734557106,5.0,2049,2061,2050
37,3859.146269563463,6,48.912358407046725,197.6071311526308,14.110288734557106,5.0,2049,2061,2051
37,3859.146269563463,6,48.912358407046725,197.6071311526308,14.110288734557106,5.0,2049,2061,2052
37,3859.146269563463,6,48.912358407046725,197.6071311526308,14.110288734557106,5.0,2049,2061,2053
37,3859.146269563463,6,48.912358407046725,197.6071311526308,14.110288734557106,5.0,2049,2061,2054
37,3859.146269563463,6,48.912358407046725,197.6071311526308,14.110288734557106,5.0,2049,2061,2055
37,3859.146269563463,6,48.912358407046725,197.6071311526308,14.110288734557106,5.0,2049,2061,2056
37,3859.146269563463,6,48.912358407046725,197.6071311526308,14.110288734557106,5.0,2049,2061,2057
37,3859.146269563463,6,48.912358407046725,197.6071311526308,14.110288734557106,5.0,2049,2061,2058
37,3859.146269563463,6,48.912358407046725,197.6071311526308,14.110288734557106,5.0,2049,2061,2059
37,3859.146269563463,6,48.912358407046725,197.6071311526308,14.110288734557106,5.0,2049,2061,2060
38,14267.415474119756,1,101.5154771242851,184.79390767602774,12.1536680331231,21.0,2010,2030,2010
38,14267.415474119756,1,101.5154771242851,184.79390767602774,12.1536680331231,21.0,2010,2030,2011
38,14267.415474119756,1,101.5154771242851,184.79390767602774,12.1536680331231,21.0,2010,2030,2012
38,14267.415474119756,1,101.5154771242851,184.79390767602774,12.1536680331231,21.0,2010,2030,2013
38,14267.415474119756,1,101.5154771242851,184.79390767602774,12.1536680331231,21.0,2010,2030,2014
38,14267.415474119756,1,101.5154771242851,184.79390767602774,12.1536680331231,21.0,2010,2030,2015
38,14267.415474119756,1,101.5154771242851,184.79390767602774,12.1536680331231,21.0,2010,2030,2016
38,14267.415474119756,1,101.5154771242851,184.79390767602774,12.1536680331231,21.0,2010,2030,2017
38,14267.415474119756,1,101.5154771242851,184.79390767602774,12.1536680331231,21.0,2010,2030,2018
38,14267.415474119756,1,101.5154771242851,184.79390767602774,12.1536680331231,21.0,2010,2030,2019
38,14267.415474119756,1,101.5154771242851,184.79390767602774,12.1536680331231,21.0,2010,2030,2020
38,14267.415474119756,1,101.5154771242851,184.79390767602774,12.1536680331231,21.0,2010,2030,2021
38,14267.415474119756,1,101.5154771242851,184.79390767602774,12.1536680331231,21.0,2010,2030,2022
38,14267.415474119756,1,101.5154771242851,184.79390767602774,12.1536680331231,21.0,2010,2030,2023
38,14267.415474119756,1,101.5154771242851,184.79390767602774,12.1536680331231,21.0,2010,2030,2024
38,14267.415474119756,1,101.5154771242851,184.79390767602774,12.1536680331231,21.0,2010,2030,2025
38,14267.415474119756,1,101.5154771242851,184.79390767602774,12.1536680331231,21.0,2010,2030,2026
38,14267.415474119756,1,101.5154771242851,184.79390767602774,12.1536680331231,21.0,2010,2030,2027
38,14267.415474119756,1,101.5154771242851,184.79390767602774,12.1536680331231,21.0,2010,2030,2028
38,14267.415474119756,1,101.5154771242851,184.79390767602774,12.1536680331231,21.0,2010,2030,2029
38,4422.536397453333,2,56.93024679323114,207.59239471016946,15.370149242451502,5.0,2031,2035,2031
38,4422.536397453333,2,56.93024679323114,207.59239471016946,15.370149242451502,5.0,2031,2035,2032
38,4422.536397453333,2,56.93024679323114,207.59239471016946,15.370149242451502,5.0,2031,2035,2033
38,4422.536397453333,2,56.93024679323114,207.59239471016946,15.370149242451502,5.0,2031,2035,2034
38,4130.475571253417,3,46.873110931476305,187.58890645494708,10.231194807717305,4.0,2036,2039,2036
38,4130.475571253417,3,46.873110931476305,187.58890645494708,10.231194807717305,4.0,2036,2039,2037
38,4130.475571253417,3,46.873110931476305,187.58890645494708,10.231194807717305,4.0,2036,2039,2038
38,4123.9294081509815,4,54.99018593117261,177.09010791688834,14.115468676199079,5.0,2040,2044,2040
38,4123.9294081509815,4,54.99018593117261,177.09010791688834,14.115468676199079,5.0,2040,2044,2041
38,4123.9294081509815,4,54.99018593117261,177.09010791688834,14.115468676199079,5.0,2040,2044,2042
38,4123.9294081509815,4,54.99018593117261,177.09010791688834,14.115468676199079,5.0,2040,2044,2043
38,4542.725652404247,5,38.308447971268244,217.51635294756917,13.733098636325336,4.0,2045,2048,2045
38,4542.725652404247,5,38.308447971268244,217.51635294756917,13.733098636325336,4.0,2045,2048,2046
38,4542.725652404247,5,38.308447971268244,217.51635294756917,13.733098636325336,4.0,2045,2048,2047
38,3812.43490153246,6,39.257620609275754,181.09592821923903,12.430201846552476,4.0,2049,2061,2049
38,3812.43490153246,6,39.257620609275754,181.09592821923903,12.430201846552476,4.0,2049,2061,2050
38,3812.43490153246,6,39.257620609275754,181.09592821923903,12.430201846552476,4.0,2049,2061,2051
38,3812.43490153246,6,39.257620609275754,181.09592821923903,12.430201846552476,4.0,2049,2061,2052
38,3812.43490153246,6,39.257620609275754,181.09592821923903,12.430201846552476,4.0,2049,2061,2053
38,3812.43490153246,6,39.257620609275754,181.09592821923903,12.430201846552476,4.0,2049,2061,2054
38,3812.43490153246,6,39.257620609275754,181.09592821923903,12.430201846552476,4.0,2049,2061,2055
38,3812.43490153246,6,39.257620609275754,181.09592821923903,12.430201846552476,4.0,2049,2061,2056
38,3812.43490153246,6,39.257620609275754,181.09592821923903,12.430201846552476,4.0,2049,2061,2057
38,3812.43490153246,6,39.257620609275754,181.09592821923903,12.430201846552476,4.0,2049,2061,2058
38,3812.43490153246,6,39.257620609275754,181.09592821923903,12.430201846552476,4.0,2049,2061,2059
38,3812.43490153246,6,39.257620609275754,181.09592821923903,12.430201846552476,4.0,2049,2061,2060
39,8549.665156666375,1,97.37695233975958,184.37709023017527,12.352252537804597,21.0,2010,2030,2010
39,8549.665156666375,1,97.37695233975958,184.37709023017527,12.352252537804597,21.0,2010,2030,2011
39,8549.665156666375,1,97.37695233975958,184.37709023017527,12.352252537804597,21.0,2010,2030,2012
39,8549.665156666375,1,97.37695233975958,184.37709023017527,12.352252537804597,21.0,2010,2030,2013
39,8549.665156666375,1,97.37695233975958,184.37709023017527,12.352252537804597,21.0,2010,2030,2014
39,8549.665156666375,1,97.37695233975958,184.37709023017527,12.352252537804597,21.0,2010,2030,2015
39,8549.665156666375,1,97.37695233975958,184.37709023017527,12.352252537804597,21.0,2010,2030,2016
39,8549.665156666375,1,97.37695233975958,184.37709023017527,12.352252537804597,21.0,2010,2030,2017
39,8549.665156666375,1,97.37695233975958,184.37709023017527,12.352252537804597,21.0,2010,2030,2018
39,8549.665156666375,1,97.37695233975958,184.37709023017527,12.352252537804597,21.0,2010,2030,2019
39,8549.665156666375,1,97.37695233975958,184.37709023017527,12.352252537804597,21.0,2010,2030,2020
39,8549.665156666375,1,97.37695233975958,184.37709023017527,12.352252537804597,21.0,2010,2030,2021
39,8549.665156666375,1,97.37695233975958,184.37709023017527,12.352252537804597,21.0,2010,2030,2022
39,8549.665156666375,1,97.37695233975958,184.37709023017527,12.352252537804597,21.0,2010,2030,2023
39,8549.665156666375,1,97.37695233975958,184.37709023017527,12.352252537804597,21.0,2010,2030,2024
39,8549.665156666375,1,97.37695233975958,184.37709023017527,12.352252537804597,21.0,2010,2030,2025
39,8549.665156666375,1,97.37695233975958,184.37709023017527,12.352252537804597,21.0,2010,2030,2026
39,8549.665156666375,1,97.37695233975958,184.37709023017527,12.352252537804597,21.0,2010,2030,2027
39,8549.665156666375,1,97.37695233975958,184.37709023017527,12.352252537804597,21.0,2010,2030,2028
39,8549.665156666375,1,97.37695233975958,184.37709023017527,12.352252537804597,21.0,2010,2030,2029
39,6453.711909588741,2,57.70775836561158,176.4198399814734,16.520698588349767,5.0,2031,2035,2031
39,6453.711909588741,2,57.70775836561158,176.4198399814734,16.520698588349767,5.0,2031,2035,2032
39,6453.711909588741,2,57.70775836561158,176.4198399814734,16.520698588349767,5.0,2031,2035,2033
39,6453.711909588741,2,57.70775836561158,176.4198399814734,16.520698588349767,5.0,2031,2035,2034
39,3985.6889077405335,3,46.137731206178266,176.49180436401468,11.139989860086299,4.0,2036,2039,2036
39,3985.6889077405335,3,46.137731206178266,176.49180436401468,11.139989860086299,4.0,2036,2039,2037
39,3985.6889077405335,3,46.137731206178266,176.49180436401468,11.139989860086299,4.0,2036,2039,2038
39,5254.23265966136,4,54.95728712264963,164.75042904772707,11.998064598209659,5.0,2040,2044,2040
39,5254.23265966136,4,54.95728712264963,164.75042904772707,11.998064598209659,5.0,2040,2044,2041
39,5254.23265966136,4,54.95728712264963,164.75042904772707,11.998064598209659,5.0,2040,2044,2042
39,5254.23265966136,4,54.95728712264963,164.75042904772707,11.998064598209659,5.0,2040,2044,2043
39,4515.495892655578,5,39.09246653010139,187.081756563792,12.784942957490479,4.0,2045,2048,2045
39,4515.495892655578,5,39.09246653010139,187.081756563792,12.784942957490479,4.0,2045,2048,2046
39,4515.495892655578,5,39.09246653010139,187.081756563792,12.784942957490479,4.0,2045,2048,2047
39,2892.0906971610066,6,39.17917724662498,180.80848163301795,13.019753117085786,4.0,2049,2061,2049
39,2892.0906971610066,6,39.17917724662498,180.80848163301795,13.019753117085786,4.0,2049,2061,2050
39,2892.0906971610066,6,39.17917724662498,180.80848163301795,13.019753117085786,4.0,2049,2061,2051
39,2892.0906971610066,6,39.17917724662498,180.80848163301795,13.019753117085786,4.0,2049,2061,2052
39,2892.0906971610066,6,39.17917724662498,180.80848163301795,13.019753117085786,4.0,2049,2061,2053
39,2892.0906971610066,6,39.17917724662498,180.80848163301795,13.019753117085786,4.0,2049,2061,2054
39,2892.0906971610066,6,39.17917724662498,180.80848163301795,13.019753117085786,4.0,2049,2061,2055
39,2892.0906971610066,6,39.17917724662498,180.80848163301795,13.019753117085786,4.0,2049,2061,2056
39,2892.0906971610066,6,39.17917724662498,180.80848163301795,13.019753117085786,4.0,2049,2061,2057
39,2892.0906971610066,6,39.17917724662498,180.80848163301795,13.019753117085786,4.0,2049,2061,2058
39,2892.0906971610066,6,39.17917724662498,180.80848163301795,13.019753117085786,4.0,2049,2061,2059
39,2892.0906971610066,6,39.17917724662498,180.80848163301795,13.019753117085786,4.0,2049,2061,2060
40,7344.419924141575,1,104.82366088790322,209.35229824217308,12.821101092286227,21.0,2010,2030,2010
40,7344.419924141575,1,104.82366088790322,209.35229824217308,12.821101092286227,21.0,2010,2030,2011
40,7344.419924141575,1,104.82366088790322,209.35229824217308,12.821101092286227,21.0,2010,2030,2012
40,7344.419924141575,1,104.82366088790322,209.35229824217308,12.821101092286227,21.0,2010,2030,2013
40,7344.419924141575,1,104.82366088790322,209.35229824217308,12.821101092286227,21.0,2010,2030,2014
40,7344.419924141575,1,104.82366088790322,209.35229824217308,12.821101092286227,21.0,2010,2030,2015
40,7344.419924141575,1,104.82366088790322,209.35229824217308,12.821101092286227,21.0,2010,2030,2016
40,7344.419924141575,1,104.82366088790322,209.35229824217308,12.821101092286227,21.0,2010,2030,2017
40,7344.419924141575,1,104.82366088790322,209.35229824217308,12.821101092286227,21.0,2010,2030,2018
40,7344.419924141575,1,104.82366088790322,209.35229824217308,12.821101092286227,21.0,2010,2030,2019
40,7344.419924141575,1,104.82366088790322,209.35229824217308,12.821101092286227,21.0,2010,2030,2020
40,7344.419924141575,1,104.82366088790322,209.35229824217308,12.821101092286227,21.0,2010,2030,2021
40,7344.419924141575,1,104.82366088790322,209.35229824217308,12.821101092286227,21.0,2010,2030,2022
40,7344.419924141575,1,104.82366088790322,209.35229824217308,12.821101092286227,21.0,2010,2030,2023
40,7344.419924141575,1,104.82366088790322,209.35229824217308,12.821101092286227,21.0,2010,2030,2024
40,7344.419924141575,1,104.82366088790322,209.35229824217308,12.821101092286227,21.0,2010,2030,2025
40,7344.419924141575,1,104.82366088790322,209.35229824217308,12.821101092286227,21.0,2010,2030,2026
40,7344.419924141575,1,104.82366088790322,209.35229824217308,12.821101092286227,21.0,2010,2030,2027
40,7344.419924141575,1,104.82366088790322,209.35229824217308,12.821101092286227,21.0,2010,2030,2028
40,7344.419924141575,1,104.82366088790322,209.35229824217308,12.821101092286227,21.0,2010,2030,2029
40,5180.226924530613,2,54.30192855824765,154.80547636085578,11.883329886421135,5.0,2031,2035,2031
40,5180.226924530613,2,54.30192855824765,154.80547636085578,11.883329886421135,5.0,2031,2035,2032
40,5180.226924530613,2,54.30192855824765,154.80547636085578,11.883329886421135,5.0,2031,2035,2033
40,5180.226924530613,2,54.30192855824765,154.80547636085578,11.883329886421135,5.0,2031,2035,2034
40,3625.845440916127,3,50.31407968718635,197.61432616139817,13.321244464956122,5.0,2036,2040,2036
40,3625.845440916127,3,50.31407968718635,197.61432616139817,13.321244464956122,5.0,2036,2040,2037
40,3625.845440916127,3,50.31407968718635,197.61432616139817,13.321244464956122,5.0,2036,2040,2038
40,3625.845440916127,3,50.31407968718635,197.61432616139817,13.321244464956122,5.0,2036,2040,2039
40,4985.684098166326,4,55.90062675898715,183.97256719291448,13.305486055558884,5.0,2041,2045,2041
40,4985.684098166326,4,55.90062675898715,183.97256719291448,13.305486055558884,5.0,2041,2045,2042
40,4985.684098166326,4,55.90062675898715,183.97256719291448,13.305486055558884,5.0,2041,2045,2043
40,4985.684098166326,4,55.90062675898715,183.97256719291448,13.305486055558884,5.0,2041,2045,2044
40,4361.520732800221,5,48.462577244740345,183.13020032302154,15.057187600326404,5.0,2046,2050,2046
40,4361.520732800221,5,48.462577244740345,183.13020032302154,15.057187600326404,5.0,2046,2050,2047
40,4361.520732800221,5,48.462577244740345,183.13020032302154,15.057187600326404,5.0,2046,2050,2048
40,4361.520732800221,5,48.462577244740345,183.13020032302154,15.057187600326404,5.0,2046,2050,2049
40,4195.175898081913,6,35.68696617491778,175.0301884531977,14.116218513597083,3.0,2051,2061,2051
40,4195.175898081913,6,35.68696617491778,175.0301884531977,14.116218513597083,3.0,2051,2061,2052
40,4195.175898081913,6,35.68696617491778,175.0301884531977,14.116218513597083,3.0,2051,2061,2053
40,4195.175898081913,6,35.68696617491778,175.0301884531977,14.116218513597083,3.0,2051,2061,2054
40,4195.175898081913,6,35.68696617491778,175.0301884531977,14.116218513597083,3.0,2051,2061,2055
40,4195.175898081913,6,35.68696617491778,175.0301884531977,14.116218513597083,3.0,2051,2061,2056
40,4195.175898081913,6,35.68696617491778,175.0301884531977,14.116218513597083,3.0,2051,2061,2057
40,4195.175898081913,6,35.68696617491778,175.0301884531977,14.116218513597083,3.0,2051,2061,2058
40,4195.175898081913,6,35.68696617491778,175.0301884531977,14.116218513597083,3.0,2051,2061,2059
40,4195.175898081913,6,35.68696617491778,175.0301884531977,14.116218513597083,3.0,2051,2061,2060
41,11145.525744763609,1,118.6141052104762,204.43385872927774,11.376582589466492,22.0,2010,2031,2010
41,11145.525744763609,1,118.6141052104762,204.43385872927774,11.376582589466492,22.0,2010,2031,2011
41,11145.525744763609,1,118.6141052104762,204.43385872927774,11.376582589466492,22.0,2010,2031,2012
41,11145.525744763609,1,118.6141052104762,204.43385872927774,11.376582589466492,22.0,2010,2031,2013
41,11145.525744763609,1,118.6141052104762,204.43385872927774,11.376582589466492,22.0,2010,2031,2014
41,11145.525744763609,1,118.6141052104762,204.43385872927774,11.376582589466492,22.0,2010,2031,2015
41,11145.525744763609,1,118.6141052104762,204.43385872927774,11.376582589466492,22.0,2010,2031,2016
41,11145.525744763609,1,118.6141052104762,204.43385872927774,11.376582589466492,22.0,2010,2031,2017
41,11145.525744763609,1,118.6141052104762,204.43385872927774,11.376582589466492,22.0,2010,2031,2018
41,11145.525744763609,1,118.6141052104762,204.43385872927774,11.376582589466492,22.0,2010,2031,2019
41,11145.525744763609,1,118.6141052104762,204.43385872927774,11.376582589466492,22.0,2010,2031,2020
41,11145.525744763609,1,118.6141052104762,204.43385872927774,11.376582589466492,22.0,2010,2031,2021
41,11145.525744763609,1,118.6141052104762,204.43385872927774,11.376582589466492,22.0,2010,2031,2022
41,11145.525744763609,1,118.6141052104762,204.43385872927774,11.376582589466492,22.0,2010,2031,2023
41,11145.525744763609,1,118.6141052104762,204.43385872927774,11.376582589466492,22.0,2010,2031,2024
41,11145.525744763609,1,118.6141052104762,204.43385872927774,11.376582589466492,22.0,2010,2031,2025
41,11145.525744763609,1,118.6141052104762,204.43385872927774,11.376582589466492,22.0,2010,2031,2026
41,11145.525744763609,1,118.6141052104762,204.43385872927774,11.376582589466492,22.0,2010,2031,2027
41,11145.525744763609,1,118.6141052104762,204.43385872927774,11.376582589466492,22.0,2010,2031,2028
41,11145.525744763609,1,118.6141052104762,204.43385872927774,11.376582589466492,22.0,2010,2031,2029
41,11145.525744763609,1,118.6141052104762,204.43385872927774,11.376582589466492,22.0,2010,2031,2030
41,4614.7789660776825,2,55.223961752816116,192.33507038392074,11.331296058838232,5.0,2032,2036,2032
41,4614.7789660776825,2,55.223961752816116,192.33507038392074,11.331296058838232,5.0,2032,2036,2033
41,4614.7789660776825,2,55.223961752816116,192.33507038392074,11.331296058838232,5.0,2032,2036,2034
41,4614.7789660776825,2,55.223961752816116,192.33507038392074,11.331296058838232,5.0,2032,2036,2035
41,3432.7435106162397,3,55.769408346812334,182.9872583180426,13.371813277036143,5.0,2037,2041,2037
41,3432.7435106162397,3,55.769408346812334,182.9872583180426,13.371813277036143,5.0,2037,2041,2038
41,3432.7435106162397,3,55.769408346812334,182.9872583180426,13.371813277036143,5.0,2037,2041,2039
41,3432.7435106162397,3,55.769408346812334,182.9872583180426,13.371813277036143,5.0,2037,2041,2040
41,5294.593790672414,4,54.047212384150356,175.57447710569443,12.192043810292144,5.0,2042,2046,2042
41,5294.593790672414,4,54.047212384150356,175.57447710569443,12.192043810292144,5.0,2042,2046,2043
41,5294.593790672414,4,54.047212384150356,175.57447710569443,12.192043810292144,5.0,2042,2046,2044
41,5294.593790672414,4,54.047212384150356,175.57447710569443,12.192043810292144,5.0,2042,2046,2045
41,4029.8552089915474,5,51.841079379824386,173.77962966087966,10.984736929403871,5.0,2047,2051,2047
41,4029.8552089915474,5,51.841079379824386,173.77962966087966,10.984736929403871,5.0,2047,2051,2048
41,4029.8552089915474,5,51.841079379824386,173.77962966087966,10.984736929403871,5.0,2047,2051,2049
41,4029.8552089915474,5,51.841079379824386,173.77962966087966,10.984736929403871,5.0,2047,2051,2050
41,3953.8488254056388,6,45.78873126969384,205.05473154082694,11.774938002964685,4.0,2052,2061,2052
41,3953.8488254056388,6,45.78873126969384,205.05473154082694,11.774938002964685,4.0,2052,2061,2053
41,3953.8488254056388,6,45.78873126969384,205.05473154082694,11.774938002964685,4.0,2052,2061,2054
41,3953.8488254056388,6,45.78873126969384,205.05473154082694,11.774938002964685,4.0,2052,2061,2055
41,3953.8488254056388,6,45.78873126969384,205.05473154082694,11.774938002964685,4.0,2052,2061,2056
41,3953.8488254056388,6,45.78873126969384,205.05473154082694,11.774938002964685,4.0,2052,2061,2057
41,3953.8488254056388,6,45.78873126969384,205.05473154082694,11.774938002964685,4.0,2052,2061,2058
41,3953.8488254056388,6,45.78873126969384,205.05473154082694,11.774938002964685,4.0,2052,2061,2059
41,3953.8488254056388,6,45.78873126969384,205.05473154082694,11.774938002964685,4.0,2052,2061,2060
42,9262.45206217693,1,107.1058835783377,189.36787271571552,14.749579660220746,21.0,2010,2030,2010
42,9262.45206217693,1,107.1058835783377,189.36787271571552,14.749579660220746,21.0,2010,2030,2011
42,9262.45206217693,1,107.1058835783377,189.36787271571552,14.749579660220746,21.0,2010,2030,2012
42,9262.45206217693,1,107.1058835783377,189.36787271571552,14.749579660220746,21.0,2010,2030,2013
42,9262.45206217693,1,107.1058835783377,189.36787271571552,14.749579660220746,21.0,2010,2030,2014
42,9262.45206217693,1,107.1058835783377,189.36787271571552,14.749579660220746,21.0,2010,2030,2015
42,9262.45206217693,1,107.1058835783377,189.36787271571552,14.749579660220746,21.0,2010,2030,2016
42,9262.45206217693,1,107.1058835783377,189.36787271571552,14.749579660220746,21.0,2010,2030,2017
42,9262.45206217693,1,107.1058835783377,189.36787271571552,14.749579660220746,21.0,2010,2030,2018
42,9262.45206217693,1,107.1058835783377,189.36787271571552,14.749579660220746,21.0,2010,2030,2019
42,9262.45206217693,1,107.1058835783377,189.36787271571552,14.749579660220746,21.0,2010,2030,2020
42,9262.45206217693,1,107.1058835783377,189.36787271571552,14.749579660220746,21.0,2010,2030,2021
42,9262.45206217693,1,107.1058835783377,189.36787271571552,14.749579660220746,21.0,2010,2030,2022
42,9262.45206217693,1,107.1058835783377,189.36787271571552,14.749579660220746,21.0,2010,2030,2023
42,9262.45206217693,1,107.1058835783377,189.36787271571552,14.749579660220746,21.0,2010,2030,2024
42,9262.45206217693,1,107.1058835783377,189.36787271571552,14.749579660220746,21.0,2010,2030,2025
42,9262.45206217693,1,107.1058835783377,189.36787271571552,14.749579660220746,21.0,2010,2030,2026
42,9262.45206217693,1,107.1058835783377,189.36787271571552,14.749579660220746,21.0,2010,2030,2027
42,9262.45206217693,1,107.1058835783377,189.36787271571552,14.749579660220746,21.0,2010,2030,2028
42,9262.45206217693,1,107.1058835783377,189.36787271571552,14.749579660220746,21.0,2010,2030,2029
42,4982.770370131649,2,53.28375066995855,169.2612977620521,13.927673564994887,5.0,2031,2035,2031
42,4982.770370131649,2,53.28375066995855,169.2612977620521,13.927673564994887,5.0,2031,2035,2032
42,4982.770370131649,2,53.28375066995855,169.2612977620521,13.927673564994887,5.0,2031,2035,2033
42,4982.770370131649,2,53.28375066995855,169.2612977620521,13.927673564994887,5.0,2031,2035,2034
42,4787.076775992417,3,47.13475600731555,199.97985928977417,12.540972652386204,4.0,2036,2039,2036
42,4787.076775992417,3,47.13475600731555,199.97985928977417,12.540972652386204,4.0,2036,2039,2037
42,4787.076775992417,3,47.13475600731555,199.97985928977417,12.540972652386204,4.0,2036,2039,2038
42,4327.854918302929,4,41.714497232233484,158.849900371049,12.955550503857806,4.0,2040,2043,2040
42,4327.854918302929,4,41.714497232233484,158.849900371049,12.955550503857806,4.0,2040,2043,2041
42,4327.854918302929,4,41.714497232233484,158.849900371049,12.955550503857806,4.0,2040,2043,2042
42,4905.824413317029,5,51.65155810074808,196.7050960722801,14.001379960544067,5.0,2044,2048,2044
42,4905.824413317029,5,51.65155810074808,196.7050960722801,14.001379960544067,5.0,2044,2048,2045
42,4905.824413317029,5,51.65155810074808,196.7050960722801,14.001379960544067,5.0,2044,2048,2046
42,4905.824413317029,5,51.65155810074808,196.7050960722801,14.001379960544067,5.0,2044,2048,2047
42,2915.400031981983,6,40.23823272680101,177.9029280706692,12.346702538838787,4.0,2049,2061,2049
42,2915.400031981983,6,40.23823272680101,177.9029280706692,12.346702538838787,4.0,2049,2061,2050
42,2915.400031981983,6,40.23823272680101,177.9029280706692,12.346702538838787,4.0,2049,2061,2051
42,2915.400031981983,6,40.23823272680101,177.9029280706692,12.346702538838787,4.0,2049,2061,2052
42,2915.400031981983,6,40.23823272680101,177.9029280706692,12.346702538838787,4.0,2049,2061,2053
42,2915.400031981983,6,40.23823272680101,177.9029280706692,12.346702538838787,4.0,2049,2061,2054
42,2915.400031981983,6,40.23823272680101,177.9029280706692,12.346702538838787,4.0,2049,2061,2055
42,2915.400031981983,6,40.23823272680101,177.9029280706692,12.346702538838787,4.0,2049,2061,2056
42,2915.400031981983,6,40.23823272680101,177.9029280706692,12.346702538838787,4.0,2049,2061,2057
42,2915.400031981983,6,40.23823272680101,177.9029280706692,12.346702538838787,4.0,2049,2061,2058
42,2915.400031981983,6,40.23823272680101,177.9029280706692,12.346702538838787,4.0,2049,2061,2059
42,2915.400031981983,6,40.23823272680101,177.9029280706692,12.346702538838787,4.0,2049,2061,2060
43,9206.477275620604,1,83.1506401292524,177.90996930314859,14.614482238973405,19.0,2010,2028,2010
43,9206.477275620604,1,83.1506401292524,177.90996930314859,14.614482238973405,19.0,2010,2028,2011
43,9206.477275620604,1,83.1506401292524,177.90996930314859,14.614482238973405,19.0,2010,2028,2012
43,9206.477275620604,1,83.1506401292524,177.90996930314859,14.614482238973405,19.0,2010,2028,2013
43,9206.477275620604,1,83.1506401292524,177.90996930314859,14.614482238973405,19.0,2010,2028,2014
43,9206.477275620604,1,83.1506401292524,177.90996930314859,14.614482238973405,19.0,2010,2028,2015
43,9206.477275620604,1,83.1506401292524,177.90996930314859,14.614482238973405,19.0,2010,2028,2016
43,9206.477275620604,1,83.1506401292524,177.90996930314859,14.614482238973405,19.0,2010,2028,2017
43,9206.477275620604,1,83.1506401292524,177.90996930314859,14.614482238973405,19.0,2010,2028,2018
43,9206.477275620604,1,83.1506401292524,177.90996930314859,14.614482238973405,19.0,2010,2028,2019
43,9206.477275620604,1,83.1506401292524,177.90996930314859,14.614482238973405,19.0,2010,2028,2020
43,9206.477275620604,1,83.1506401292524,177.90996930314859,14.614482238973405,19.0,2010,2028,2021
43,9206.477275620604,1,83.1506401292524,177.90996930314859,14.614482238973405,19.0,2010,2028,2022
43,9206.477275620604,1,83.1506401292524,177.90996930314859,14.614482238973405,19.0,2010,2028,2023
43,9206.477275620604,1,83.1506401292524,177.90996930314859,14.614482238973405,19.0,2010,2028,2024
43,9206.477275620604,1,83.1506401292524,177.90996930314859,14.614482238973405,19.0,2010,2028,2025
43,9206.477275620604,1,83.1506401292524,177.90996930314859,14.614482238973405,19.0,2010,2028,2026
43,9206.477275620604,1,83.1506401292524,177.90996930314859,14.614482238973405,19.0,2010,2028,2027
43,5222.491336260958,2,58.416515863216816,165.47281692742226,13.01864384423758,5.0,2029,2033,2029
43,5222.491336260958,2,58.416515863216816,165.47281692742226,13.01864384423758,5.0,2029,2033,2030
43,5222.491336260958,2,58.416515863216816,165.47281692742226,13.01864384423758,5.0,2029,2033,2031
43,5222.491336260958,2,58.416515863216816,165.47281692742226,13.01864384423758,5.0,2029,2033,2032
43,4338.477121495249,3,48.34813592181094,187.29462369097533,14.293580176316329,5.0,2034,2038,2034
43,4338.477121495249,3,48.34813592181094,187.29462369097533,14.293580176316329,5.0,2034,2038,2035
43,4338.477121495249,3,48.34813592181094,187.29462369097533,14.293580176316329,5.0,2034,2038,2036
43,4338.477121495249,3,48.34813592181094,187.29462369097533,14.293580176316329,5.0,2034,2038,2037
43,3956.9928252254304,4,42.549325920488265,196.12632982571364,11.732300401202714,4.0,2039,2042,2039
43,3956.9928252254304,4,42.549325920488265,196.12632982571364,11.732300401202714,4.0,2039,2042,2040
43,3956.9928252254304,4,42.549325920488265,196.12632982571364,11.732300401202714,4.0,2039,2042,2041
43,3654.3936705605943,5,51.34834562507599,180.4179416881711,12.359740916101659,5.0,2043,2047,2043
43,3654.3936705605943,5,51.34834562507599,180.4179416881711,12.359740916101659,5.0,2043,2047,2044
43,3654.3936705605943,5,51.34834562507599,180.4179416881711,12.359740916101659,5.0,2043,2047,2045
43,3654.3936705605943,5,51.34834562507599,180.4179416881711,12.359740916101659,5.0,2043,2047,2046
43,3408.371024549978,6,49.67214656728067,193.20043115988844,13.386043883660811,5.0,2048,2061,2048
43,3408.371024549978,6,49.67214656728067,193.20043115988844,13.386043883660811,5.0,2048,2061,2049
43,3408.371024549978,6,49.67214656728067,193.20043115988844,13.386043883660811,5.0,2048,2061,2050
43,3408.371024549978,6,49.67214656728067,193.20043115988844,13.386043883660811,5.0,2048,2061,2051
43,3408.371024549978,6,49.67214656728067,193.20043115988844,13.386043883660811,5.0,2048,2061,2052
43,3408.371024549978,6,49.67214656728067,193.20043115988844,13.386043883660811,5.0,2048,2061,2053
43,3408.371024549978,6,49.67214656728067,193.20043115988844,13.386043883660811,5.0,2048,2061,2054
43,3408.371024549978,6,49.67214656728067,193.20043115988844,13.386043883660811,5.0,2048,2061,2055
43,3408.371024549978,6,49.67214656728067,193.20043115988844,13.386043883660811,5.0,2048,2061,2056
43,3408.371024549978,6,49.67214656728067,193.20043115988844,13.386043883660811,5.0,2048,2061,2057
43,3408.371024549978,6,49.67214656728067,193.20043115988844,13.386043883660811,5.0,2048,2061,2058
43,3408.371024549978,6,49.67214656728067,193.20043115988844,13.386043883660811,5.0,2048,2061,2059
43,3408.371024549978,6,49.67214656728067,193.20043115988844,13.386043883660811,5.0,2048,2061,2060
44,10659.661367976356,1,111.70839761968722,183.79231943374415,10.479512854185739,22.0,2010,2031,2010
44,10659.661367976356,1,111.70839761968722,183.79231943374415,10.479512854185739,22.0,2010,2031,2011
44,10659.661367976356,1,111.70839761968722,183.79231943374415,10.479512854185739,22.0,2010,2031,2012
44,10659.661367976356,1,111.70839761968722,183.79231943374415,10.479512854185739,22.0,2010,2031,2013
44,10659.661367976356,1,111.70839761968722,183.79231943374415,10.479512854185739,22.0,2010,2031,2014
44,10659.661367976356,1,111.70839761968722,183.79231943374415,10.479512854185739,22.0,2010,2031,2015
44,10659.661367976356,1,111.70839761968722,183.79231943374415,10.479512854185739,22.0,2010,2031,2016
44,10659.661367976356,1,111.70839761968722,183.79231943374415,10.479512854185739,22.0,2010,2031,2017
44,10659.661367976356,1,111.70839761968722,183.79231943374415,10.479512854185739,22.0,2010,2031,2018
44,10659.661367976356,1,111.70839761968722,183.79231943374415,10.479512854185739,22.0,2010,2031,2019
44,10659.661367976356,1,111.70839761968722,183.79231943374415,10.479512854185739,22.0,2010,2031,2020
44,10659.661367976356,1,111.70839761968722,183.79231943374415,10.479512854185739,22.0,2010,2031,2021
44,10659.661367976356,1,111.70839761968722,183.79231943374415,10.479512854185739,22.0,2010,2031,2022
44,10659.661367976356,1,111.70839761968722,183.79231943374415,10.479512854185739,22.0,2010,2031,2023
44,10659.661367976356,1,111.70839761968722,183.79231943374415,10.479512854185739,22.0,2010,2031,2024
44,10659.661367976356,1,111.70839761968722,183.79231943374415,10.479512854185739,22.0,2010,2031,2025
44,10659.661367976356,1,111.70839761968722,183.79231943374415,10.479512854185739,22.0,2010,2031,2026
44,10659.661367976356,1,111.70839761968722,183.79231943374415,10.479512854185739,22.0,2010,2031,2027
44,10659.661367976356,1,111.70839761968722,183.79231943374415,10.479512854185739,22.0,2010,2031,2028
44,10659.661367976356,1,111.70839761968722,183.79231943374415,10.479512854185739,22.0,2010,2031,2029
44,10659.661367976356,1,111.70839761968722,183.79231943374415,10.479512854185739,22.0,2010,2031,2030
44,4903.663107392768,2,62.47559508759581,220.95366608321876,10.454602400710707,6.0,2032,2037,2032
44,4903.663107392768,2,62.47559508759581,220.95366608321876,10.454602400710707,6.0,2032,2037,2033
44,4903.663107392768,2,62.47559508759581,220.95366608321876,10.454602400710707,6.0,2032,2037,2034
44,4903.663107392768,2,62.47559508759581,220.95366608321876,10.454602400710707,6.0,2032,2037,2035
44,4903.663107392768,2,62.47559508759581,220.95366608321876,10.454602400710707,6.0,2032,2037,2036
44,3680.244068265239,3,45.746954808446745,194.03766731190802,11.503740307265431,4.0,2038,2041,2038
44,3680.244068265239,3,45.746954808446745,194.03766731190802,11.503740307265431,4.0,2038,2041,2039
44,3680.244068265239,3,45.746954808446745,194.03766731190802,11.503740307265431,4.0,2038,2041,2040
44,3531.5472465043326,4,51.3081472358611,197.69303337214762,11.838263865801645,5.0,2042,2046,2042
44,3531.5472465043326,4,51.3081472358611,197.69303337214762,11.838263865801645,5.0,2042,2046,2043
44,3531.5472465043326,4,51.3081472358611,197.69303337214762,11.838263865801645,5.0,2042,2046,2044
44,3531.5472465043326,4,51.3081472358611,197.69303337214762,11.838263865801645,5.0,2042,2046,2045
44,3415.9904371297816,5,40.64211736358771,176.7272031976924,13.31192343839831,4.0,2047,2050,2047
44,3415.9904371297816,5,40.64211736358771,176.7272031976924,13.31192343839831,4.0,2047,2050,2048
44,3415.9904371297816,5,40.64211736358771,176.7272031976924,13.31192343839831,4.0,2047,2050,2049
44,3990.8130215811125,6,38.496821408711675,175.5669539977662,11.198021518991105,4.0,2051,2061,2051
44,3990.8130215811125,6,38.496821408711675,175.5669539977662,11.198021518991105,4.0,2051,2061,2052
44,3990.8130215811125,6,38.496821408711675,175.5669539977662,11.198021518991105,4.0,2051,2061,2053
44,3990.8130215811125,6,38.496821408711675,175.5669539977662,11.198021518991105,4.0,2051,2061,2054
44,3990.8130215811125,6,38.496821408711675,175.5669539977662,11.198021518991105,4.0,2051,2061,2055
44,3990.8130215811125,6,38.496821408711675,175.5669539977662,11.198021518991105,4.0,2051,2061,2056
44,3990.8130215811125,6,38.496821408711675,175.5669539977662,11.198021518991105,4.0,2051,2061,2057
44,3990.8130215811125,6,38.496821408711675,175.5669539977662,11.198021518991105,4.0,2051,2061,2058
44,3990.8130215811125,6,38.496821408711675,175.5669539977662,11.198021518991105,4.0,2051,2061,2059
44,3990.8130215811125,6,38.496821408711675,175.5669539977662,11.198021518991105,4.0,2051,2061,2060
45,13724.64695673404,1,118.90890729833511,186.26304443473458,14.774195126812112,22.0,2010,2031,2010
45,13724.64695673404,1,118.90890729833511,186.26304443473458,14.774195126812112,22.0,2010,2031,2011
45,13724.64695673404,1,118.90890729833511,186.26304443473458,14.774195126812112,22.0,2010,2031,2012
45,13724.64695673404,1,118.90890729833511,186.26304443473458,14.774195126812112,22.0,2010,2031,2013
45,13724.64695673404,1,118.90890729833511,186.26304443473458,14.774195126812112,22.0,2010,2031,2014
45,13724.64695673404,1,118.90890729833511,186.26304443473458,14.774195126812112,22.0,2010,2031,2015
45,13724.64695673404,1,118.90890729833511,186.26304443473458,14.774195126812112,22.0,2010,2031,2016
45,13724.64695673404,1,118.90890729833511,186.26304443473458,14.774195126812112,22.0,2010,2031,2017
45,13724.64695673404,1,118.90890729833511,186.26304443473458,14.774195126812112,22.0,2010,2031,2018
45,13724.64695673404,1,118.90890729833511,186.26304443473458,14.774195126812112,22.0,2010,2031,2019
45,13724.64695673404,1,118.90890729833511,186.26304443473458,14.774195126812112,22.0,2010,2031,2020
45,13724.64695673404,1,118.90890729833511,186.26304443473458,14.774195126812112,22.0,2010,2031,2021
45,13724.64695673404,1,118.90890729833511,186.26304443473458,14.774195126812112,22.0,2010,2031,2022
45,13724.64695673404,1,118.90890729833511,186.26304443473458,14.774195126812112,22.0,2010,2031,2023
45,13724.64695673404,1,118.90890729833511,186.26304443473458,14.774195126812112,22.0,2010,2031,2024
45,13724.64695673404,1,118.90890729833511,186.26304443473458,14.774195126812112,22.0,2010,2031,2025
45,13724.64695673404,1,118.90890729833511,186.26304443473458,14.774195126812112,22.0,2010,2031,2026
45,13724.64695673404,1,118.90890729833511,186.26304443473458,14.774195126812112,22.0,2010,2031,2027
45,13724.64695673404,1,118.90890729833511,186.26304443473458,14.774195126812112,22.0,2010,2031,2028
45,13724.64695673404,1,118.90890729833511,186.26304443473458,14.774195126812112,22.0,2010,2031,2029
45,13724.64695673404,1,118.90890729833511,186.26304443473458,14.774195126812112,22.0,2010,2031,2030
45,3997.4570614536788,2,54.77285551182807,192.58644462214613,12.282552185474405,5.0,2032,2036,2032
45,3997.4570614536788,2,54.77285551182807,192.58644462214613,12.282552185474405,5.0,2032,2036,2033
45,3997.4570614536788,2,54.77285551182807,192.58644462214613,12.282552185474405,5.0,2032,2036,2034
45,3997.4570614536788,2,54.77285551182807,192.58644462214613,12.282552185474405,5.0,2032,2036,2035
45,4521.439832680565,3,45.87473690606568,191.28843012487127,12.785899305419242,4.0,2037,2040,2037
45,4521.439832680565,3,45.87473690606568,191.28843012487127,12.785899305419242,4.0,2037,2040,2038
45,4521.439832680565,3,45.87473690606568,191.28843012487127,12.785899305419242,4.0,2037,2040,2039
45,3309.442134544403,4,41.79566255747618,205.85106466634602,14.225722940971522,4.0,2041,2044,2041
45,3309.442134544403,4,41.79566255747618,205.85106466634602,14.225722940971522,4.0,2041,2044,2042
45,3309.442134544403,4,41.79566255747618,205.85106466634602,14.225722940971522,4.0,2041,2044,2043
45,3828.526228434751,5,38.30820278895564,185.14834011555652,13.06201275299093,4.0,2045,2048,2045
45,3828.526228434751,5,38.30820278895564,185.14834011555652,13.06201275299093,4.0,2045,2048,2046
45,3828.526228434751,5,38.30820278895564,185.14834011555652,13.06201275299093,4.0,2045,2048,2047
45,4212.37509077319,6,37.22453426668722,166.92129186382093,10.568277391933739,4.0,2049,2061,2049
45,4212.37509077319,6,37.22453426668722,166.92129186382093,10.568277391933739,4.0,2049,2061,2050
45,4212.37509077319,6,37.22453426668722,166.92129186382093,10.568277391933739,4.0,2049,2061,2051
45,4212.37509077319,6,37.22453426668722,166.92129186382093,10.568277391933739,4.0,2049,2061,2052
45,4212.37509077319,6,37.22453426668722,166.92129186382093,10.568277391933739,4.0,2049,2061,2053
45,4212.37509077319,6,37.22453426668722,166.92129186382093,10.568277391933739,4.0,2049,2061,2054
45,4212.37509077319,6,37.22453426668722,166.92129186382093,10.568277391933739,4.0,2049,2061,2055
45,4212.37509077319,6,37.22453426668722,166.92129186382093,10.568277391933739,4.0,2049,2061,2056
45,4212.37509077319,6,37.22453426668722,166.92129186382093,10.568277391933739,4.0,2049,2061,2057
45,4212.37509077319,6,37.22453426668722,166.92129186382093,10.568277391933739,4.0,2049,2061,2058
45,4212.37509077319,6,37.22453426668722,166.92129186382093,10.568277391933739,4.0,2049,2061,2059
45,4212.37509077319,6,37.22453426668722,166.92129186382093,10.568277391933739,4.0,2049,2061,2060
46,13831.79457892513,1,99.32378525290326,213.30795669672491,14.37716135801534,21.0,2010,2030,2010
46,13831.79457892513,1,99.32378525290326,213.30795669672491,14.37716135801534,21.0,2010,2030,2011
46,13831.79457892513,1,99.32378525290326,213.30795669672491,14.37716135801534,21.0,2010,2030,2012
46,13831.79457892513,1,99.32378525290326,213.30795669672491,14.37716135801534,21.0,2010,2030,2013
46,13831.79457892513,1,99.32378525290326,213.30795669672491,14.37716135801534,21.0,2010,2030,2014
46,13831.79457892513,1,99.32378525290326,213.30795669672491,14.37716135801534,21.0,2010,2030,2015
46,13831.79457892513,1,99.32378525290326,213.30795669672491,14.37716135801534,21.0,2010,2030,2016
46,13831.79457892513,1,99.32378525290326,213.30795669672491,14.37716135801534,21.0,2010,2030,2017
46,13831.79457892513,1,99.32378525290326,213.30795669672491,14.37716135801534,21.0,2010,2030,2018
46,13831.79457892513,1,99.32378525290326,213.30795669672491,14.37716135801534,21.0,2010,2030,2019
46,13831.79457892513,1,99.32378525290326,213.30795669672491,14.37716135801534,21.0,2010,2030,2020
46,13831.79457892513,1,99.32378525290326,213.30795669672491,14.37716135801534,21.0,2010,2030,2021
46,13831.79457892513,1,99.32378525290326,213.30795669672491,14.37716135801534,21.0,2010,2030,2022
46,13831.79457892513,1,99.32378525290326,213.30795669672491,14.37716135801534,21.0,2010,2030,2023
46,13831.79457892513,1,99.32378525290326,213.30795669672491,14.37716135801534,21.0,2010,2030,2024
46,13831.79457892513,1,99.32378525290326,213.30795669672491,14.37716135801534,21.0,2010,2030,2025
46,13831.79457892513,1,99.32378525290326,213.30795669672491,14.37716135801534,21.0,2010,2030,2026
46,13831.79457892513,1,99.32378525290326,213.30795669672491,14.37716135801534,21.0,2010,2030,2027
46,13831.79457892513,1,99.32378525290326,213.30795669672491,14.37716135801534,21.0,2010,2030,2028
46,13831.79457892513,1,99.32378525290326,213.30795669672491,14.37716135801534,21.0,2010,2030,2029
46,6245.907918854312,2,55.8303917683419,182.67809131150497,12.851119572176998,5.0,2031,2035,2031
46,6245.907918854312,2,55.8303917683419,182.67809131150497,12.851119572176998,5.0,2031,2035,2032
46,6245.907918854312,2,55.8303917683419,182.67809131150497,12.851119572176998,5.0,2031,2035,2033
46,6245.907918854312,2,55.8303917683419,182.67809131150497,12.851119572176998,5.0,2031,2035,2034
46,4836.650292326694,3,61.15199437124982,181.915116604116,11.965196418993576,6.0,2036,2041,2036
46,4836.650292326694,3,61.15199437124982,181.915116604116,11.965196418993576,6.0,2036,2041,2037
46,4836.650292326694,3,61.15199437124982,181.915116604116,11.965196418993576,6.0,2036,2041,2038
46,4836.650292326694,3,61.15199437124982,181.915116604116,11.965196418993576,6.0,2036,2041,2039
46,4836.650292326694,3,61.15199437124982,181.915116604116,11.965196418993576,6.0,2036,2041,2040
46,3883.3715763096025,4,52.95658042641092,200.0816897325528,11.858296676690356,5.0,2042,2046,2042
46,3883.3715763096025,4,52.95658042641092,200.0816897325528,11.858296676690356,5.0,2042,2046,2043
46,3883.3715763096025,4,52.95658042641092,200.0816897325528,11.858296676690356,5.0,2042,2046,2044
46,3883.3715763096025,4,52.95658042641092,200.0816897325528,11.858296676690356,5.0,2042,2046,2045
46,3947.991263782,5,36.27591357206309,160.4242031048489,14.463793226273932,4.0,2047,2050,2047
46,3947.991263782,5,36.27591357206309,160.4242031048489,14.463793226273932,4.0,2047,2050,2048
46,3947.991263782,5,36.27591357206309,160.4242031048489,14.463793226273932,4.0,2047,2050,2049
46,3565.440101368711,6,44.84138588210804,185.85887414397035,14.653853799609939,4.0,2051,2061,2051
46,3565.440101368711,6,44.84138588210804,185.85887414397035,14.653853799609939,4.0,2051,2061,2052
46,3565.440101368711,6,44.84138588210804,185.85887414397035,14.653853799609939,4.0,2051,2061,2053
46,3565.440101368711,6,44.84138588210804,185.85887414397035,14.653853799609939,4.0,2051,2061,2054
46,3565.440101368711,6,44.84138588210804,185.85887414397035,14.653853799609939,4.0,2051,2061,2055
46,3565.440101368711,6,44.84138588210804,185.85887414397035,14.653853799609939,4.0,2051,2061,2056
46,3565.440101368711,6,44.84138588210804,185.85887414397035,14.653853799609939,4.0,2051,2061,2057
46,3565.440101368711,6,44.84138588210804,185.85887414397035,14.653853799609939,4.0,2051,2061,2058
46,3565.440101368711,6,44.84138588210804,185.85887414397035,14.653853799609939,4.0,2051,2061,2059
46,3565.440101368711,6,44.84138588210804,185.85887414397035,14.653853799609939,4.0,2051,2061,2060
47,9528.049338650897,1,109.53119661510421,188.88179092982364,12.400131702143348,22.0,2010,2031,2010
47,9528.049338650897,1,109.53119661510421,188.88179092982364,12.400131702143348,22.0,2010,2031,2011
47,9528.049338650897,1,109.53119661510421,188.88179092982364,12.400131702143348,22.0,2010,2031,2012
47,9528.049338650897,1,109.53119661510421,188.88179092982364,12.400131702143348,22.0,2010,2031,2013
47,9528.049338650897,1,109.53119661510421,188.88179092982364,12.400131702143348,22.0,2010,2031,2014
47,9528.049338650897,1,109.53119661510421,188.88179092982364,12.400131702143348,22.0,2010,2031,2015
47,9528.049338650897,1,109.53119661510421,188.88179092982364,12.400131702143348,22.0,2010,2031,2016
47,9528.049338650897,1,109.53119661510421,188.88179092982364,12.400131702143348,22.0,2010,2031,2017
47,9528.049338650897,1,109.53119661510421,188.88179092982364,12.400131702143348,22.0,2010,2031,2018
47,9528.049338650897,1,109.53119661510421,188.88179092982364,12.400131702143348,22.0,2010,2031,2019
47,9528.049338650897,1,109.53119661510421,188.88179092982364,12.400131702143348,22.0,2010,2031,2020
47,9528.049338650897,1,109.53119661510421,188.88179092982364,12.400131702143348,22.0,2010,2031,2021
47,9528.049338650897,1,109.53119661510421,188.88179092982364,12.400131702143348,22.0,2010,2031,2022
47,9528.049338650897,1,109.53119661510421,188.88179092982364,12.400131702143348,22.0,2010,2031,2023
47,9528.049338650897,1,109.53119661510421,188.88179092982364,12.400131702143348,22.0,2010,2031,2024
47,9528.049338650897,1,109.53119661510421,188.88179092982364,12.400131702143348,22.0,2010,2031,2025
47,9528.049338650897,1,109.53119661510421,188.88179092982364,12.400131702143348,22.0,2010,2031,2026
47,9528.049338650897,1,109.53119661510421,188.88179092982364,12.400131702143348,22.0,2010,2031,2027
47,9528.049338650897,1,109.53119661510421,188.88179092982364,12.400131702143348,22.0,2010,2031,2028
47,9528.049338650897,1,109.53119661510421,188.88179092982364,12.400131702143348,22.0,2010,2031,2029
47,9528.049338650897,1,109.53119661510421,188.88179092982364,12.400131702143348,22.0,2010,2031,2030
47,5620.164551124376,2,75.3038516688786,175.16822574039546,12.757916386971969,7.0,2032,2038,2032
47,5620.164551124376,2,75.3038516688786,175.16822574039546,12.757916386971969,7.0,2032,2038,2033
47,5620.164551124376,2,75.3038516688786,175.16822574039546,12.757916386971969,7.0,2032,2038,2034
47,5620.164551124376,2,75.3038516688786,175.16822574039546,12.757916386971969,7.0,2032,2038,2035
47,5620.164551124376,2,75.3038516688786,175.16822574039546,12.757916386971969,7.0,2032,2038,2036
47,5620.164551124376,2,75.3038516688786,175.16822574039546,12.757916386971969,7.0,2032,2038,2037
47,3250.0658120617936,3,46.8732550859881,177.7090419526975,11.473796502059042,4.0,2039,2042,2039
47,3250.0658120617936,3,46.8732550859881,177.7090419526975,11.473796502059042,4.0,2039,2042,2040
47,3250.0658120617936,3,46.8732550859881,177.7090419526975,11.473796502059042,4.0,2039,2042,2041
47,4342.839232523235,4,52.02941235959361,190.5699754528281,12.731331518141198,5.0,2043,2047,2043
47,4342.839232523235,4,52.02941235959361,190.5699754528281,12.731331518141198,5.0,2043,2047,2044
47,4342.839232523235,4,52.02941235959361,190.5699754528281,12.731331518141198,5.0,2043,2047,2045
47,4342.839232523235,4,52.02941235959361,190.5699754528281,12.731331518141198,5.0,2043,2047,2046
47,4582.029528619195,5,53.457376132331895,163.9656624073072,14.33232938868788,5.0,2048,2052,2048
47,4582.029528619195,5,53.457376132331895,163.9656624073072,14.33232938868788,5.0,2048,2052,2049
47,4582.029528619195,5,53.457376132331895,163.9656624073072,14.33232938868788,5.0,2048,2052,2050
47,4582.029528619195,5,53.457376132331895,163.9656624073072,14.33232938868788,5.0,2048,2052,2051
47,3125.518251687833,6,36.33485836704864,175.31974091388042,12.607337694683483,4.0,2053,2061,2053
47,3125.518251687833,6,36.33485836704864,175.31974091388042,12.607337694683483,4.0,2053,2061,2054
47,3125.518251687833,6,36.33485836704864,175.31974091388042,12.607337694683483,4.0,2053,2061,2055
47,3125.518251687833,6,36.33485836704864,175.31974091388042,12.607337694683483,4.0,2053,2061,2056
47,3125.518251687833,6,36.33485836704864,175.31974091388042,12.607337694683483,4.0,2053,2061,2057
47,3125.518251687833,6,36.33485836704864,175.31974091388042,12.607337694683483,4.0,2053,2061,2058
47,3125.518251687833,6,36.33485836704864,175.31974091388042,12.607337694683483,4.0,2053,2061,2059
47,3125.518251687833,6,36.33485836704864,175.31974091388042,12.607337694683483,4.0,2053,2061,2060
48,12745.624101430793,1,120.66887248048197,170.688516151899,11.944712023206531,23.0,2010,2032,2010
48,12745.624101430793,1,120.66887248048197,170.688516151899,11.944712023206531,23.0,2010,2032,2011
48,12745.624101430793,1,120.66887248048197,170.688516151899,11.944712023206531,23.0,2010,2032,2012
48,12745.624101430793,1,120.66887248048197,170.688516151899,11.944712023206531,23.0,2010,2032,2013
48,12745.624101430793,1,120.66887248048197,170.688516151899,11.944712023206531,23.0,2010,2032,2014
48,12745.624101430793,1,120.66887248048197,170.688516151899,11.944712023206531,23.0,2010,2032,2015
48,12745.624101430793,1,120.66887248048197,170.688516151899,11.944712023206531,23.0,2010,2032,2016
48,12745.624101430793,1,120.66887248048197,170.688516151899,11.944712023206531,23.0,2010,2032,2017
48,12745.624101430793,1,120.66887248048197,170.688516151899,11.944712023206531,23.0,2010,2032,2018
48,12745.624101430793,1,120.66887248048197,170.688516151899,11.944712023206531,23.0,2010,2032,2019
48,12745.624101430793,1,120.66887248048197,170.688516151899,11.944712023206531,23.0,2010,2032,2020
48,12745.624101430793,1,120.66887248048197,170.688516151899,11.944712023206531,23.0,2010,2032,2021
48,12745.624101430793,1,120.66887248048197,170.688516151899,11.944712023206531,23.0,2010,2032,2022
48,12745.624101430793,1,120.66887248048197,170.688516151899,11.944712023206531,23.0,2010,2032,2023
48,12745.624101430793,1,120.66887248048197,170.688516151899,11.944712023206531,23.0,2010,2032,2024
48,12745.624101430793,1,120.66887248048197,170.688516151899,11.944712023206531,23.0,2010,2032,2025
48,12745.624101430793,1,120.66887248048197,170.688516151899,11.944712023206531,23.0,2010,2032,2026
48,12745.624101430793,1,120.66887248048197,170.688516151899,11.944712023206531,23.0,2010,2032,2027
48,12745.624101430793,1,120.66887248048197,170.688516151899,11.944712023206531,23.0,2010,2032,2028
48,12745.624101430793,1,120.66887248048197,170.688516151899,11.944712023206531,23.0,2010,2032,2029
48,12745.624101430793,1,120.66887248048197,170.688516151899,11.944712023206531,23.0,2010,2032,2030
48,12745.624101430793,1,120.66887248048197,170.688516151899,11.944712023206531,23.0,2010,2032,2031
48,5606.559779968643,2,55.929024922554426,197.05692410130905,15.259298192906833,5.0,2033,2037,2033
48,5606.559779968643,2,55.929024922554426,197.05692410130905,15.259298192906833,5.0,2033,2037,2034
48,5606.559779968643,2,55.929024922554426,197.05692410130905,15.259298192906833,5.0,2033,2037,2035
48,5606.559779968643,2,55.929024922554426,197.05692410130905,15.259298192906833,5.0,2033,2037,2036
48,4036.345281235001,3,45.76213696920088,177.37211678778638,12.659798832871703,4.0,2038,2041,2038
48,4036.345281235001,3,45.76213696920088,177.37211678778638,12.659798832871703,4.0,2038,2041,2039
48,4036.345281235001,3,45.76213696920088,177.37211678778638,12.659798832871703,4.0,2038,2041,2040
48,3909.1624109149457,4,43.869597385120734,194.96945397314255,14.689211918551011,4.0,2042,2045,2042
48,3909.1624109149457,4,43.869597385120734,194.96945397314255,14.689211918551011,4.0,2042,2045,2043
48,3909.1624109149457,4,43.869597385120734,194.96945397314255,14.689211918551011,4.0,2042,2045,2044
48,4231.954740956292,5,38.255663609079775,213.11643424699685,14.139187872618884,4.0,2046,2049,2046
48,4231.954740956292,5,38.255663609079775,213.11643424699685,14.139187872618884,4.0,2046,2049,2047
48,4231.954740956292,5,38.255663609079775,213.11643424699685,14.139187872618884,4.0,2046,2049,2048
48,2956.900217172738,6,39.73415898531351,159.94244142882172,11.51174918453447,4.0,2050,2061,2050
48,2956.900217172738,6,39.73415898531351,159.94244142882172,11.51174918453447,4.0,2050,2061,2051
48,2956.900217172738,6,39.73415898531351,159.94244142882172,11.51174918453447,4.0,2050,2061,2052
48,2956.900217172738,6,39.73415898531351,159.94244142882172,11.51174918453447,4.0,2050,2061,2053
48,2956.900217172738,6,39.73415898531351,159.94244142882172,11.51174918453447,4.0,2050,2061,2054
48,2956.900217172738,6,39.73415898531351,159.94244142882172,11.51174918453447,4.0,2050,2061,2055
48,2956.900217172738,6,39.73415898531351,159.94244142882172,11.51174918453447,4.0,2050,2061,2056
48,2956.900217172738,6,39.73415898531351,159.94244142882172,11.51174918453447,4.0,2050,2061,2057
48,2956.900217172738,6,39.73415898531351,159.94244142882172,11.51174918453447,4.0,2050,2061,2058
48,2956.900217172738,6,39.73415898531351,159.94244142882172,11.51174918453447,4.0,2050,2061,2059
48,2956.900217172738,6,39.73415898531351,159.94244142882172,11.51174918453447,4.0,2050,2061,2060
49,14438.5067421721,1,137.47107354800545,220.45865728052564,15.441078254795682,24.0,2010,2033,2010
49,14438.5067421721,1,137.47107354800545,220.45865728052564,15.441078254795682,24.0,2010,2033,2011
49,14438.5067421721,1,137.47107354800545,220.45865728052564,15.441078254795682,24.0,2010,2033,2012
49,14438.5067421721,1,137.47107354800545,220.45865728052564,15.441078254795682,24.0,2010,2033,2013
49,14438.5067421721,1,137.47107354800545,220.45865728052564,15.441078254795682,24.0,2010,2033,2014
49,14438.5067421721,1,137.47107354800545,220.45865728052564,15.441078254795682,24.0,2010,2033,2015
49,14438.5067421721,1,137.47107354800545,220.45865728052564,15.441078254795682,24.0,2010,2033,2016
49,14438.5067421721,1,137.47107354800545,220.45865728052564,15.441078254795682,24.0,2010,2033,2017
49,14438.5067421721,1,137.47107354800545,220.45865728052564,15.441078254795682,24.0,2010,2033,2018
49,14438.5067421721,1,137.47107354800545,220.45865728052564,15.441078254795682,24.0,2010,2033,2019
49,14438.5067421721,1,137.47107354800545,220.45865728052564,15.441078254795682,24.0,2010,2033,2020
49,14438.5067421721,1,137.47107354800545,220.45865728052564,15.441078254795682,24.0,2010,2033,2021
49,14438.5067421721,1,137.47107354800545,220.45865728052564,15.441078254795682,24.0,2010,2033,2022
49,14438.5067421721,1,137.47107354800545,220.45865728052564,15.441078254795682,24.0,2010,2033,2023
49,14438.5067421721,1,137.47107354800545,220.45865728052564,15.441078254795682,24.0,2010,2033,2024
49,14438.5067421721,1,137.47107354800545,220.45865728052564,15.441078254795682,24.0,2010,2033,2025
49,14438.5067421721,1,137.47107354800545,220.45865728052564,15.441078254795682,24.0,2010,2033,2026
49,14438.5067421721,1,137.47107354800545,220.45865728052564,15.441078254795682,24.0,2010,2033,2027
49,14438.5067421721,1,137.47107354800545,220.45865728052564,15.441078254795682,24.0,2010,2033,2028
49,14438.5067421721,1,137.47107354800545,220.45865728052564,15.441078254795682,24.0,2010,2033,2029
49,14438.5067421721,1,137.47107354800545,220.45865728052564,15.441078254795682,24.0,2010,2033,2030
49,14438.5067421721,1,137.47107354800545,220.45865728052564,15.441078254795682,24.0,2010,2033,2031
49,14438.5067421721,1,137.47107354800545,220.45865728052564,15.441078254795682,24.0,2010,2033,2032
49,6615.426407605588,2,58.355419370190816,181.8860961659035,13.487106489163882,5.0,2034,2038,2034
49,6615.426407605588,2,58.355419370190816,181.8860961659035,13.487106489163882,5.0,2034,2038,2035
49,6615.426407605588,2,58.355419370190816,181.8860961659035,13.487106489163882,5.0,2034,2038,2036
49,6615.426407605588,2,58.355419370190816,181.8860961659035,13.487106489163882,5.0,2034,2038,2037
49,3260.8213962112923,3,45.58618554995143,197.99973786395793,11.216103011467284,4.0,2039,2042,2039
49,3260.8213962112923,3,45.58618554995143,197.99973786395793,11.216103011467284,4.0,2039,2042,2040
49,3260.8213962112923,3,45.58618554995143,197.99973786395793,11.216103011467284,4.0,2039,2042,2041
49,5274.316088013532,4,43.21001336782965,203.56084731275112,15.394412549627003,4.0,2043,2046,2043
49,5274.316088013532,4,43.21001336782965,203.56084731275112,15.394412549627003,4.0,2043,2046,2044
49,5274.316088013532,4,43.21001336782965,203.56084731275112,15.394412549627003,4.0,2043,2046,2045
49,3396.0178078806316,5,40.82696069543257,186.79669108318794,10.342106148681282,4.0,2047,2050,2047
49,3396.0178078806316,5,40.82696069543257,186.79669108318794,10.342106148681282,4.0,2047,2050,2048
49,3396.0178078806316,5,40.82696069543257,186.79669108318794,10.342106148681282,4.0,2047,2050,2049
49,2982.1499597864117,6,46.983345363868025,179.73902727880275,14.79000855334079,4.0,2051,2061,2051
49,2982.1499597864117,6,46.983345363868025,179.73902727880275,14.79000855334079,4.0,2051,2061,2052
49,2982.1499597864117,6,46.983345363868025,179.73902727880275,14.79000855334079,4.0,2051,2061,2053
49,2982.1499597864117,6,46.983345363868025,179.73902727880275,14.79000855334079,4.0,2051,2061,2054
49,2982.1499597864117,6,46.983345363868025,179.73902727880275,14.79000855334079,4.0,2051,2061,2055
49,2982.1499597864117,6,46.983345363868025,179.73902727880275,14.79000855334079,4.0,2051,2061,2056
49,2982.1499597864117,6,46.983345363868025,179.73902727880275,14.79000855334079,4.0,2051,2061,2057
49,2982.1499597864117,6,46.983345363868025,179.73902727880275,14.79000855334079,4.0,2051,2061,2058
49,2982.1499597864117,6,46.983345363868025,179.73902727880275,14.79000855334079,4.0,2051,2061,2059
49,2982.1499597864117,6,46.983345363868025,179.73902727880275,14.79000855334079,4.0,2051,2061,2060
50,8004.818744924364,1,94.76993360835003,189.66531556400756,14.78943879812494,20.0,2010,2029,2010
50,8004.818744924364,1,94.76993360835003,189.66531556400756,14.78943879812494,20.0,2010,2029,2011
50,8004.818744924364,1,94.76993360835003,189.66531556400756,14.78943879812494,20.0,2010,2029,2012
50,8004.818744924364,1,94.76993360835003,189.66531556400756,14.78943879812494,20.0,2010,2029,2013
50,8004.818744924364,1,94.76993360835003,189.66531556400756,14.78943879812494,20.0,2010,2029,2014
50,8004.818744924364,1,94.76993360835003,189.66531556400756,14.78943879812494,20.0,2010,2029,2015
50,8004.818744924364,1,94.76993360835003,189.66531556400756,14.78943879812494,20.0,2010,2029,2016
50,8004.818744924364,1,94.76993360835003,189.66531556400756,14.78943879812494,20.0,2010,2029,2017
50,8004.818744924364,1,94.76993360835003,189.66531556400756,14.78943879812494,20.0,2010,2029,2018
50,8004.818744924364,1,94.76993360835003,189.66531556400756,14.78943879812494,20.0,2010,2029,2019
50,8004.818744924364,1,94.76993360835003,189.66531556400756,14.78943879812494,20.0,2010,2029,2020
50,8004.818744924364,1,94.76993360835003,189.66531556400756,14.78943879812494,20.0,2010,2029,2021
50,8004.818744924364,1,94.76993360835003,189.66531556400756,14.78943879812494,20.0,2010,2029,2022
50,8004.818744924364,1,94.76993360835003,189.66531556400756,14.78943879812494,20.0,2010,2029,2023
50,8004.818744924364,1,94.76993360835003,189.66531556400756,14.78943879812494,20.0,2010,2029,2024
50,8004.818744924364,1,94.76993360835003,189.66531556400756,14.78943879812494,20.0,2010,2029,2025
50,8004.818744924364,1,94.76993360835003,189.66531556400756,14.78943879812494,20.0,2010,2029,2026
50,8004.818744924364,1,94.76993360835003,189.66531556400756,14.78943879812494,20.0,2010,2029,2027
50,8004.818744924364,1,94.76993360835003,189.66531556400756,14.78943879812494,20.0,2010,2029,2028
50,6131.520052271441,2,53.654010524884534,185.0943595881379,13.584698458976384,5.0,2030,2034,2030
50,6131.520052271441,2,53.654010524884534,185.0943595881379,13.584698458976384,5.0,2030,2034,2031
50,6131.520052271441,2,53.654010524884534,185.0943595881379,13.584698458976384,5.0,2030,2034,2032
50,6131.520052271441,2,53.654010524884534,185.0943595881379,13.584698458976384,5.0,2030,2034,2033
50,4673.6267146792325,3,48.29980692362626,174.67688768808267,14.209552916106365,5.0,2035,2039,2035
50,4673.6267146792325,3,48.29980692362626,174.67688768808267,14.209552916106365,5.0,2035,2039,2036
50,4673.6267146792325,3,48.29980692362626,174.67688768808267,14.209552916106365,5.0,2035,2039,2037
50,4673.6267146792325,3,48.29980692362626,174.67688768808267,14.209552916106365,5.0,2035,2039,2038
50,3314.460215640047,4,44.22263422108636,203.6993932022758,9.464790762806675,4.0,2040,2043,2040
50,3314.460215640047,4,44.22263422108636,203.6993932022758,9.464790762806675,4.0,2040,2043,2041
50,3314.460215640047,4,44.22263422108636,203.6993932022758,9.464790762806675,4.0,2040,2043,2042
50,2997.7839012079467,5,38.330769416223625,211.38904357869657,15.123949366822846,4.0,2044,2047,2044
50,2997.7839012079467,5,38.330769416223625,211.38904357869657,15.123949366822846,4.0,2044,2047,2045
50,2997.7839012079467,5,38.330769416223625,211.38904357869657,15.123949366822846,4.0,2044,2047,2046
50,3650.186929982496,6,38.87613894498119,187.36094582004165,12.686243621022655,4.0,2048,2061,2048
50,3650.186929982496,6,38.87613894498119,187.36094582004165,12.686243621022655,4.0,2048,2061,2049
50,3650.186929982496,6,38.87613894498119,187.36094582004165,12.686243621022655,4.0,2048,2061,2050
50,3650.186929982496,6,38.87613894498119,187.36094582004165,12.686243621022655,4.0,2048,2061,2051
50,3650.186929982496,6,38.87613894498119,187.36094582004165,12.686243621022655,4.0,2048,2061,2052
50,3650.186929982496,6,38.87613894498119,187.36094582004165,12.686243621022655,4.0,2048,2061,2053
50,3650.186929982496,6,38.87613894498119,187.36094582004165,12.686243621022655,4.0,2048,2061,2054
50,3650.186929982496,6,38.87613894498119,187.36094582004165,12.686243621022655,4.0,2048,2061,2055
50,3650.186929982496,6,38.87613894498119,187.36094582004165,12.686243621022655,4.0,2048,2061,2056
50,3650.186929982496,6,38.87613894498119,187.36094582004165,12.686243621022655,4.0,2048,2061,2057
50,3650.186929982496,6,38.87613894498119,187.36094582004165,12.686243621022655,4.0,2048,2061,2058
50,3650.186929982496,6,38.87613894498119,187.36094582004165,12.686243621022655,4.0,2048,2061,2059
50,3650.186929982496,6,38.87613894498119,187.36094582004165,12.686243621022655,4.0,2048,2061,2060
51,10971.855377658003,1,115.57653358850311,183.36701490361583,14.444248926692488,22.0,2010,2031,2010
51,10971.855377658003,1,115.57653358850311,183.36701490361583,14.444248926692488,22.0,2010,2031,2011
51,10971.855377658003,1,115.57653358850311,183.36701490361583,14.444248926692488,22.0,2010,2031,2012
51,10971.855377658003,1,115.57653358850311,183.36701490361583,14.444248926692488,22.0,2010,2031,2013
51,10971.855377658003,1,115.57653358850311,183.36701490361583,14.444248926692488,22.0,2010,2031,2014
51,10971.855377658003,1,115.57653358850311,183.36701490361583,14.444248926692488,22.0,2010,2031,2015
51,10971.855377658003,1,115.57653358850311,183.36701490361583,14.444248926692488,22.0,2010,2031,2016
51,10971.855377658003,1,115.57653358850311,183.36701490361583,14.444248926692488,22.0,2010,2031,2017
51,10971.855377658003,1,115.57653358850311,183.36701490361583,14.444248926692488,22.0,2010,2031,2018
51,10971.855377658003,1,115.57653358850311,183.36701490361583,14.444248926692488,22.0,2010,2031,2019
51,10971.855377658003,1,115.57653358850311,183.36701490361583,14.444248926692488,22.0,2010,2031,2020
51,10971.855377658003,1,115.57653358850311,183.36701490361583,14.444248926692488,22.0,2010,2031,2021
51,10971.855377658003,1,115.57653358850311,183.36701490361583,14.444248926692488,22.0,2010,2031,2022
51,10971.855377658003,1,115.57653358850311,183.36701490361583,14.444248926692488,22.0,2010,2031,2023
51,10971.855377658003,1,115.57653358850311,183.36701490361583,14.444248926692488,22.0,2010,2031,2024
51,10971.855377658003,1,115.57653358850311,183.36701490361583,14.444248926692488,22.0,2010,2031,2025
51,10971.855377658003,1,115.57653358850311,183.36701490361583,14.444248926692488,22.0,2010,2031,2026
51,10971.855377658003,1,115.57653358850311,183.36701490361583,14.444248926692488,22.0,2010,2031,2027
51,10971.855377658003,1,115.57653358850311,183.36701490361583,14.444248926692488,22.0,2010,2031,2028
51,10971.855377658003,1,115.57653358850311,183.36701490361583,14.444248926692488,22.0,2010,2031,2029
51,10971.855377658003,1,115.57653358850311,183.36701490361583,14.444248926692488,22.0,2010,2031,2030
51,6519.572981483199,2,61.81149105851686,185.40398503396102,12.694540916402541,6.0,2032,2037,2032
51,6519.572981483199,2,61.81149105851686,185.40398503396102,12.694540916402541,6.0,2032,2037,2033
51,6519.572981483199,2,61.81149105851686,185.40398503396102,12.694540916402541,6.0,2032,2037,2034
51,6519.572981483199,2,61.81149105851686,185.40398503396102,12.694540916402541,6.0,2032,2037,2035
51,6519.572981483199,2,61.81149105851686,185.40398503396102,12.694540916402541,6.0,2032,2037,2036
51,4578.51645310555,3,45.249060617447036,168.6756999290071,16.029568878307124,4.0,2038,2041,2038
51,4578.51645310555,3,45.249060617447036,168.6756999290071,16.029568878307124,4.0,2038,2041,2039
51,4578.51645310555,3,45.249060617447036,168.6756999290071,16.029568878307124,4.0,2038,2041,2040
51,2928.6270754410475,4,49.69920080555397,165.87928986262799,14.420783253519312,5.0,2042,2046,2042
51,2928.6270754410475,4,49.69920080555397,165.87928986262799,14.420783253519312,5.0,2042,2046,2043
51,2928.6270754410475,4,49.69920080555397,165.87928986262799,14.420783253519312,5.0,2042,2046,2044
51,2928.6270754410475,4,49.69920080555397,165.87928986262799,14.420783253519312,5.0,2042,2046,2045
51,5027.709021445544,5,47.43531062658923,180.75044730075533,14.568557820221375,4.0,2047,2050,2047
51,5027.709021445544,5,47.43531062658923,180.75044730075533,14.568557820221375,4.0,2047,2050,2048
51,5027.709021445544,5,47.43531062658923,180.75044730075533,14.568557820221375,4.0,2047,2050,2049
51,3721.9790536637156,6,36.288224924315664,179.89667163259503,13.379314373672816,4.0,2051,2061,2051
51,3721.9790536637156,6,36.288224924315664,179.89667163259503,13.379314373672816,4.0,2051,2061,2052
51,3721.9790536637156,6,36.288224924315664,179.89667163259503,13.379314373672816,4.0,2051,2061,2053
51,3721.9790536637156,6,36.288224924315664,179.89667163259503,13.379314373672816,4.0,2051,2061,2054
51,3721.9790536637156,6,36.288224924315664,179.89667163259503,13.379314373672816,4.0,2051,2061,2055
51,3721.9790536637156,6,36.288224924315664,179.89667163259503,13.379314373672816,4.0,2051,2061,2056
51,3721.9790536637156,6,36.288224924315664,179.89667163259503,13.379314373672816,4.0,2051,2061,2057
51,3721.9790536637156,6,36.288224924315664,179.89667163259503,13.379314373672816,4.0,2051,2061,2058
51,3721.9790536637156,6,36.288224924315664,179.89667163259503,13.379314373672816,4.0,2051,2061,2059
51,3721.9790536637156,6,36.288224924315664,179.89667163259503,13.379314373672816,4.0,2051,2061,2060
52,12802.436126598377,1,118.82331548416684,181.3537391302865,11.442350681873386,22.0,2010,2031,2010
52,12802.436126598377,1,118.82331548416684,181.3537391302865,11.442350681873386,22.0,2010,2031,2011
52,12802.436126598377,1,118.82331548416684,181.3537391302865,11.442350681873386,22.0,2010,2031,2012
52,12802.436126598377,1,118.82331548416684,181.3537391302865,11.442350681873386,22.0,2010,2031,2013
52,12802.436126598377,1,118.82331548416684,181.3537391302865,11.442350681873386,22.0,2010,2031,2014
52,12802.436126598377,1,118.82331548416684,181.3537391302865,11.442350681873386,22.0,2010,2031,2015
52,12802.436126598377,1,118.82331548416684,181.3537391302865,11.442350681873386,22.0,2010,2031,2016
52,12802.436126598377,1,118.82331548416684,181.3537391302865,11.442350681873386,22.0,2010,2031,2017
52,12802.436126598377,1,118.82331548416684,181.3537391302865,11.442350681873386,22.0,2010,2031,2018
52,12802.436126598377,1,118.82331548416684,181.3537391302865,11.442350681873386,22.0,2010,2031,2019
52,12802.436126598377,1,118.82331548416684,181.3537391302865,11.442350681873386,22.0,2010,2031,2020
52,12802.436126598377,1,118.82331548416684,181.3537391302865,11.442350681873386,22.0,2010,2031,2021
52,12802.436126598377,1,118.82331548416684,181.3537391302865,11.442350681873386,22.0,2010,2031,2022
52,12802.436126598377,1,118.82331548416684,181.3537391302865,11.442350681873386,22.0,2010,2031,2023
52,12802.436126598377,1,118.82331548416684,181.3537391302865,11.442350681873386,22.0,2010,2031,2024
52,12802.436126598377,1,118.82331548416684,181.3537391302865,11.442350681873386,22.0,2010,2031,2025
52,12802.436126598377,1,118.82331548416684,181.3537391302865,11.442350681873386,22.0,2010,2031,2026
52,12802.436126598377,1,118.82331548416684,181.3537391302865,11.442350681873386,22.0,2010,2031,2027
52,12802.436126598377,1,118.82331548416684,181.3537391302865,11.442350681873386,22.0,2010,2031,2028
52,12802.436126598377,1,118.82331548416684,181.3537391302865,11.442350681873386,22.0,2010,2031,2029
52,12802.436126598377,1,118.82331548416684,181.3537391302865,11.442350681873386,22.0,2010,2031,2030
52,4019.3873782037754,2,51.546556076803775,205.44957467201078,14.28027245209757,5.0,2032,2036,2032
52,4019.3873782037754,2,51.546556076803775,205.44957467201078,14.28027245209757,5.0,2032,2036,2033
52,4019.3873782037754,2,51.546556076803775,205.44957467201078,14.28027245209757,5.0,2032,2036,2034
52,4019.3873782037754,2,51.546556076803775,205.44957467201078,14.28027245209757,5.0,2032,2036,2035
52,3806.1883914835657,3,52.45690309309011,179.77758990279918,11.700436955651245,5.0,2037,2041,2037
52,3806.1883914835657,3,52.45690309309011,179.77758990279918,11.700436955651245,5.0,2037,2041,2038
52,3806.1883914835657,3,52.45690309309011,179.77758990279918,11.700436955651245,5.0,2037,2041,2039
52,3806.1883914835657,3,52.45690309309011,179.77758990279918,11.700436955651245,5.0,2037,2041,2040
52,3289.5298626243966,4,42.99258035621124,186.7857670662474,15.554449965617476,4.0,2042,2045,2042
52,3289.5298626243966,4,42.99258035621124,186.7857670662474,15.554449965617476,4.0,2042,2045,2043
52,3289.5298626243966,4,42.99258035621124,186.7857670662474,15.554449965617476,4.0,2042,2045,2044
52,4124.031762831887,5,39.72545947531815,181.0916026079662,13.497811817867031,4.0,2046,2049,2046
52,4124.031762831887,5,39.72545947531815,181.0916026079662,13.497811817867031,4.0,2046,2049,2047
52,4124.031762831887,5,39.72545947531815,181.0916026079662,13.497811817867031,4.0,2046,2049,2048
52,4622.580559157913,6,45.001018676828544,189.2651512416145,11.702696851945054,4.0,2050,2061,2050
52,4622.580559157913,6,45.001018676828544,189.2651512416145,11.702696851945054,4.0,2050,2061,2051
52,4622.580559157913,6,45.001018676828544,189.2651512416145,11.702696851945054,4.0,2050,2061,2052
52,4622.580559157913,6,45.001018676828544,189.2651512416145,11.702696851945054,4.0,2050,2061,2053
52,4622.580559157913,6,45.001018676828544,189.2651512416145,11.702696851945054,4.0,2050,2061,2054
52,4622.580559157913,6,45.001018676828544,189.2651512416145,11.702696851945054,4.0,2050,2061,2055
52,4622.580559157913,6,45.001018676828544,189.2651512416145,11.702696851945054,4.0,2050,2061,2056
52,4622.580559157913,6,45.001018676828544,189.2651512416145,11.702696851945054,4.0,2050,2061,2057
52,4622.580559157913,6,45.001018676828544,189.2651512416145,11.702696851945054,4.0,2050,2061,2058
52,4622.580559157913,6,45.001018676828544,189.2651512416145,11.702696851945054,4.0,2050,2061,2059
52,4622.580559157913,6,45.001018676828544,189.2651512416145,11.702696851945054,4.0,2050,2061,2060
53,11770.653176873504,1,102.06240025718566,206.16907690505312,10.743784145682715,21.0,2010,2030,2010
53,11770.653176873504,1,102.06240025718566,206.16907690505312,10.743784145682715,21.0,2010,2030,2011
53,11770.653176873504,1,102.06240025718566,206.16907690505312,10.743784145682715,21.0,2010,2030,2012
53,11770.653176873504,1,102.06240025718566,206.16907690505312,10.743784145682715,21.0,2010,2030,2013
53,11770.653176873504,1,102.06240025718566,206.16907690505312,10.743784145682715,21.0,2010,2030,2014
53,11770.653176873504,1,102.06240025718566,206.16907690505312,10.743784145682715,21.0,2010,2030,2015
53,11770.653176873504,1,102.06240025718566,206.16907690505312,10.743784145682715,21.0,2010,2030,2016
53,11770.653176873504,1,102.06240025718566,206.16907690505312,10.743784145682715,21.0,2010,2030,2017
53,11770.653176873504,1,102.06240025718566,206.16907690505312,10.743784145682715,21.0,2010,2030,2018
53,11770.653176873504,1,102.06240025718566,206.16907690505312,10.743784145682715,21.0,2010,2030,2019
53,11770.653176873504,1,102.06240025718566,206.16907690505312,10.743784145682715,21.0,2010,2030,2020
53,11770.653176873504,1,102.06240025718566,206.16907690505312,10.743784145682715,21.0,2010,2030,2021
53,11770.653176873504,1,102.06240025718566,206.16907690505312,10.743784145682715,21.0,2010,2030,2022
53,11770.653176873504,1,102.06240025718566,206.16907690505312,10.743784145682715,21.0,2010,2030,2023
53,11770.653176873504,1,102.06240025718566,206.16907690505312,10.743784145682715,21.0,2010,2030,2024
53,11770.653176873504,1,102.06240025718566,206.16907690505312,10.743784145682715,21.0,2010,2030,2025
53,11770.653176873504,1,102.06240025718566,206.16907690505312,10.743784145682715,21.0,2010,2030,2026
53,11770.653176873504,1,102.06240025718566,206.16907690505312,10.743784145682715,21.0,2010,2030,2027
53,11770.653176873504,1,102.06240025718566,206.16907690505312,10.743784145682715,21.0,2010,2030,2028
53,11770.653176873504,1,102.06240025718566,206.16907690505312,10.743784145682715,21.0,2010,2030,2029
53,5824.655691112377,2,72.1172315073464,178.86182879671543,15.511487120924699,7.0,2031,2037,2031
53,5824.655691112377,2,72.1172315073464,178.86182879671543,15.511487120924699,7.0,2031,2037,2032
53,5824.655691112377,2,72.1172315073464,178.86182879671543,15.511487120924699,7.0,2031,2037,2033
53,5824.655691112377,2,72.1172315073464,178.86182879671543,15.511487120924699,7.0,2031,2037,2034
53,5824.655691112377,2,72.1172315073464,178.86182879671543,15.511487120924699,7.0,2031,2037,2035
53,5824.655691112377,2,72.1172315073464,178.86182879671543,15.511487120924699,7.0,2031,2037,2036
53,4645.805430033335,3,61.16372597013149,171.53460878158813,11.77825613669447,6.0,2038,2043,2038
53,4645.805430033335,3,61.16372597013149,171.53460878158813,11.77825613669447,6.0,2038,2043,2039
53,4645.805430033335,3,61.16372597013149,171.53460878158813,11.77825613669447,6.0,2038,2043,2040
53,4645.805430033335,3,61.16372597013149,171.53460878158813,11.77825613669447,6.0,2038,2043,2041
53,4645.805430033335,3,61.16372597013149,171.53460878158813,11.77825613669447,6.0,2038,2043,2042
53,4178.830249104757,4,42.99547968458064,188.7473512934683,14.10174879465991,4.0,2044,2047,2044
53,4178.830249104757,4,42.99547968458064,188.7473512934683,14.10174879465991,4.0,2044,2047,2045
53,4178.830249104757,4,42.99547968458064,188.7473512934683,14.10174879465991,4.0,2044,2047,2046
53,3791.108489137743,5,51.65429312274287,158.36584247942855,14.198969412346496,5.0,2048,2052,2048
53,3791.108489137743,5,51.65429312274287,158.36584247942855,14.198969412346496,5.0,2048,2052,2049
53,3791.108489137743,5,51.65429312274287,158.36584247942855,14.198969412346496,5.0,2048,2052,2050
53,3791.108489137743,5,51.65429312274287,158.36584247942855,14.198969412346496,5.0,2048,2052,2051
53,4102.667726632921,6,48.11452360944616,194.35310488653278,13.632596566098098,5.0,2053,2061,2053
53,4102.667726632921,6,48.11452360944616,194.35310488653278,13.632596566098098,5.0,2053,2061,2054
53,4102.667726632921,6,48.11452360944616,194.35310488653278,13.632596566098098,5.0,2053,2061,2055
53,4102.667726632921,6,48.11452360944616,194.35310488653278,13.632596566098098,5.0,2053,2061,2056
53,4102.667726632921,6,48.11452360944616,194.35310488653278,13.632596566098098,5.0,2053,2061,2057
53,4102.667726632921,6,48.11452360944616,194.35310488653278,13.632596566098098,5.0,2053,2061,2058
53,4102.667726632921,6,48.11452360944616,194.35310488653278,13.632596566098098,5.0,2053,2061,2059
53,4102.667726632921,6,48.11452360944616,194.35310488653278,13.632596566098098,5.0,2053,2061,2060
54,13336.798548517656,1,120.96511070561007,161.08601759341803,10.10218132271373,23.0,2010,2032,2010
54,13336.798548517656,1,120.96511070561007,161.08601759341803,10.10218132271373,23.0,2010,2032,2011
54,13336.798548517656,1,120.96511070561007,161.08601759341803,10.10218132271373,23.0,2010,2032,2012
54,13336.798548517656,1,120.96511070561007,161.08601759341803,10.10218132271373,23.0,2010,2032,2013
54,13336.798548517656,1,120.96511070561007,161.08601759341803,10.10218132271373,23.0,2010,2032,2014
54,13336.798548517656,1,120.96511070561007,161.08601759341803,10.10218132271373,23.0,2010,2032,2015
54,13336.798548517656,1,120.96511070561007,161.08601759341803,10.10218132271373,23.0,2010,2032,2016
54,13336.798548517656,1,120.96511070561007,161.08601759341803,10.10218132271373,23.0,2010,2032,2017
54,13336.798548517656,1,120.96511070561007,161.08601759341803,10.10218132271373,23.0,2010,2032,2018
54,13336.798548517656,1,120.96511070561007,161.08601759341803,10.10218132271373,23.0,2010,2032,2019
54,13336.798548517656,1,120.96511070561007,161.08601759341803,10.10218132271373,23.0,2010,2032,2020
54,13336.798548517656,1,120.96511070561007,161.08601759341803,10.10218132271373,23.0,2010,2032,2021
54,13336.798548517656,1,120.96511070561007,161.08601759341803,10.10218132271373,23.0,2010,2032,2022
54,13336.798548517656,1,120.96511070561007,161.08601759341803,10.10218132271373,23.0,2010,2032,2023
54,13336.798548517656,1,120.96511070561007,161.08601759341803,10.10218132271373,23.0,2010,2032,2024
54,13336.798548517656,1,120.96511070561007,161.08601759341803,10.10218132271373,23.0,2010,2032,2025
54,13336.798548517656,1,120.96511070561007,161.08601759341803,10.10218132271373,23.0,2010,2032,2026
54,13336.798548517656,1,120.96511070561007,161.08601759341803,10.10218132271373,23.0,2010,2032,2027
54,13336.798548517656,1,120.96511070561007,161.08601759341803,10.10218132271373,23.0,2010,2032,2028
54,13336.798548517656,1,120.96511070561007,161.08601759341803,10.10218132271373,23.0,2010,2032,2029
54,13336.798548517656,1,120.96511070561007,161.08601759341803,10.10218132271373,23.0,2010,2032,2030
54,13336.798548517656,1,120.96511070561007,161.08601759341803,10.10218132271373,23.0,2010,2032,2031
54,3819.7750483565815,2,67.48874337146358,181.88496423308177,11.55237326761287,6.0,2033,2038,2033
54,3819.7750483565815,2,67.48874337146358,181.88496423308177,11.55237326761287,6.0,2033,2038,2034
54,3819.7750483565815,2,67.48874337146358,181.88496423308177,11.55237326761287,6.0,2033,2038,2035
54,3819.7750483565815,2,67.48874337146358,181.88496423308177,11.55237326761287,6.0,2033,2038,2036
54,3819.7750483565815,2,67.48874337146358,181.88496423308177,11.55237326761287,6.0,2033,2038,2037
54,4160.514036184691,3,46.51869265039887,167.29230940949003,10.724990453046477,4.0,2039,2042,2039
54,4160.514036184691,3,46.51869265039887,167.29230940949003,10.724990453046477,4.0,2039,2042,2040
54,4160.514036184691,3,46.51869265039887,167.29230940949003,10.724990453046477,4.0,2039,2042,2041
54,4609.917329829782,4,42.87026153294575,187.97928621141463,13.303700288300115,4.0,2043,2046,2043
54,4609.917329829782,4,42.87026153294575,187.97928621141463,13.303700288300115,4.0,2043,2046,2044
54,4609.917329829782,4,42.87026153294575,187.97928621141463,13.303700288300115,4.0,2043,2046,2045
54,4026.5501117525964,5,49.25044351432401,194.5121607925428,13.490743360834255,5.0,2047,2051,2047
54,4026.5501117525964,5,49.25044351432401,194.5121607925428,13.490743360834255,5.0,2047,2051,2048
54,4026.5501117525964,5,49.25044351432401,194.5121607925428,13.490743360834255,5.0,2047,2051,2049
54,4026.5501117525964,5,49.25044351432401,194.5121607925428,13.490743360834255,5.0,2047,2051,2050
54,3344.8842407207057,6,45.85548975409796,198.12624156533332,10.654076713602764,4.0,2052,2061,2052
54,3344.8842407207057,6,45.85548975409796,198.12624156533332,10.654076713602764,4.0,2052,2061,2053
54,3344.8842407207057,6,45.85548975409796,198.12624156533332,10.654076713602764,4.0,2052,2061,2054
54,3344.8842407207057,6,45.85548975409796,198.12624156533332,10.654076713602764,4.0,2052,2061,2055
54,3344.8842407207057,6,45.85548975409796,198.12624156533332,10.654076713602764,4.0,2052,2061,2056
54,3344.8842407207057,6,45.85548975409796,198.12624156533332,10.654076713602764,4.0,2052,2061,2057
54,3344.8842407207057,6,45.85548975409796,198.12624156533332,10.654076713602764,4.0,2052,2061,2058
54,3344.8842407207057,6,45.85548975409796,198.12624156533332,10.654076713602764,4.0,2052,2061,2059
54,3344.8842407207057,6,45.85548975409796,198.12624156533332,10.654076713602764,4.0,2052,2061,2060
55,8028.468478051203,1,104.6636062473031,173.79754440294727,11.441766176603602,21.0,2010,2030,2010
55,8028.468478051203,1,104.6636062473031,173.79754440294727,11.441766176603602,21.0,2010,2030,2011
55,8028.468478051203,1,104.6636062473031,173.79754440294727,11.441766176603602,21.0,2010,2030,2012
55,8028.468478051203,1,104.6636062473031,173.79754440294727,11.441766176603602,21.0,2010,2030,2013
55,8028.468478051203,1,104.6636062473031,173.79754440294727,11.441766176603602,21.0,2010,2030,2014
55,8028.468478051203,1,104.6636062473031,173.79754440294727,11.441766176603602,21.0,2010,2030,2015
55,8028.468478051203,1,104.6636062473031,173.79754440294727,11.441766176603602,21.0,2010,2030,2016
55,8028.468478051203,1,104.6636062473031,173.79754440294727,11.441766176603602,21.0,2010,2030,2017
55,8028.468478051203,1,104.6636062473031,173.79754440294727,11.441766176603602,21.0,2010,2030,2018
55,8028.468478051203,1,104.6636062473031,173.79754440294727,11.441766176603602,21.0,2010,2030,2019
55,8028.468478051203,1,104.6636062473031,173.79754440294727,11.441766176603602,21.0,2010,2030,2020
55,8028.468478051203,1,104.6636062473031,173.79754440294727,11.441766176603602,21.0,2010,2030,2021
55,8028.468478051203,1,104.6636062473031,173.79754440294727,11.441766176603602,21.0,2010,2030,2022
55,8028.468478051203,1,104.6636062473031,173.79754440294727,11.441766176603602,21.0,2010,2030,2023
55,8028.468478051203,1,104.6636062473031,173.79754440294727,11.441766176603602,21.0,2010,2030,2024
55,8028.468478051203,1,104.6636062473031,173.79754440294727,11.441766176603602,21.0,2010,2030,2025
55,8028.468478051203,1,104.6636062473031,173.79754440294727,11.441766176603602,21.0,2010,2030,2026
55,8028.468478051203,1,104.6636062473031,173.79754440294727,11.441766176603602,21.0,2010,2030,2027
55,8028.468478051203,1,104.6636062473031,173.79754440294727,11.441766176603602,21.0,2010,2030,2028
55,8028.468478051203,1,104.6636062473031,173.79754440294727,11.441766176603602,21.0,2010,2030,2029
55,6338.2224115459985,2,60.563260795592754,192.1901409033099,12.409794814509308,6.0,2031,2036,2031
55,6338.2224115459985,2,60.563260795592754,192.1901409033099,12.409794814509308,6.0,2031,2036,2032
55,6338.2224115459985,2,60.563260795592754,192.1901409033099,12.409794814509308,6.0,2031,2036,2033
55,6338.2224115459985,2,60.563260795592754,192.1901409033099,12.409794814509308,6.0,2031,2036,2034
55,6338.2224115459985,2,60.563260795592754,192.1901409033099,12.409794814509308,6.0,2031,2036,2035
55,4157.484551012751,3,60.31623438243893,189.5732305135748,13.567953970048151,6.0,2037,2042,2037
55,4157.484551012751,3,60.31623438243893,189.5732305135748,13.567953970048151,6.0,2037,2042,2038
55,4157.484551012751,3,60.31623438243893,189.5732305135748,13.567953970048151,6.0,2037,2042,2039
55,4157.484551012751,3,60.31623438243893,189.5732305135748,13.567953970048151,6.0,2037,2042,2040
55,4157.484551012751,3,60.31623438243893,189.5732305135748,13.567953970048151,6.0,2037,2042,2041
55,4170.661743948098,4,55.22146637307946,189.2974977582389,14.502587095653862,5.0,2043,2047,2043
55,4170.661743948098,4,55.22146637307946,189.2974977582389,14.502587095653862,5.0,2043,2047,2044
55,4170.661743948098,4,55.22146637307946,189.2974977582389,14.502587095653862,5.0,2043,2047,2045
55,4170.661743948098,4,55.22146637307946,189.2974977582389,14.502587095653862,5.0,2043,2047,2046
55,4215.5353823676405,5,46.887112332422596,175.9537956118631,12.685309747188523,4.0,2048,2051,2048
55,4215.5353823676405,5,46.887112332422596,175.9537956118631,12.685309747188523,4.0,2048,2051,2049
55,4215.5353823676405,5,46.887112332422596,175.9537956118631,12.685309747188523,4.0,2048,2051,2050
55,4007.2049694721036,6,50.5352350925057,192.4915451451967,13.783303055523175,5.0,2052,2061,2052
55,4007.2049694721036,6,50.5352350925057,192.4915451451967,13.783303055523175,5.0,2052,2061,2053
55,4007.2049694721036,6,50.5352350925057,192.4915451451967,13.783303055523175,5.0,2052,2061,2054
55,4007.2049694721036,6,50.5352350925057,192.4915451451967,13.783303055523175,5.0,2052,2061,2055
55,4007.2049694721036,6,50.5352350925057,192.4915451451967,13.783303055523175,5.0,2052,2061,2056
55,4007.2049694721036,6,50.5352350925057,192.4915451451967,13.783303055523175,5.0,2052,2061,2057
55,4007.2049694721036,6,50.5352350925057,192.4915451451967,13.783303055523175,5.0,2052,2061,2058
55,4007.2049694721036,6,50.5352350925057,192.4915451451967,13.783303055523175,5.0,2052,2061,2059
55,4007.2049694721036,6,50.5352350925057,192.4915451451967,13.783303055523175,5.0,2052,2061,2060
56,12646.507404747672,1,98.80245468349894,170.92511263863997,13.004661712009119,21.0,2010,2030,2010
56,12646.507404747672,1,98.80245468349894,170.92511263863997,13.004661712009119,21.0,2010,2030,2011
56,12646.507404747672,1,98.80245468349894,170.92511263863997,13.004661712009119,21.0,2010,2030,2012
56,12646.507404747672,1,98.80245468349894,170.92511263863997,13.004661712009119,21.0,2010,2030,2013
56,12646.507404747672,1,98.80245468349894,170.92511263863997,13.004661712009119,21.0,2010,2030,2014
56,12646.507404747672,1,98.80245468349894,170.92511263863997,13.004661712009119,21.0,2010,2030,2015
56,12646.507404747672,1,98.80245468349894,170.92511263863997,13.004661712009119,21.0,2010,2030,2016
56,12646.507404747672,1,98.80245468349894,170.92511263863997,13.004661712009119,21.0,2010,2030,2017
56,12646.507404747672,1,98.80245468349894,170.92511263863997,13.004661712009119,21.0,2010,2030,2018
56,12646.507404747672,1,98.80245468349894,170.92511263863997,13.004661712009119,21.0,2010,2030,2019
56,12646.507404747672,1,98.80245468349894,170.92511263863997,13.004661712009119,21.0,2010,2030,2020
56,12646.507404747672,1,98.80245468349894,170.92511263863997,13.004661712009119,21.0,2010,2030,2021
56,12646.507404747672,1,98.80245468349894,170.92511263863997,13.004661712009119,21.0,2010,2030,2022
56,12646.507404747672,1,98.80245468349894,170.92511263863997,13.004661712009119,21.0,2010,2030,2023
56,12646.507404747672,1,98.80245468349894,170.92511263863997,13.004661712009119,21.0,2010,2030,2024
56,12646.507404747672,1,98.80245468349894,170.92511263863997,13.004661712009119,21.0,2010,2030,2025
56,12646.507404747672,1,98.80245468349894,170.92511263863997,13.004661712009119,21.0,2010,2030,2026
56,12646.507404747672,1,98.80245468349894,170.92511263863997,13.004661712009119,21.0,2010,2030,2027
56,12646.507404747672,1,98.80245468349894,170.92511263863997,13.004661712009119,21.0,2010,2030,2028
56,12646.507404747672,1,98.80245468349894,170.92511263863997,13.004661712009119,21.0,2010,2030,2029
56,7154.3296933904685,2,61.55886237011897,159.59974161652585,12.85388186275205,6.0,2031,2036,2031
56,7154.3296933904685,2,61.55886237011897,159.59974161652585,12.85388186275205,6.0,2031,2036,2032
56,7154.3296933904685,2,61.55886237011897,159.59974161652585,12.85388186275205,6.0,2031,2036,2033
56,7154.3296933904685,2,61.55886237011897,159.59974161652585,12.85388186275205,6.0,2031,2036,2034
56,7154.3296933904685,2,61.55886237011897,159.59974161652585,12.85388186275205,6.0,2031,2036,2035
56,5115.969481100859,3,46.739335849202405,176.26724136431085,13.910407730171064,4.0,2037,2040,2037
56,5115.969481100859,3,46.739335849202405,176.26724136431085,13.910407730171064,4.0,2037,2040,2038
56,5115.969481100859,3,46.739335849202405,176.26724136431085,13.910407730171064,4.0,2037,2040,2039
56,3193.688452469071,4,52.25196676554576,192.91325196963675,13.624012340463494,5.0,2041,2045,2041
56,3193.688452469071,4,52.25196676554576,192.91325196963675,13.624012340463494,5.0,2041,2045,2042
56,3193.688452469071,4,52.25196676554576,192.91325196963675,13.624012340463494,5.0,2041,2045,2043
56,3193.688452469071,4,52.25196676554576,192.91325196963675,13.624012340463494,5.0,2041,2045,2044
56,3718.5292424451422,5,51.524278887554786,180.17366656721404,15.04896165522041,5.0,2046,2050,2046
56,3718.5292424451422,5,51.524278887554786,180.17366656721404,15.04896165522041,5.0,2046,2050,2047
56,3718.5292424451422,5,51.524278887554786,180.17366656721404,15.04896165522041,5.0,2046,2050,2048
56,3718.5292424451422,5,51.524278887554786,180.17366656721404,15.04896165522041,5.0,2046,2050,2049
56,4648.410771407587,6,44.69491680116108,197.92057622010535,10.335626685334555,4.0,2051,2061,2051
56,4648.410771407587,6,44.69491680116108,197.92057622010535,10.335626685334555,4.0,2051,2061,2052
56,4648.410771407587,6,44.69491680116108,197.92057622010535,10.335626685334555,4.0,2051,2061,2053
56,4648.410771407587,6,44.69491680116108,197.92057622010535,10.335626685334555,4.0,2051,2061,2054
56,4648.410771407587,6,44.69491680116108,197.92057622010535,10.335626685334555,4.0,2051,2061,2055
56,4648.410771407587,6,44.69491680116108,197.92057622010535,10.335626685334555,4.0,2051,2061,2056
56,4648.410771407587,6,44.69491680116108,197.92057622010535,10.335626685334555,4.0,2051,2061,2057
56,4648.410771407587,6,44.69491680116108,197.92057622010535,10.335626685334555,4.0,2051,2061,2058
56,4648.410771407587,6,44.69491680116108,197.92057622010535,10.335626685334555,4.0,2051,2061,2059
56,4648.410771407587,6,44.69491680116108,197.92057622010535,10.335626685334555,4.0,2051,2061,2060
57,14547.017049986396,1,133.72167419619637,191.5769164939868,12.21933930289057,24.0,2010,2033,2010
57,14547.017049986396,1,133.72167419619637,191.5769164939868,12.21933930289057,24.0,2010,2033,2011
57,14547.017049986396,1,133.72167419619637,191.5769164939868,12.21933930289057,24.0,2010,2033,2012
57,14547.017049986396,1,133.72167419619637,191.5769164939868,12.21933930289057,24.0,2010,2033,2013
57,14547.017049986396,1,133.72167419619637,191.5769164939868,12.21933930289057,24.0,2010,2033,2014
57,14547.017049986396,1,133.72167419619637,191.5769164939868,12.21933930289057,24.0,2010,2033,2015
57,14547.017049986396,1,133.72167419619637,191.5769164939868,12.21933930289057,24.0,2010,2033,2016
57,14547.017049986396,1,133.72167419619637,191.5769164939868,12.21933930289057,24.0,2010,2033,2017
57,14547.017049986396,1,133.72167419619637,191.5769164939868,12.21933930289057,24.0,2010,2033,2018
57,14547.017049986396,1,133.72167419619637,191.5769164939868,12.21933930289057,24.0,2010,2033,2019
57,14547.017049986396,1,133.72167419619637,191.5769164939868,12.21933930289057,24.0,2010,2033,2020
57,14547.017049986396,1,133.72167419619637,191.5769164939868,12.21933930289057,24.0,2010,2033,2021
57,14547.017049986396,1,133.72167419619637,191.5769164939868,12.21933930289057,24.0,2010,2033,2022
57,14547.017049986396,1,133.72167419619637,191.5769164939868,12.21933930289057,24.0,2010,2033,2023
57,14547.017049986396,1,133.72167419619637,191.5769164939868,12.21933930289057,24.0,2010,2033,2024
57,14547.017049986396,1,133.72167419619637,191.5769164939868,12.21933930289057,24.0,2010,2033,2025
57,14547.017049986396,1,133.72167419619637,191.5769164939868,12.21933930289057,24.0,2010,2033,2026
57,14547.017049986396,1,133.72167419619637,191.5769164939868,12.21933930289057,24.0,2010,2033,2027
57,14547.017049986396,1,133.72167419619637,191.5769164939868,12.21933930289057,24.0,2010,2033,2028
57,14547.017049986396,1,133.72167419619637,191.5769164939868,12.21933930289057,24.0,2010,2033,2029
57,14547.017049986396,1,133.72167419619637,191.5769164939868,12.21933930289057,24.0,2010,2033,2030
57,14547.017049986396,1,133.72167419619637,191.5769164939868,12.21933930289057,24.0,2010,2033,2031
57,14547.017049986396,1,133.72167419619637,191.5769164939868,12.21933930289057,24.0,2010,2033,2032
57,6146.653868379355,2,74.44014762085952,195.50571535426175,13.521074704899563,7.0,2034,2040,2034
57,6146.653868379355,2,74.44014762085952,195.50571535426175,13.521074704899563,7.0,2034,2040,2035
57,6146.653868379355,2,74.44014762085952,195.50571535426175,13.521074704899563,7.0,2034,2040,2036
57,6146.653868379355,2,74.44014762085952,195.50571535426175,13.521074704899563,7.0,2034,2040,2037
57,6146.653868379355,2,74.44014762085952,195.50571535426175,13.521074704899563,7.0,2034,2040,2038
57,6146.653868379355,2,74.44014762085952,195.50571535426175,13.521074704899563,7.0,2034,2040,2039
57,3209.6244526910864,3,46.28663046935333,204.89363212543154,10.145425298243705,4.0,2041,2044,2041
57,3209.6244526910864,3,46.28663046935333,204.89363212543154,10.145425298243705,4.0,2041,2044,2042
57,3209.6244526910864,3,46.28663046935333,204.89363212543154,10.145425298243705,4.0,2041,2044,2043
57,4315.662901574707,4,56.984983035189984,215.54589373312461,13.98002141491283,5.0,2045,2049,2045
57,4315.662901574707,4,56.984983035189984,215.54589373312461,13.98002141491283,5.0,2045,2049,2046
57,4315.662901574707,4,56.984983035189984,215.54589373312461,13.98002141491283,5.0,2045,2049,2047
57,4315.662901574707,4,56.984983035189984,215.54589373312461,13.98002141491283,5.0,2045,2049,2048
57,5148.466712644909,5,49.990084468657265,195.11658777688217,15.231876192635262,5.0,2050,2054,2050
57,5148.466712644909,5,49.990084468657265,195.11658777688217,15.231876192635262,5.0,2050,2054,2051
57,5148.466712644909,5,49.990084468657265,195.11658777688217,15.231876192635262,5.0,2050,2054,2052
57,5148.466712644909,5,49.990084468657265,195.11658777688217,15.231876192635262,5.0,2050,2054,2053
57,4386.939344421505,6,40.44380755822249,170.0722805945838,12.032221741759503,4.0,2055,2061,2055
57,4386.939344421505,6,40.44380755822249,170.0722805945838,12.032221741759503,4.0,2055,2061,2056
57,4386.939344421505,6,40.44380755822249,170.0722805945838,12.032221741759503,4.0,2055,2061,2057
57,4386.939344421505,6,40.44380755822249,170.0722805945838,12.032221741759503,4.0,2055,2061,2058
57,4386.939344421505,6,40.44380755822249,170.0722805945838,12.032221741759503,4.0,2055,2061,2059
57,4386.939344421505,6,40.44380755822249,170.0722805945838,12.032221741759503,4.0,2055,2061,2060
58,15602.58065824918,1,120.85365388600246,161.25476051063217,14.241023060481364,23.0,2010,2032,2010
58,15602.58065824918,1,120.85365388600246,161.25476051063217,14.241023060481364,23.0,2010,2032,2011
58,15602.58065824918,1,120.85365388600246,161.25476051063217,14.241023060481364,23.0,2010,2032,2012
58,15602.58065824918,1,120.85365388600246,161.25476051063217,14.241023060481364,23.0,2010,2032,2013
58,15602.58065824918,1,120.85365388600246,161.25476051063217,14.241023060481364,23.0,2010,2032,2014
58,15602.58065824918,1,120.85365388600246,161.25476051063217,14.241023060481364,23.0,2010,2032,2015
58,15602.58065824918,1,120.85365388600246,161.25476051063217,14.241023060481364,23.0,2010,2032,2016
58,15602.58065824918,1,120.85365388600246,161.25476051063217,14.241023060481364,23.0,2010,2032,2017
58,15602.58065824918,1,120.85365388600246,161.25476051063217,14.241023060481364,23.0,2010,2032,2018
58,15602.58065824918,1,120.85365388600246,161.25476051063217,14.241023060481364,23.0,2010,2032,2019
58,15602.58065824918,1,120.85365388600246,161.25476051063217,14.241023060481364,23.0,2010,2032,2020
58,15602.58065824918,1,120.85365388600246,161.25476051063217,14.241023060481364,23.0,2010,2032,2021
58,15602.58065824918,1,120.85365388600246,161.25476051063217,14.241023060481364,23.0,2010,2032,2022
58,15602.58065824918,1,120.85365388600246,161.25476051063217,14.241023060481364,23.0,2010,2032,2023
58,15602.58065824918,1,120.85365388600246,161.25476051063217,14.241023060481364,23.0,2010,2032,2024
58,15602.58065824918,1,120.85365388600246,161.25476051063217,14.241023060481364,23.0,2010,2032,2025
58,15602.58065824918,1,120.85365388600246,161.25476051063217,14.241023060481364,23.0,2010,2032,2026
58,15602.58065824918,1,120.85365388600246,161.25476051063217,14.241023060481364,23.0,2010,2032,2027
58,15602.58065824918,1,120.85365388600246,161.25476051063217,14.241023060481364,23.0,2010,2032,2028
58,15602.58065824918,1,120.85365388600246,161.25476051063217,14.241023060481364,23.0,2010,2032,2029
58,15602.58065824918,1,120.85365388600246,161.25476051063217,14.241023060481364,23.0,2010,2032,2030
58,15602.58065824918,1,120.85365388600246,161.25476051063217,14.241023060481364,23.0,2010,2032,2031
58,4454.352193070669,2,56.04620100625954,176.7854677567983,13.919121807381126,5.0,2033,2037,2033
58,4454.352193070669,2,56.04620100625954,176.7854677567983,13.919121807381126,5.0,2033,2037,2034
58,4454.352193070669,2,56.04620100625954,176.7854677567983,13.919121807381126,5.0,2033,2037,2035
58,4454.352193070669,2,56.04620100625954,176.7854677567983,13.919121807381126,5.0,2033,2037,2036
58,3580.4175283767227,3,46.746108692212275,155.53816199001594,11.832544898276346,4.0,2038,2041,2038
58,3580.4175283767227,3,46.746108692212275,155.53816199001594,11.832544898276346,4.0,2038,2041,2039
58,3580.4175283767227,3,46.746108692212275,155.53816199001594,11.832544898276346,4.0,2038,2041,2040
58,3802.718591884326,4,53.03905311543947,191.48550694414058,15.08680655249743,5.0,2042,2046,2042
58,3802.718591884326,4,53.03905311543947,191.48550694414058,15.08680655249743,5.0,2042,2046,2043
58,3802.718591884326,4,53.03905311543947,191.48550694414058,15.08680655249743,5.0,2042,2046,2044
58,3802.718591884326,4,53.03905311543947,191.48550694414058,15.08680655249743,5.0,2042,2046,2045
58,3970.8727670039243,5,49.95297035727359,206.44641503723702,11.221395656348086,5.0,2047,2051,2047
58,3970.8727670039243,5,49.95297035727359,206.44641503723702,11.221395656348086,5.0,2047,2051,2048
58,3970.8727670039243,5,49.95297035727359,206.44641503723702,11.221395656348086,5.0,2047,2051,2049
58,3970.8727670039243,5,49.95297035727359,206.44641503723702,11.221395656348086,5.0,2047,2051,2050
58,3950.526169937757,6,48.11216133321638,178.60737138440828,11.609556179257389,5.0,2052,2061,2052
58,3950.526169937757,6,48.11216133321638,178.60737138440828,11.609556179257389,5.0,2052,2061,2053
58,3950.526169937757,6,48.11216133321638,178.60737138440828,11.609556179257389,5.0,2052,2061,2054
58,3950.526169937757,6,48.11216133321638,178.60737138440828,11.609556179257389,5.0,2052,2061,2055
58,3950.526169937757,6,48.11216133321638,178.60737138440828,11.609556179257389,5.0,2052,2061,2056
58,3950.526169937757,6,48.11216133321638,178.60737138440828,11.609556179257389,5.0,2052,2061,2057
58,3950.526169937757,6,48.11216133321638,178.60737138440828,11.609556179257389,5.0,2052,2061,2058
58,3950.526169937757,6,48.11216133321638,178.60737138440828,11.609556179257389,5.0,2052,2061,2059
58,3950.526169937757,6,48.11216133321638,178.60737138440828,11.609556179257389,5.0,2052,2061,2060
59,11749.656855062292,1,112.65917666241646,173.92556354095612,12.846368424178323,22.0,2010,2031,2010
59,11749.656855062292,1,112.65917666241646,173.92556354095612,12.846368424178323,22.0,2010,2031,2011
59,11749.656855062292,1,112.65917666241646,173.92556354095612,12.846368424178323,22.0,2010,2031,2012
59,11749.656855062292,1,112.65917666241646,173.92556354095612,12.846368424178323,22.0,2010,2031,2013
59,11749.656855062292,1,112.65917666241646,173.92556354095612,12.846368424178323,22.0,2010,2031,2014
59,11749.656855062292,1,112.65917666241646,173.92556354095612,12.846368424178323,22.0,2010,2031,2015
59,11749.656855062292,1,112.65917666241646,173.92556354095612,12.846368424178323,22.0,2010,2031,2016
59,11749.656855062292,1,112.65917666241646,173.92556354095612,12.846368424178323,22.0,2010,2031,2017
59,11749.656855062292,1,112.65917666241646,173.92556354095612,12.846368424178323,22.0,2010,2031,2018
59,11749.656855062292,1,112.65917666241646,173.92556354095612,12.846368424178323,22.0,2010,2031,2019
59,11749.656855062292,1,112.65917666241646,173.92556354095612,12.846368424178323,22.0,2010,2031,2020
59,11749.656855062292,1,112.65917666241646,173.92556354095612,12.846368424178323,22.0,2010,2031,2021
59,11749.656855062292,1,112.65917666241646,173.92556354095612,12.846368424178323,22.0,2010,2031,2022
59,11749.656855062292,1,112.65917666241646,173.92556354095612,12.846368424178323,22.0,2010,2031,2023
59,11749.656855062292,1,112.65917666241646,173.92556354095612,12.846368424178323,22.0,2010,2031,2024
59,11749.656855062292,1,112.65917666241646,173.92556354095612,12.846368424178323,22.0,2010,2031,2025
59,11749.656855062292,1,112.65917666241646,173.92556354095612,12.846368424178323,22.0,2010,2031,2026
59,11749.656855062292,1,112.65917666241646,173.92556354095612,12.846368424178323,22.0,2010,2031,2027
59,11749.656855062292,1,112.65917666241646,173.92556354095612,12.846368424178323,22.0,2010,2031,2028
59,11749.656855062292,1,112.65917666241646,173.92556354095612,12.846368424178323,22.0,2010,2031,2029
59,11749.656855062292,1,112.65917666241646,173.92556354095612,12.846368424178323,22.0,2010,2031,2030
59,5177.42896870168,2,70.88833574897525,156.46728454819512,15.015642238374767,6.0,2032,2037,2032
59,5177.42896870168,2,70.88833574897525,156.46728454819512,15.015642238374767,6.0,2032,2037,2033
59,5177.42896870168,2,70.88833574897525,156.46728454819512,15.015642238374767,6.0,2032,2037,2034
59,5177.42896870168,2,70.88833574897525,156.46728454819512,15.015642238374767,6.0,2032,2037,2035
59,5177.42896870168,2,70.88833574897525,156.46728454819512,15.015642238374767,6.0,2032,2037,2036
59,3655.185229858472,3,60.7581708761532,179.41786665753838,13.343861253212772,6.0,2038,2043,2038
59,3655.185229858472,3,60.7581708761532,179.41786665753838,13.343861253212772,6.0,2038,2043,2039
59,3655.185229858472,3,60.7581708761532,179.41786665753838,13.343861253212772,6.0,2038,2043,2040
59,3655.185229858472,3,60.7581708761532,179.41786665753838,13.343861253212772,6.0,2038,2043,2041
59,3655.185229858472,3,60.7581708761532,179.41786665753838,13.343861253212772,6.0,2038,2043,2042
59,5783.410766361672,4,55.46195114825791,198.8909436636883,11.368418159777834,5.0,2044,2048,2044
59,5783.410766361672,4,55.46195114825791,198.8909436636883,11.368418159777834,5.0,2044,2048,2045
59,5783.410766361672,4,55.46195114825791,198.8909436636883,11.368418159777834,5.0,2044,2048,2046
59,5783.410766361672,4,55.46195114825791,198.8909436636883,11.368418159777834,5.0,2044,2048,2047
59,3171.9326058432216,5,40.06687733692123,198.7127454198648,11.582193416537649,4.0,2049,2052,2049
59,3171.9326058432216,5,40.06687733692123,198.7127454198648,11.582193416537649,4.0,2049,2052,2050
59,3171.9326058432216,5,40.06687733692123,198.7127454198648,11.582193416537649,4.0,2049,2052,2051
59,3775.368882044007,6,46.1161349915411,180.02136162084292,11.061648246316778,4.0,2053,2061,2053
59,3775.368882044007,6,46.1161349915411,180.02136162084292,11.061648246316778,4.0,2053,2061,2054
59,3775.368882044007,6,46.1161349915411,180.02136162084292,11.061648246316778,4.0,2053,2061,2055
59,3775.368882044007,6,46.1161349915411,180.02136162084292,11.061648246316778,4.0,2053,2061,2056
59,3775.368882044007,6,46.1161349915411,180.02136162084292,11.061648246316778,4.0,2053,2061,2057
59,3775.368882044007,6,46.1161349915411,180.02136162084292,11.061648246316778,4.0,2053,2061,2058
59,3775.368882044007,6,46.1161349915411,180.02136162084292,11.061648246316778,4.0,2053,2061,2059
59,3775.368882044007,6,46.1161349915411,180.02136162084292,11.061648246316778,4.0,2053,2061,2060
60,6876.389953422203,1,98.3715375134121,190.98531549819248,11.905099985178207,21.0,2010,2030,2010
60,6876.389953422203,1,98.3715375134121,190.98531549819248,11.905099985178207,21.0,2010,2030,2011
60,6876.389953422203,1,98.3715375134121,190.98531549819248,11.905099985178207,21.0,2010,2030,2012
60,6876.389953422203,1,98.3715375134121,190.98531549819248,11.905099985178207,21.0,2010,2030,2013
60,6876.389953422203,1,98.3715375134121,190.98531549819248,11.905099985178207,21.0,2010,2030,2014
60,6876.389953422203,1,98.3715375134121,190.98531549819248,11.905099985178207,21.0,2010,2030,2015
60,6876.389953422203,1,98.3715375134121,190.98531549819248,11.905099985178207,21.0,2010,2030,2016
60,6876.389953422203,1,98.3715375134121,190.98531549819248,11.905099985178207,21.0,2010,2030,2017
60,6876.389953422203,1,98.3715375134121,190.98531549819248,11.905099985178207,21.0,2010,2030,2018
60,6876.389953422203,1,98.3715375134121,190.98531549819248,11.905099985178207,21.0,2010,2030,2019
60,6876.389953422203,1,98.3715375134121,190.98531549819248,11.905099985178207,21.0,2010,2030,2020
60,6876.389953422203,1,98.3715375134121,190.98531549819248,11.905099985178207,21.0,2010,2030,2021
60,6876.389953422203,1,98.3715375134121,190.98531549819248,11.905099985178207,21.0,2010,2030,2022
60,6876.389953422203,1,98.3715375134121,190.98531549819248,11.905099985178207,21.0,2010,2030,2023
60,6876.389953422203,1,98.3715375134121,190.98531549819248,11.905099985178207,21.0,2010,2030,2024
60,6876.389953422203,1,98.3715375134121,190.98531549819248,11.905099985178207,21.0,2010,2030,2025
60,6876.389953422203,1,98.3715375134121,190.98531549819248,11.905099985178207,21.0,2010,2030,2026
60,6876.389953422203,1,98.3715375134121,190.98531549819248,11.905099985178207,21.0,2010,2030,2027
60,6876.389953422203,1,98.3715375134121,190.98531549819248,11.905099985178207,21.0,2010,2030,2028
60,6876.389953422203,1,98.3715375134121,190.98531549819248,11.905099985178207,21.0,2010,2030,2029
60,4015.9522609202418,2,54.49437365555017,191.75646338437718,10.902462730288734,5.0,2031,2035,2031
60,4015.9522609202418,2,54.49437365555017,191.75646338437718,10.902462730288734,5.0,2031,2035,2032
60,4015.9522609202418,2,54.49437365555017,191.75646338437718,10.902462730288734,5.0,2031,2035,2033
60,4015.9522609202418,2,54.49437365555017,191.75646338437718,10.902462730288734,5.0,2031,2035,2034
60,5570.463457272092,3,59.913423733980764,170.27727536089623,10.53657866308607,5.0,2036,2040,2036
60,5570.463457272092,3,59.913423733980764,170.27727536089623,10.53657866308607,5.0,2036,2040,2037
60,5570.463457272092,3,59.913423733980764,170.27727536089623,10.53657866308607,5.0,2036,2040,2038
60,5570.463457272092,3,59.913423733980764,170.27727536089623,10.53657866308607,5.0,2036,2040,2039
60,3463.060075428502,4,40.28286007337246,213.03256085610465,14.880963738319775,4.0,2041,2044,2041
60,3463.060075428502,4,40.28286007337246,213.03256085610465,14.880963738319775,4.0,2041,2044,2042
60,3463.060075428502,4,40.28286007337246,213.03256085610465,14.880963738319775,4.0,2041,2044,2043
60,4236.206374465312,5,47.714883412611066,186.35318016191582,11.578281435022149,4.0,2045,2048,2045
60,4236.206374465312,5,47.714883412611066,186.35318016191582,11.578281435022149,4.0,2045,2048,2046
60,4236.206374465312,5,47.714883412611066,186.35318016191582,11.578281435022149,4.0,2045,2048,2047
60,3333.2933024427166,6,45.16449454099484,183.76446072582564,13.04178818959857,4.0,2049,2061,2049
60,3333.2933024427166,6,45.16449454099484,183.76446072582564,13.04178818959857,4.0,2049,2061,2050
60,3333.2933024427166,6,45.16449454099484,183.76446072582564,13.04178818959857,4.0,2049,2061,2051
60,3333.2933024427166,6,45.16449454099484,183.76446072582564,13.04178818959857,4.0,2049,2061,2052
60,3333.2933024427166,6,45.16449454099484,183.76446072582564,13.04178818959857,4.0,2049,2061,2053
60,3333.2933024427166,6,45.16449454099484,183.76446072582564,13.04178818959857,4.0,2049,2061,2054
60,3333.2933024427166,6,45.16449454099484,183.76446072582564,13.04178818959857,4.0,2049,2061,2055
60,3333.2933024427166,6,45.16449454099484,183.76446072582564,13.04178818959857,4.0,2049,2061,2056
60,3333.2933024427166,6,45.16449454099484,183.76446072582564,13.04178818959857,4.0,2049,2061,2057
60,3333.2933024427166,6,45.16449454099484,183.76446072582564,13.04178818959857,4.0,2049,2061,2058
60,3333.2933024427166,6,45.16449454099484,183.76446072582564,13.04178818959857,4.0,2049,2061,2059
60,3333.2933024427166,6,45.16449454099484,183.76446072582564,13.04178818959857,4.0,2049,2061,2060
61,9165.298430570148,1,101.13037850760594,169.7759409567206,12.998380630310187,21.0,2010,2030,2010
61,9165.298430570148,1,101.13037850760594,169.7759409567206,12.998380630310187,21.0,2010,2030,2011
61,9165.298430570148,1,101.13037850760594,169.7759409567206,12.998380630310187,21.0,2010,2030,2012
61,9165.298430570148,1,101.13037850760594,169.7759409567206,12.998380630310187,21.0,2010,2030,2013
61,9165.298430570148,1,101.13037850760594,169.7759409567206,12.998380630310187,21.0,2010,2030,2014
61,9165.298430570148,1,101.13037850760594,169.7759409567206,12.998380630310187,21.0,2010,2030,2015
61,9165.298430570148,1,101.13037850760594,169.7759409567206,12.998380630310187,21.0,2010,2030,2016
61,9165.298430570148,1,101.13037850760594,169.7759409567206,12.998380630310187,21.0,2010,2030,2017
61,9165.298430570148,1,101.13037850760594,169.7759409567206,12.998380630310187,21.0,2010,2030,2018
61,9165.298430570148,1,101.13037850760594,169.7759409567206,12.998380630310187,21.0,2010,2030,2019
61,9165.298430570148,1,101.13037850760594,169.7759409567206,12.998380630310187,21.0,2010,2030,2020
61,9165.298430570148,1,101.13037850760594,169.7759409567206,12.998380630310187,21.0,2010,2030,2021
61,9165.298430570148,1,101.13037850760594,169.7759409567206,12.998380630310187,21.0,2010,2030,2022
61,9165.298430570148,1,101.13037850760594,169.7759409567206,12.998380630310187,21.0,2010,2030,2023
61,9165.298430570148,1,101.13037850760594,169.7759409567206,12.998380630310187,21.0,2010,2030,2024
61,9165.298430570148,1,101.13037850760594,169.7759409567206,12.998380630310187,21.0,2010,2030,2025
61,9165.298430570148,1,101.13037850760594,169.7759409567206,12.998380630310187,21.0,2010,2030,2026
61,9165.298430570148,1,101.13037850760594,169.7759409567206,12.998380630310187,21.0,2010,2030,2027
61,9165.298430570148,1,101.13037850760594,169.7759409567206,12.998380630310187,21.0,2010,2030,2028
61,9165.298430570148,1,101.13037850760594,169.7759409567206,12.998380630310187,21.0,2010,2030,2029
61,4852.264676355664,2,74.38010850592099,221.14326251688487,10.551729594128037,7.0,2031,2037,2031
61,4852.264676355664,2,74.38010850592099,221.14326251688487,10.551729594128037,7.0,2031,2037,2032
61,4852.264676355664,2,74.38010850592099,221.14326251688487,10.551729594128037,7.0,2031,2037,2033
61,4852.264676355664,2,74.38010850592099,221.14326251688487,10.551729594128037,7.0,2031,2037,2034
61,4852.264676355664,2,74.38010850592099,221.14326251688487,10.551729594128037,7.0,2031,2037,2035
61,4852.264676355664,2,74.38010850592099,221.14326251688487,10.551729594128037,7.0,2031,2037,2036
61,5043.052632390739,3,50.238354019149,168.48654603918519,14.531360758196284,5.0,2038,2042,2038
61,5043.052632390739,3,50.238354019149,168.48654603918519,14.531360758196284,5.0,2038,2042,2039
61,5043.052632390739,3,50.238354019149,168.48654603918519,14.531360758196284,5.0,2038,2042,2040
61,5043.052632390739,3,50.238354019149,168.48654603918519,14.531360758196284,5.0,2038,2042,2041
61,4636.195423381372,4,54.44090702017342,166.74717409897886,12.858491642281798,5.0,2043,2047,2043
61,4636.195423381372,4,54.44090702017342,166.74717409897886,12.858491642281798,5.0,2043,2047,2044
61,4636.195423381372,4,54.44090702017342,166.74717409897886,12.858491642281798,5.0,2043,2047,2045
61,4636.195423381372,4,54.44090702017342,166.74717409897886,12.858491642281798,5.0,2043,2047,2046
61,4135.635716824733,5,40.09285155463702,172.20568468393307,13.048308173198556,4.0,2048,2051,2048
61,4135.635716824733,5,40.09285155463702,172.20568468393307,13.048308173198556,4.0,2048,2051,2049
61,4135.635716824733,5,40.09285155463702,172.20568468393307,13.048308173198556,4.0,2048,2051,2050
61,3309.976313937554,6,36.12479108656751,177.03730219494108,14.124645490313272,4.0,2052,2061,2052
61,3309.976313937554,6,36.12479108656751,177.03730219494108,14.124645490313272,4.0,2052,2061,2053
61,3309.976313937554,6,36.12479108656751,177.03730219494108,14.124645490313272,4.0,2052,2061,2054
61,3309.976313937554,6,36.12479108656751,177.03730219494108,14.124645490313272,4.0,2052,2061,2055
61,3309.976313937554,6,36.12479108656751,177.03730219494108,14.124645490313272,4.0,2052,2061,2056
61,3309.976313937554,6,36.12479108656751,177.03730219494108,14.124645490313272,4.0,2052,2061,2057
61,3309.976313937554,6,36.12479108656751,177.03730219494108,14.124645490313272,4.0,2052,2061,2058
61,3309.976313937554,6,36.12479108656751,177.03730219494108,14.124645490313272,4.0,2052,2061,2059
61,3309.976313937554,6,36.12479108656751,177.03730219494108,14.124645490313272,4.0,2052,2061,2060
62,13722.481292968896,1,107.09275876416214,178.34813481052387,13.41595447637154,21.0,2010,2030,2010
62,13722.481292968896,1,107.09275876416214,178.34813481052387,13.41595447637154,21.0,2010,2030,2011
62,13722.481292968896,1,107.09275876416214,178.34813481052387,13.41595447637154,21.0,2010,2030,2012
62,13722.481292968896,1,107.09275876416214,178.34813481052387,13.41595447637154,21.0,2010,2030,2013
62,13722.481292968896,1,107.09275876416214,178.34813481052387,13.41595447637154,21.0,2010,2030,2014
62,13722.481292968896,1,107.09275876416214,178.34813481052387,13.41595447637154,21.0,2010,2030,2015
62,13722.481292968896,1,107.09275876416214,178.34813481052387,13.41595447637154,21.0,2010,2030,2016
62,13722.481292968896,1,107.09275876416214,178.34813481052387,13.41595447637154,21.0,2010,2030,2017
62,13722.481292968896,1,107.09275876416214,178.34813481052387,13.41595447637154,21.0,2010,2030,2018
62,13722.481292968896,1,107.09275876416214,178.34813481052387,13.41595447637154,21.0,2010,2030,2019
62,13722.481292968896,1,107.09275876416214,178.34813481052387,13.41595447637154,21.0,2010,2030,2020
62,13722.481292968896,1,107.09275876416214,178.34813481052387,13.41595447637154,21.0,2010,2030,2021
62,13722.481292968896,1,107.09275876416214,178.34813481052387,13.41595447637154,21.0,2010,2030,2022
62,13722.481292968896,1,107.09275876416214,178.34813481052387,13.41595447637154,21.0,2010,2030,2023
62,13722.481292968896,1,107.09275876416214,178.34813481052387,13.41595447637154,21.0,2010,2030,2024
62,13722.481292968896,1,107.09275876416214,178.34813481052387,13.41595447637154,21.0,2010,2030,2025
62,13722.481292968896,1,107.09275876416214,178.34813481052387,13.41595447637154,21.0,2010,2030,2026
62,13722.481292968896,1,107.09275876416214,178.34813481052387,13.41595447637154,21.0,2010,2030,2027
62,13722.481292968896,1,107.09275876416214,178.34813481052387,13.41595447637154,21.0,2010,2030,2028
62,13722.481292968896,1,107.09275876416214,178.34813481052387,13.41595447637154,21.0,2010,2030,2029
62,6427.404412374435,2,75.05751952447376,208.9962281495157,14.59321530211706,7.0,2031,2037,2031
62,6427.404412374435,2,75.05751952447376,208.9962281495157,14.59321530211706,7.0,2031,2037,2032
62,6427.404412374435,2,75.05751952447376,208.9962281495157,14.59321530211706,7.0,2031,2037,2033
62,6427.404412374435,2,75.05751952447376,208.9962281495157,14.59321530211706,7.0,2031,2037,2034
62,6427.404412374435,2,75.05751952447376,208.9962281495157,14.59321530211706,7.0,2031,2037,2035
62,6427.404412374435,2,75.05751952447376,208.9962281495157,14.59321530211706,7.0,2031,2037,2036
62,4505.693058823113,3,60.055099685681775,202.22251827011672,15.443656528909028,6.0,2038,2043,2038
62,4505.693058823113,3,60.055099685681775,202.22251827011672,15.443656528909028,6.0,2038,2043,2039
62,4505.693058823113,3,60.055099685681775,202.22251827011672,15.443656528909028,6.0,2038,2043,2040
62,4505.693058823113,3,60.055099685681775,202.22251827011672,15.443656528909028,6.0,2038,2043,2041
62,4505.693058823113,3,60.055099685681775,202.22251827011672,15.443656528909028,6.0,2038,2043,2042
62,5567.576349215948,4,52.55182661445973,183.5046797051963,10.297984111697994,5.0,2044,2048,2044
62,5567.576349215948,4,52.55182661445973,183.5046797051963,10.297984111697994,5.0,2044,2048,2045
62,5567.576349215948,4,52.55182661445973,183.5046797051963,10.297984111697994,5.0,2044,2048,2046
62,5567.576349215948,4,52.55182661445973,183.5046797051963,10.297984111697994,5.0,2044,2048,2047
62,4600.730774903913,5,38.09124273767862,185.90093664054348,13.806012285384373,4.0,2049,2052,2049
62,4600.730774903913,5,38.09124273767862,185.90093664054348,13.806012285384373,4.0,2049,2052,2050
62,4600.730774903913,5,38.09124273767862,185.90093664054348,13.806012285384373,4.0,2049,2052,2051
62,4012.7099077189537,6,45.26458440568804,192.92086462089685,14.489527506743793,4.0,2053,2061,2053
62,4012.7099077189537,6,45.26458440568804,192.92086462089685,14.489527506743793,4.0,2053,2061,2054
62,4012.7099077189537,6,45.26458440568804,192.92086462089685,14.489527506743793,4.0,2053,2061,2055
62,4012.7099077189537,6,45.26458440568804,192.92086462089685,14.489527506743793,4.0,2053,2061,2056
62,4012.7099077189537,6,45.26458440568804,192.92086462089685,14.489527506743793,4.0,2053,2061,2057
62,4012.7099077189537,6,45.26458440568804,192.92086462089685,14.489527506743793,4.0,2053,2061,2058
62,4012.7099077189537,6,45.26458440568804,192.92086462089685,14.489527506743793,4.0,2053,2061,2059
62,4012.7099077189537,6,45.26458440568804,192.92086462089685,14.489527506743793,4.0,2053,2061,2060
63,8033.707029515995,1,78.96336535209126,191.64393436521289,12.514996941670043,19.0,2010,2028,2010
63,8033.707029515995,1,78.96336535209126,191.64393436521289,12.514996941670043,19.0,2010,2028,2011
63,8033.707029515995,1,78.96336535209126,191.64393436521289,12.514996941670043,19.0,2010,2028,2012
63,8033.707029515995,1,78.96336535209126,191.64393436521289,12.514996941670043,19.0,2010,2028,2013
63,8033.707029515995,1,78.96336535209126,191.64393436521289,12.514996941670043,19.0,2010,2028,2014
63,8033.707029515995,1,78.96336535209126,191.64393436521289,12.514996941670043,19.0,2010,2028,2015
63,8033.707029515995,1,78.96336535209126,191.64393436521289,12.514996941670043,19.0,2010,2028,2016
63,8033.707029515995,1,78.96336535209126,191.64393436521289,12.514996941670043,19.0,2010,2028,2017
63,8033.707029515995,1,78.96336535209126,191.64393436521289,12.514996941670043,19.0,2010,2028,2018
63,8033.707029515995,1,78.96336535209126,191.64393436521289,12.514996941670043,19.0,2010,2028,2019
63,8033.707029515995,1,78.96336535209126,191.64393436521289,12.514996941670043,19.0,2010,2028,2020
63,8033.707029515995,1,78.96336535209126,191.64393436521289,12.514996941670043,19.0,2010,2028,2021
63,8033.707029515995,1,78.96336535209126,191.64393436521289,12.514996941670043,19.0,2010,2028,2022
63,8033.707029515995,1,78.96336535209126,191.64393436521289,12.514996941670043,19.0,2010,2028,2023
63,8033.707029515995,1,78.96336535209126,191.64393436521289,12.514996941670043,19.0,2010,2028,2024
63,8033.707029515995,1,78.96336535209126,191.64393436521289,12.514996941670043,19.0,2010,2028,2025
63,8033.707029515995,1,78.96336535209126,191.64393436521289,12.514996941670043,19.0,2010,2028,2026
63,8033.707029515995,1,78.96336535209126,191.64393436521289,12.514996941670043,19.0,2010,2028,2027
63,3982.42449444144,2,53.05984052355186,198.32914988272265,13.767763431451174,5.0,2029,2033,2029
63,3982.42449444144,2,53.05984052355186,198.32914988272265,13.767763431451174,5.0,2029,2033,2030
63,3982.42449444144,2,53.05984052355186,198.32914988272265,13.767763431451174,5.0,2029,2033,2031
63,3982.42449444144,2,53.05984052355186,198.32914988272265,13.767763431451174,5.0,2029,2033,2032
63,4201.474132269268,3,56.912904809177554,181.45034521134872,12.144376428580166,5.0,2034,2038,2034
63,4201.474132269268,3,56.912904809177554,181.45034521134872,12.144376428580166,5.0,2034,2038,2035
63,4201.474132269268,3,56.912904809177554,181.45034521134872,12.144376428580166,5.0,2034,2038,2036
63,4201.474132269268,3,56.912904809177554,181.45034521134872,12.144376428580166,5.0,2034,2038,2037
63,4554.0629654086315,4,53.10391976325141,214.5211429594303,14.39720999154651,5.0,2039,2043,2039
63,4554.0629654086315,4,53.10391976325141,214.5211429594303,14.39720999154651,5.0,2039,2043,2040
63,4554.0629654086315,4,53.10391976325141,214.5211429594303,14.39720999154651,5.0,2039,2043,2041
63,4554.0629654086315,4,53.10391976325141,214.5211429594303,14.39720999154651,5.0,2039,2043,2042
63,3541.578109495185,5,39.24639935979513,181.08426800708475,11.366096419501687,4.0,2044,2047,2044
63,3541.578109495185,5,39.24639935979513,181.08426800708475,11.366096419501687,4.0,2044,2047,2045
63,3541.578109495185,5,39.24639935979513,181.08426800708475,11.366096419501687,4.0,2044,2047,2046
63,2907.72463023512,6,49.68207124170184,192.7563116496401,13.300214730116881,5.0,2048,2061,2048
63,2907.72463023512,6,49.68207124170184,192.7563116496401,13.300214730116881,5.0,2048,2061,2049
63,2907.72463023512,6,49.68207124170184,192.7563116496401,13.300214730116881,5.0,2048,2061,2050
63,2907.72463023512,6,49.68207124170184,192.7563116496401,13.300214730116881,5.0,2048,2061,2051
63,2907.72463023512,6,49.68207124170184,192.7563116496401,13.300214730116881,5.0,2048,2061,2052
63,2907.72463023512,6,49.68207124170184,192.7563116496401,13.300214730116881,5.0,2048,2061,2053
63,2907.72463023512,6,49.68207124170184,192.7563116496401,13.300214730116881,5.0,2048,2061,2054
63,2907.72463023512,6,49.68207124170184,192.7563116496401,13.300214730116881,5.0,2048,2061,2055
63,2907.72463023512,6,49.68207124170184,192.7563116496401,13.300214730116881,5.0,2048,2061,2056
63,2907.72463023512,6,49.68207124170184,192.7563116496401,13.300214730116881,5.0,2048,2061,2057
63,2907.72463023512,6,49.68207124170184,192.7563116496401,13.300214730116881,5.0,2048,2061,2058
63,2907.72463023512,6,49.68207124170184,192.7563116496401,13.300214730116881,5.0,2048,2061,2059
63,2907.72463023512,6,49.68207124170184,192.7563116496401,13.300214730116881,5.0,2048,2061,2060
64,9252.24365168071,1,100.57976158237872,193.33225604154023,15.039554996857678,21.0,2010,2030,2010
64,9252.24365168071,1,100.57976158237872,193.33225604154023,15.039554996857678,21.0,2010,2030,2011
64,9252.24365168071,1,100.57976158237872,193.33225604154023,15.039554996857678,21.0,2010,2030,2012
64,9252.24365168071,1,100.57976158237872,193.33225604154023,15.039554996857678,21.0,2010,2030,2013
64,9252.24365168071,1,100.57976158237872,193.33225604154023,15.039554996857678,21.0,2010,2030,2014
64,9252.24365168071,1,100.57976158237872,193.33225604154023,15.039554996857678,21.0,2010,2030,2015
64,9252.24365168071,1,100.57976158237872,193.33225604154023,15.039554996857678,21.0,2010,2030,2016
64,9252.24365168071,1,100.57976158237872,193.33225604154023,15.039554996857678,21.0,2010,2030,2017
64,9252.24365168071,1,100.57976158237872,193.33225604154023,15.039554996857678,21.0,2010,2030,2018
64,9252.24365168071,1,100.57976158237872,193.33225604154023,15.039554996857678,21.0,2010,2030,2019
64,9252.24365168071,1,100.57976158237872,193.33225604154023,15.039554996857678,21.0,2010,2030,2020
64,9252.24365168071,1,100.57976158237872,193.33225604154023,15.039554996857678,21.0,2010,2030,2021
64,9252.24365168071,1,100.57976158237872,193.33225604154023,15.039554996857678,21.0,2010,2030,2022
64,9252.24365168071,1,100.57976158237872,193.33225604154023,15.039554996857678,21.0,2010,2030,2023
64,9252.24365168071,1,100.57976158237872,193.33225604154023,15.039554996857678,21.0,2010,2030,2024
64,9252.24365168071,1,100.57976158237872,193.33225604154023,15.039554996857678,21.0,2010,2030,2025
64,9252.24365168071,1,100.57976158237872,193.33225604154023,15.039554996857678,21.0,2010,2030,2026
64,9252.24365168071,1,100.57976158237872,193.33225604154023,15.039554996857678,21.0,2010,2030,2027
64,9252.24365168071,1,100.57976158237872,193.33225604154023,15.039554996857678,21.0,2010,2030,2028
64,9252.24365168071,1,100.57976158237872,193.33225604154023,15.039554996857678,21.0,2010,2030,2029
64,5954.160361540631,2,57.55446423437906,185.28880381804174,13.056044218775147,5.0,2031,2035,2031
64,5954.160361540631,2,57.55446423437906,185.28880381804174,13.056044218775147,5.0,2031,2035,2032
64,5954.160361540631,2,57.55446423437906,185.28880381804174,13.056044218775147,5.0,2031,2035,2033
64,5954.160361540631,2,57.55446423437906,185.28880381804174,13.056044218775147,5.0,2031,2035,2034
64,4076.5851026297137,3,59.615166260162425,176.53969357410543,11.45644384874204,5.0,2036,2040,2036
64,4076.5851026297137,3,59.615166260162425,176.53969357410543,11.45644384874204,5.0,2036,2040,2037
64,4076.5851026297137,3,59.615166260162425,176.53969357410543,11.45644384874204,5.0,2036,2040,2038
64,4076.5851026297137,3,59.615166260162425,176.53969357410543,11.45644384874204,5.0,2036,2040,2039
64,3916.3582545555146,4,43.556535575592214,171.13138713939716,16.438256390759502,4.0,2041,2044,2041
64,3916.3582545555146,4,43.556535575592214,171.13138713939716,16.438256390759502,4.0,2041,2044,2042
64,3916.3582545555146,4,43.556535575592214,171.13138713939716,16.438256390759502,4.0,2041,2044,2043
64,3847.2617034822747,5,40.08937154925968,172.73342091092601,10.981819631643711,4.0,2045,2048,2045
64,3847.2617034822747,5,40.08937154925968,172.73342091092601,10.981819631643711,4.0,2045,2048,2046
64,3847.2617034822747,5,40.08937154925968,172.73342091092601,10.981819631643711,4.0,2045,2048,2047
64,4676.580995359878,6,45.21816351157974,175.885733937853,11.167876398651185,4.0,2049,2061,2049
64,4676.580995359878,6,45.21816351157974,175.885733937853,11.167876398651185,4.0,2049,2061,2050
64,4676.580995359878,6,45.21816351157974,175.885733937853,11.167876398651185,4.0,2049,2061,2051
64,4676.580995359878,6,45.21816351157974,175.885733937853,11.167876398651185,4.0,2049,2061,2052
64,4676.580995359878,6,45.21816351157974,175.885733937853,11.167876398651185,4.0,2049,2061,2053
64,4676.580995359878,6,45.21816351157974,175.885733937853,11.167876398651185,4.0,2049,2061,2054
64,4676.580995359878,6,45.21816351157974,175.885733937853,11.167876398651185,4.0,2049,2061,2055
64,4676.580995359878,6,45.21816351157974,175.885733937853,11.167876398651185,4.0,2049,2061,2056
64,4676.580995359878,6,45.21816351157974,175.885733937853,11.167876398651185,4.0,2049,2061,2057
64,4676.580995359878,6,45.21816351157974,175.885733937853,11.167876398651185,4.0,2049,2061,2058
64,4676.580995359878,6,45.21816351157974,175.885733937853,11.167876398651185,4.0,2049,2061,2059
64,4676.580995359878,6,45.21816351157974,175.885733937853,11.167876398651185,4.0,2049,2061,2060
65,12040.76127028818,1,113.75313261026838,208.27141581180453,16.064665907801995,22.0,2010,2031,2010
65,12040.76127028818,1,113.75313261026838,208.27141581180453,16.064665907801995,22.0,2010,2031,2011
65,12040.76127028818,1,113.75313261026838,208.27141581180453,16.064665907801995,22.0,2010,2031,2012
65,12040.76127028818,1,113.75313261026838,208.27141581180453,16.064665907801995,22.0,2010,2031,2013
65,12040.76127028818,1,113.75313261026838,208.27141581180453,16.064665907801995,22.0,2010,2031,2014
65,12040.76127028818,1,113.75313261026838,208.27141581180453,16.064665907801995,22.0,2010,2031,2015
65,12040.76127028818,1,113.75313261026838,208.27141581180453,16.064665907801995,22.0,2010,2031,2016
65,12040.76127028818,1,113.75313261026838,208.27141581180453,16.064665907801995,22.0,2010,2031,2017
65,12040.76127028818,1,113.75313261026838,208.27141581180453,16.064665907801995,22.0,2010,2031,2018
65,12040.76127028818,1,113.75313261026838,208.27141581180453,16.064665907801995,22.0,2010,2031,2019
65,12040.76127028818,1,113.75313261026838,208.27141581180453,16.064665907801995,22.0,2010,2031,2020
65,12040.76127028818,1,113.75313261026838,208.27141581180453,16.064665907801995,22.0,2010,2031,2021
65,12040.76127028818,1,113.75313261026838,208.27141581180453,16.064665907801995,22.0,2010,2031,2022
65,12040.76127028818,1,113.75313261026838,208.27141581180453,16.064665907801995,22.0,2010,2031,2023
65,12040.76127028818,1,113.75313261026838,208.27141581180453,16.064665907801995,22.0,2010,2031,2024
65,12040.76127028818,1,113.75313261026838,208.27141581180453,16.064665907801995,22.0,2010,2031,2025
65,12040.76127028818,1,113.75313261026838,208.27141581180453,16.064665907801995,22.0,2010,2031,2026
65,12040.76127028818,1,113.75313261026838,208.27141581180453,16.064665907801995,22.0,2010,2031,2027
65,12040.76127028818,1,113.75313261026838,208.27141581180453,16.064665907801995,22.0,2010,2031,2028
65,12040.76127028818,1,113.75313261026838,208.27141581180453,16.064665907801995,22.0,2010,2031,2029
65,12040.76127028818,1,113.75313261026838,208.27141581180453,16.064665907801995,22.0,2010,2031,2030
65,5320.888292023479,2,69.15452599451434,214.14383006528988,11.549534434776715,6.0,2032,2037,2032
65,5320.888292023479,2,69.15452599451434,214.14383006528988,11.549534434776715,6.0,2032,2037,2033
65,5320.888292023479,2,69.15452599451434,214.14383006528988,11.549534434776715,6.0,2032,2037,2034
65,5320.888292023479,2,69.15452599451434,214.14383006528988,11.549534434776715,6.0,2032,2037,2035
65,5320.888292023479,2,69.15452599451434,214.14383006528988,11.549534434776715,6.0,2032,2037,2036
65,3875.3975285088427,3,58.86179493278661,176.31672747116068,16.11529843631245,5.0,2038,2042,2038
65,3875.3975285088427,3,58.86179493278661,176.31672747116068,16.11529843631245,5.0,2038,2042,2039
65,3875.3975285088427,3,58.86179493278661,176.31672747116068,16.11529843631245,5.0,2038,2042,2040
65,3875.3975285088427,3,58.86179493278661,176.31672747116068,16.11529843631245,5.0,2038,2042,2041
65,4344.159339874181,4,40.25100569566947,169.96768874952483,11.453168194098861,4.0,2043,2046,2043
65,4344.159339874181,4,40.25100569566947,169.96768874952483,11.453168194098861,4.0,2043,2046,2044
65,4344.159339874181,4,40.25100569566947,169.96768874952483,11.453168194098861,4.0,2043,2046,2045
65,4343.6828539783555,5,53.436688808948595,205.83335570311456,11.980914135947142,5.0,2047,2051,2047
65,4343.6828539783555,5,53.436688808948595,205.83335570311456,11.980914135947142,5.0,2047,2051,2048
65,4343.6828539783555,5,53.436688808948595,205.83335570311456,11.980914135947142,5.0,2047,2051,2049
65,4343.6828539783555,5,53.436688808948595,205.83335570311456,11.980914135947142,5.0,2047,2051,2050
65,2706.5913028662226,6,36.45325963955141,181.39212830902795,14.457557266689863,4.0,2052,2061,2052
65,2706.5913028662226,6,36.45325963955141,181.39212830902795,14.457557266689863,4.0,2052,2061,2053
65,2706.5913028662226,6,36.45325963955141,181.39212830902795,14.457557266689863,4.0,2052,2061,2054
65,2706.5913028662226,6,36.45325963955141,181.39212830902795,14.457557266689863,4.0,2052,2061,2055
65,2706.5913028662226,6,36.45325963955141,181.39212830902795,14.457557266689863,4.0,2052,2061,2056
65,2706.5913028662226,6,36.45325963955141,181.39212830902795,14.457557266689863,4.0,2052,2061,2057
65,2706.5913028662226,6,36.45325963955141,181.39212830902795,14.457557266689863,4.0,2052,2061,2058
65,2706.5913028662226,6,36.45325963955141,181.39212830902795,14.457557266689863,4.0,2052,2061,2059
65,2706.5913028662226,6,36.45325963955141,181.39212830902795,14.457557266689863,4.0,2052,2061,2060
66,13763.121633097498,1,124.99285424608986,180.97625393958953,14.353695920737099,23.0,2010,2032,2010
66,13763.121633097498,1,124.99285424608986,180.97625393958953,14.353695920737099,23.0,2010,2032,2011
66,13763.121633097498,1,124.99285424608986,180.97625393958953,14.353695920737099,23.0,2010,2032,2012
66,13763.121633097498,1,124.99285424608986,180.97625393958953,14.353695920737099,23.0,2010,2032,2013
66,13763.121633097498,1,124.99285424608986,180.97625393958953,14.353695920737099,23.0,2010,2032,2014
66,13763.121633097498,1,124.99285424608986,180.97625393958953,14.353695920737099,23.0,2010,2032,2015
66,13763.121633097498,1,124.99285424608986,180.97625393958953,14.353695920737099,23.0,2010,2032,2016
66,13763.121633097498,1,124.99285424608986,180.97625393958953,14.353695920737099,23.0,2010,2032,2017
66,13763.121633097498,1,124.99285424608986,180.97625393958953,14.353695920737099,23.0,2010,2032,2018
66,13763.121633097498,1,124.99285424608986,180.97625393958953,14.353695920737099,23.0,2010,2032,2019
66,13763.121633097498,1,124.99285424608986,180.97625393958953,14.353695920737099,23.0,2010,2032,2020
66,13763.121633097498,1,124.99285424608986,180.97625393958953,14.353695920737099,23.0,2010,2032,2021
66,13763.121633097498,1,124.99285424608986,180.97625393958953,14.353695920737099,23.0,2010,2032,2022
66,13763.121633097498,1,124.99285424608986,180.97625393958953,14.353695920737099,23.0,2010,2032,2023
66,13763.121633097498,1,124.99285424608986,180.97625393958953,14.353695920737099,23.0,2010,2032,2024
66,13763.121633097498,1,124.99285424608986,180.97625393958953,14.353695920737099,23.0,2010,2032,2025
66,13763.121633097498,1,124.99285424608986,180.97625393958953,14.353695920737099,23.0,2010,2032,2026
66,13763.121633097498,1,124.99285424608986,180.97625393958953,14.353695920737099,23.0,2010,2032,2027
66,13763.121633097498,1,124.99285424608986,180.97625393958953,14.353695920737099,23.0,2010,2032,2028
66,13763.121633097498,1,124.99285424608986,180.97625393958953,14.353695920737099,23.0,2010,2032,2029
66,13763.121633097498,1,124.99285424608986,180.97625393958953,14.353695920737099,23.0,2010,2032,2030
66,13763.121633097498,1,124.99285424608986,180.97625393958953,14.353695920737099,23.0,2010,2032,2031
66,4136.48433156811,2,70.49561666858315,205.6150264020787,10.015463250939238,6.0,2033,2038,2033
66,4136.48433156811,2,70.49561666858315,205.6150264020787,10.015463250939238,6.0,2033,2038,2034
66,4136.48433156811,2,70.49561666858315,205.6150264020787,10.015463250939238,6.0,2033,2038,2035
66,4136.48433156811,2,70.49561666858315,205.6150264020787,10.015463250939238,6.0,2033,2038,2036
66,4136.48433156811,2,70.49561666858315,205.6150264020787,10.015463250939238,6.0,2033,2038,2037
66,3476.3725662360825,3,56.44156770357317,175.26143955009763,11.226696802193704,5.0,2039,2043,2039
66,3476.3725662360825,3,56.44156770357317,175.26143955009763,11.226696802193704,5.0,2039,2043,2040
66,3476.3725662360825,3,56.44156770357317,175.26143955009763,11.226696802193704,5.0,2039,2043,2041
66,3476.3725662360825,3,56.44156770357317,175.26143955009763,11.226696802193704,5.0,2039,2043,2042
66,4251.0897300161305,4,42.32581395997076,182.57921578899777,12.22878523338374,4.0,2044,2047,2044
66,4251.0897300161305,4,42.32581395997076,182.57921578899777,12.22878523338374,4.0,2044,2047,2045
66,4251.0897300161305,4,42.32581395997076,182.57921578899777,12.22878523338374,4.0,2044,2047,2046
66,4507.304850107025,5,48.071369490333986,198.21440900109528,13.91050185103617,5.0,2048,2052,2048
66,4507.304850107025,5,48.071369490333986,198.21440900109528,13.91050185103617,5.0,2048,2052,2049
66,4507.304850107025,5,48.071369490333986,198.21440900109528,13.91050185103617,5.0,2048,2052,2050
66,4507.304850107025,5,48.071369490333986,198.21440900109528,13.91050185103617,5.0,2048,2052,2051
66,4404.481286484867,6,37.8862294177433,191.19655980714748,10.988657629128605,4.0,2053,2061,2053
66,4404.481286484867,6,37.8862294177433,191.19655980714748,10.988657629128605,4.0,2053,2061,2054
66,4404.481286484867,6,37.8862294177433,191.19655980714748,10.988657629128605,4.0,2053,2061,2055
66,4404.481286484867,6,37.8862294177433,191.19655980714748,10.988657629128605,4.0,2053,2061,2056
66,4404.481286484867,6,37.8862294177433,191.19655980714748,10.988657629128605,4.0,2053,2061,2057
66,4404.481286484867,6,37.8862294177433,191.19655980714748,10.988657629128605,4.0,2053,2061,2058
66,4404.481286484867,6,37.8862294177433,191.19655980714748,10.988657629128605,4.0,2053,2061,2059
66,4404.481286484867,6,37.8862294177433,191.19655980714748,10.988657629128605,4.0,2053,2061,2060
67,7421.966900141943,1,108.25645285180656,188.183516118463,10.182400423025973,22.0,2010,2031,2010
67,7421.966900141943,1,108.25645285180656,188.183516118463,10.182400423025973,22.0,2010,2031,2011
67,7421.966900141943,1,108.25645285180656,188.183516118463,10.182400423025973,22.0,2010,2031,2012
67,7421.966900141943,1,108.25645285180656,188.183516118463,10.182400423025973,22.0,2010,2031,2013
67,7421.966900141943,1,108.25645285180656,188.183516118463,10.182400423025973,22.0,2010,2031,2014
67,7421.966900141943,1,108.25645285180656,188.183516118463,10.182400423025973,22.0,2010,2031,2015
67,7421.966900141943,1,108.25645285180656,188.183516118463,10.182400423025973,22.0,2010,2031,2016
67,7421.966900141943,1,108.25645285180656,188.183516118463,10.182400423025973,22.0,2010,2031,2017
67,7421.966900141943,1,108.25645285180656,188.183516118463,10.182400423025973,22.0,2010,2031,2018
67,7421.966900141943,1,108.25645285180656,188.183516118463,10.182400423025973,22.0,2010,2031,2019
67,7421.966900141943,1,108.25645285180656,188.183516118463,10.182400423025973,22.0,2010,2031,2020
67,7421.966900141943,1,108.25645285180656,188.183516118463,10.182400423025973,22.0,2010,2031,2021
67,7421.966900141943,1,108.25645285180656,188.183516118463,10.182400423025973,22.0,2010,2031,2022
67,7421.966900141943,1,108.25645285180656,188.183516118463,10.182400423025973,22.0,2010,2031,2023
67,7421.966900141943,1,108.25645285180656,188.183516118463,10.182400423025973,22.0,2010,2031,2024
67,7421.966900141943,1,108.25645285180656,188.183516118463,10.182400423025973,22.0,2010,2031,2025
67,7421.966900141943,1,108.25645285180656,188.183516118463,10.182400423025973,22.0,2010,2031,2026
67,7421.966900141943,1,108.25645285180656,188.183516118463,10.182400423025973,22.0,2010,2031,2027
67,7421.966900141943,1,108.25645285180656,188.183516118463,10.182400423025973,22.0,2010,2031,2028
67,7421.966900141943,1,108.25645285180656,188.183516118463,10.182400423025973,22.0,2010,2031,2029
67,7421.966900141943,1,108.25645285180656,188.183516118463,10.182400423025973,22.0,2010,2031,2030
67,5041.40164599014,2,56.79955286511265,179.70830875026104,12.718761008956495,5.0,2032,2036,2032
67,5041.40164599014,2,56.79955286511265,179.70830875026104,12.718761008956495,5.0,2032,2036,2033
67,5041.40164599014,2,56.79955286511265,179.70830875026104,12.718761008956495,5.0,2032,2036,2034
67,5041.40164599014,2,56.79955286511265,179.70830875026104,12.718761008956495,5.0,2032,2036,2035
67,4545.524240632546,3,57.799393185651724,162.788182387759,13.59844184420013,5.0,2037,2041,2037
67,4545.524240632546,3,57.799393185651724,162.788182387759,13.59844184420013,5.0,2037,2041,2038
67,4545.524240632546,3,57.799393185651724,162.788182387759,13.59844184420013,5.0,2037,2041,2039
67,4545.524240632546,3,57.799393185651724,162.788182387759,13.59844184420013,5.0,2037,2041,2040
67,3790.903023247393,4,43.56391111599825,189.37700525044693,13.755018376402548,4.0,2042,2045,2042
67,3790.903023247393,4,43.56391111599825,189.37700525044693,13.755018376402548,4.0,2042,2045,2043
67,3790.903023247393,4,43.56391111599825,189.37700525044693,13.755018376402548,4.0,2042,2045,2044
67,4079.6165796109326,5,43.062275139666156,189.62003134818968,12.155935068725315,4.0,2046,2049,2046
67,4079.6165796109326,5,43.062275139666156,189.62003134818968,12.155935068725315,4.0,2046,2049,2047
67,4079.6165796109326,5,43.062275139666156,189.62003134818968,12.155935068725315,4.0,2046,2049,2048
67,3842.0068790721366,6,48.92346328063091,221.41108117376422,13.19455603640652,5.0,2050,2061,2050
67,3842.0068790721366,6,48.92346328063091,221.41108117376422,13.19455603640652,5.0,2050,2061,2051
67,3842.0068790721366,6,48.92346328063091,221.41108117376422,13.19455603640652,5.0,2050,2061,2052
67,3842.0068790721366,6,48.92346328063091,221.41108117376422,13.19455603640652,5.0,2050,2061,2053
67,3842.0068790721366,6,48.92346328063091,221.41108117376422,13.19455603640652,5.0,2050,2061,2054
67,3842.0068790721366,6,48.92346328063091,221.41108117376422,13.19455603640652,5.0,2050,2061,2055
67,3842.0068790721366,6,48.92346328063091,221.41108117376422,13.19455603640652,5.0,2050,2061,2056
67,3842.0068790721366,6,48.92346328063091,221.41108117376422,13.19455603640652,5.0,2050,2061,2057
67,3842.0068790721366,6,48.92346328063091,221.41108117376422,13.19455603640652,5.0,2050,2061,2058
67,3842.0068790721366,6,48.92346328063091,221.41108117376422,13.19455603640652,5.0,2050,2061,2059
67,3842.0068790721366,6,48.92346328063091,221.41108117376422,13.19455603640652,5.0,2050,2061,2060
68,9132.563383116416,1,93.23465005597976,175.52149235608422,11.461970090285856,20.0,2010,2029,2010
68,9132.563383116416,1,93.23465005597976,175.52149235608422,11.461970090285856,20.0,2010,2029,2011
68,9132.563383116416,1,93.23465005597976,175.52149235608422,11.461970090285856,20.0,2010,2029,2012
68,9132.563383116416,1,93.23465005597976,175.52149235608422,11.461970090285856,20.0,2010,2029,2013
68,9132.563383116416,1,93.23465005597976,175.52149235608422,11.461970090285856,20.0,2010,2029,2014
68,9132.563383116416,1,93.23465005597976,175.52149235608422,11.461970090285856,20.0,2010,2029,2015
68,9132.563383116416,1,93.23465005597976,175.52149235608422,11.461970090285856,20.0,2010,2029,2016
68,9132.563383116416,1,93.23465005597976,175.52149235608422,11.461970090285856,20.0,2010,2029,2017
68,9132.563383116416,1,93.23465005597976,175.52149235608422,11.461970090285856,20.0,2010,2029,2018
68,9132.563383116416,1,93.23465005597976,175.52149235608422,11.461970090285856,20.0,2010,2029,2019
68,9132.563383116416,1,93.23465005597976,175.52149235608422,11.461970090285856,20.0,2010,2029,2020
68,9132.563383116416,1,93.23465005597976,175.52149235608422,11.461970090285856,20.0,2010,2029,2021
68,9132.563383116416,1,93.23465005597976,175.52149235608422,11.461970090285856,20.0,2010,2029,2022
68,9132.563383116416,1,93.23465005597976,175.52149235608422,11.461970090285856,20.0,2010,2029,2023
68,9132.563383116416,1,93.23465005597976,175.52149235608422,11.461970090285856,20.0,2010,2029,2024
68,9132.563383116416,1,93.23465005597976,175.52149235608422,11.461970090285856,20.0,2010,2029,2025
68,9132.563383116416,1,93.23465005597976,175.52149235608422,11.461970090285856,20.0,2010,2029,2026
68,9132.563383116416,1,93.23465005597976,175.52149235608422,11.461970090285856,20.0,2010,2029,2027
68,9132.563383116416,1,93.23465005597976,175.52149235608422,11.461970090285856,20.0,2010,2029,2028
68,6390.7661397790325,2,72.52211175987969,210.984495118014,10.82738659335175,7.0,2030,2036,2030
68,6390.7661397790325,2,72.52211175987969,210.984495118014,10.82738659335175,7.0,2030,2036,2031
68,6390.7661397790325,2,72.52211175987969,210.984495118014,10.82738659335175,7.0,2030,2036,2032
68,6390.7661397790325,2,72.52211175987969,210.984495118014,10.82738659335175,7.0,2030,2036,2033
68,6390.7661397790325,2,72.52211175987969,210.984495118014,10.82738659335175,7.0,2030,2036,2034
68,6390.7661397790325,2,72.52211175987969,210.984495118014,10.82738659335175,7.0,2030,2036,2035
68,3211.780779335752,3,47.63405355150574,197.51498893926893,14.471910723242951,4.0,2037,2040,2037
68,3211.780779335752,3,47.63405355150574,197.51498893926893,14.471910723242951,4.0,2037,2040,2038
68,3211.780779335752,3,47.63405355150574,197.51498893926893,14.471910723242951,4.0,2037,2040,2039
68,4640.771664478002,4,56.01619899795956,171.13876236645885,15.624908887106379,5.0,2041,2045,2041
68,4640.771664478002,4,56.01619899795956,171.13876236645885,15.624908887106379,5.0,2041,2045,2042
68,4640.771664478002,4,56.01619899795956,171.13876236645885,15.624908887106379,5.0,2041,2045,2043
68,4640.771664478002,4,56.01619899795956,171.13876236645885,15.624908887106379,5.0,2041,2045,2044
68,3820.3657758229833,5,39.80856929919983,201.9740879138401,13.684319148439641,4.0,2046,2049,2046
68,3820.3657758229833,5,39.80856929919983,201.9740879138401,13.684319148439641,4.0,2046,2049,2047
68,3820.3657758229833,5,39.80856929919983,201.9740879138401,13.684319148439641,4.0,2046,2049,2048
68,4605.9897981379645,6,46.88288587906071,211.475551850874,12.576135195159882,4.0,2050,2061,2050
68,4605.9897981379645,6,46.88288587906071,211.475551850874,12.576135195159882,4.0,2050,2061,2051
68,4605.9897981379645,6,46.88288587906071,211.475551850874,12.576135195159882,4.0,2050,2061,2052
68,4605.9897981379645,6,46.88288587906071,211.475551850874,12.576135195159882,4.0,2050,2061,2053
68,4605.9897981379645,6,46.88288587906071,211.475551850874,12.576135195159882,4.0,2050,2061,2054
68,4605.9897981379645,6,46.88288587906071,211.475551850874,12.576135195159882,4.0,2050,2061,2055
68,4605.9897981379645,6,46.88288587906071,211.475551850874,12.576135195159882,4.0,2050,2061,2056
68,4605.9897981379645,6,46.88288587906071,211.475551850874,12.576135195159882,4.0,2050,2061,2057
68,4605.9897981379645,6,46.88288587906071,211.475551850874,12.576135195159882,4.0,2050,2061,2058
68,4605.9897981379645,6,46.88288587906071,211.475551850874,12.576135195159882,4.0,2050,2061,2059
68,4605.9897981379645,6,46.88288587906071,211.475551850874,12.576135195159882,4.0,2050,2061,2060
69,11901.674109566258,1,116.21640266256242,176.91587924720685,14.080163872260385,22.0,2010,2031,2010
69,11901.674109566258,1,116.21640266256242,176.91587924720685,14.080163872260385,22.0,2010,2031,2011
69,11901.674109566258,1,116.21640266256242,176.91587924720685,14.080163872260385,22.0,2010,2031,2012
69,11901.674109566258,1,116.21640266256242,176.91587924720685,14.080163872260385,22.0,2010,2031,2013
69,11901.674109566258,1,116.21640266256242,176.91587924720685,14.080163872260385,22.0,2010,2031,2014
69,11901.674109566258,1,116.21640266256242,176.91587924720685,14.080163872260385,22.0,2010,2031,2015
69,11901.674109566258,1,116.21640266256242,176.91587924720685,14.080163872260385,22.0,2010,2031,2016
69,11901.674109566258,1,116.21640266256242,176.91587924720685,14.080163872260385,22.0,2010,2031,2017
69,11901.674109566258,1,116.21640266256242,176.91587924720685,14.080163872260385,22.0,2010,2031,2018
69,11901.674109566258,1,116.21640266256242,176.91587924720685,14.080163872260385,22.0,2010,2031,2019
69,11901.674109566258,1,116.21640266256242,176.91587924720685,14.080163872260385,22.0,2010,2031,2020
69,11901.674109566258,1,116.21640266256242,176.91587924720685,14.080163872260385,22.0,2010,2031,2021
69,11901.674109566258,1,116.21640266256242,176.91587924720685,14.080163872260385,22.0,2010,2031,2022
69,11901.674109566258,1,116.21640266256242,176.91587924720685,14.080163872260385,22.0,2010,2031,2023
69,11901.674109566258,1,116.21640266256242,176.91587924720685,14.080163872260385,22.0,2010,2031,2024
69,11901.674109566258,1,116.21640266256242,176.91587924720685,14.080163872260385,22.0,2010,2031,2025
69,11901.674109566258,1,116.21640266256242,176.91587924720685,14.080163872260385,22.0,2010,2031,2026
69,11901.674109566258,1,116.21640266256242,176.91587924720685,14.080163872260385,22.0,2010,2031,2027
69,11901.674109566258,1,116.21640266256242,176.91587924720685,14.080163872260385,22.0,2010,2031,2028
69,11901.674109566258,1,116.21640266256242,176.91587924720685,14.080163872260385,22.0,2010,2031,2029
69,11901.674109566258,1,116.21640266256242,176.91587924720685,14.080163872260385,22.0,2010,2031,2030
69,6090.731452994155,2,63.001841717265904,198.08502495429397,10.917082116041053,6.0,2032,2037,2032
69,6090.731452994155,2,63.001841717265904,198.08502495429397,10.917082116041053,6.0,2032,2037,2033
69,6090.731452994155,2,63.001841717265904,198.08502495429397,10.917082116041053,6.0,2032,2037,2034
69,6090.731452994155,2,63.001841717265904,198.08502495429397,10.917082116041053,6.0,2032,2037,2035
69,6090.731452994155,2,63.001841717265904,198.08502495429397,10.917082116041053,6.0,2032,2037,2036
69,3149.932517388148,3,55.65144653071603,185.60823156388247,15.606230334363707,5.0,2038,2042,2038
69,3149.932517388148,3,55.65144653071603,185.60823156388247,15.606230334363707,5.0,2038,2042,2039
69,3149.932517388148,3,55.65144653071603,185.60823156388247,15.606230334363707,5.0,2038,2042,2040
69,3149.932517388148,3,55.65144653071603,185.60823156388247,15.606230334363707,5.0,2038,2042,2041
69,3632.0128107443343,4,48.476882422918,172.36384746355716,10.824974887403426,5.0,2043,2047,2043
69,3632.0128107443343,4,48.476882422918,172.36384746355716,10.824974887403426,5.0,2043,2047,2044
69,3632.0128107443343,4,48.476882422918,172.36384746355716,10.824974887403426,5.0,2043,2047,2045
69,3632.0128107443343,4,48.476882422918,172.36384746355716,10.824974887403426,5.0,2043,2047,2046
69,4022.544301120879,5,50.075588332569524,206.82168585353048,10.369064390404361,5.0,2048,2052,2048
69,4022.544301120879,5,50.075588332569524,206.82168585353048,10.369064390404361,5.0,2048,2052,2049
69,4022.544301120879,5,50.075588332569524,206.82168585353048,10.369064390404361,5.0,2048,2052,2050
69,4022.544301120879,5,50.075588332569524,206.82168585353048,10.369064390404361,5.0,2048,2052,2051
69,3933.180390891535,6,38.46118892497813,193.2332897508385,15.69540212137592,4.0,2053,2061,2053
69,3933.180390891535,6,38.46118892497813,193.2332897508385,15.69540212137592,4.0,2053,2061,2054
69,3933.180390891535,6,38.46118892497813,193.2332897508385,15.69540212137592,4.0,2053,2061,2055
69,3933.180390891535,6,38.46118892497813,193.2332897508385,15.69540212137592,4.0,2053,2061,2056
69,3933.180390891535,6,38.46118892497813,193.2332897508385,15.69540212137592,4.0,2053,2061,2057
69,3933.180390891535,6,38.46118892497813,193.2332897508385,15.69540212137592,4.0,2053,2061,2058
69,3933.180390891535,6,38.46118892497813,193.2332897508385,15.69540212137592,4.0,2053,2061,2059
69,3933.180390891535,6,38.46118892497813,193.2332897508385,15.69540212137592,4.0,2053,2061,2060
70,8277.372245918821,1,80.67364332995795,175.17467611239078,11.507853716966931,19.0,2010,2028,2010
70,8277.372245918821,1,80.67364332995795,175.17467611239078,11.507853716966931,19.0,2010,2028,2011
70,8277.372245918821,1,80.67364332995795,175.17467611239078,11.507853716966931,19.0,2010,2028,2012
70,8277.372245918821,1,80.67364332995795,175.17467611239078,11.507853716966931,19.0,2010,2028,2013
70,8277.372245918821,1,80.67364332995795,175.17467611239078,11.507853716966931,19.0,2010,2028,2014
70,8277.372245918821,1,80.67364332995795,175.17467611239078,11.507853716966931,19.0,2010,2028,2015
70,8277.372245918821,1,80.67364332995795,175.17467611239078,11.507853716966931,19.0,2010,2028,2016
70,8277.372245918821,1,80.67364332995795,175.17467611239078,11.507853716966931,19.0,2010,2028,2017
70,8277.372245918821,1,80.67364332995795,175.17467611239078,11.507853716966931,19.0,2010,2028,2018
70,8277.372245918821,1,80.67364332995795,175.17467611239078,11.507853716966931,19.0,2010,2028,2019
70,8277.372245918821,1,80.67364332995795,175.17467611239078,11.507853716966931,19.0,2010,2028,2020
70,8277.372245918821,1,80.67364332995795,175.17467611239078,11.507853716966931,19.0,2010,2028,2021
70,8277.372245918821,1,80.67364332995795,175.17467611239078,11.507853716966931,19.0,2010,2028,2022
70,8277.372245918821,1,80.67364332995795,175.17467611239078,11.507853716966931,19.0,2010,2028,2023
70,8277.372245918821,1,80.67364332995795,175.17467611239078,11.507853716966931,19.0,2010,2028,2024
70,8277.372245918821,1,80.67364332995795,175.17467611239078,11.507853716966931,19.0,2010,2028,2025
70,8277.372245918821,1,80.67364332995795,175.17467611239078,11.507853716966931,19.0,2010,2028,2026
70,8277.372245918821,1,80.67364332995795,175.17467611239078,11.507853716966931,19.0,2010,2028,2027
70,4224.845503439878,2,69.80810770435427,182.07799072421238,13.278048413144962,6.0,2029,2034,2029
70,4224.845503439878,2,69.80810770435427,182.07799072421238,13.278048413144962,6.0,2029,2034,2030
70,4224.845503439878,2,69.80810770435427,182.07799072421238,13.278048413144962,6.0,2029,2034,2031
70,4224.845503439878,2,69.80810770435427,182.07799072421238,13.278048413144962,6.0,2029,2034,2032
70,4224.845503439878,2,69.80810770435427,182.07799072421238,13.278048413144962,6.0,2029,2034,2033
70,5474.950855052831,3,47.96535554608232,191.2097475841781,12.020134309266329,4.0,2035,2038,2035
70,5474.950855052831,3,47.96535554608232,191.2097475841781,12.020134309266329,4.0,2035,2038,2036
70,5474.950855052831,3,47.96535554608232,191.2097475841781,12.020134309266329,4.0,2035,2038,2037
70,3822.8361647041907,4,40.74278601402857,211.1346065330275,11.783707289060604,4.0,2039,2042,2039
70,3822.8361647041907,4,40.74278601402857,211.1346065330275,11.783707289060604,4.0,2039,2042,2040
70,3822.8361647041907,4,40.74278601402857,211.1346065330275,11.783707289060604,4.0,2039,2042,2041
70,4862.229328357391,5,52.723380343675736,198.74708115258233,15.479945576769534,5.0,2043,2047,2043
70,4862.229328357391,5,52.723380343675736,198.74708115258233,15.479945576769534,5.0,2043,2047,2044
70,4862.229328357391,5,52.723380343675736,198.74708115258233,15.479945576769534,5.0,2043,2047,2045
70,4862.229328357391,5,52.723380343675736,198.74708115258233,15.479945576769534,5.0,2043,2047,2046
70,3802.3200054797426,6,39.61757822002861,188.40348367796693,14.048145254180778,4.0,2048,2061,2048
70,3802.3200054797426,6,39.61757822002861,188.40348367796693,14.048145254180778,4.0,2048,2061,2049
70,3802.3200054797426,6,39.61757822002861,188.40348367796693,14.048145254180778,4.0,2048,2061,2050
70,3802.3200054797426,6,39.61757822002861,188.40348367796693,14.048145254180778,4.0,2048,2061,2051
70,3802.3200054797426,6,39.61757822002861,188.40348367796693,14.048145254180778,4.0,2048,2061,2052
70,3802.3200054797426,6,39.61757822002861,188.40348367796693,14.048145254180778,4.0,2048,2061,2053
70,3802.3200054797426,6,39.61757822002861,188.40348367796693,14.048145254180778,4.0,2048,2061,2054
70,3802.3200054797426,6,39.61757822002861,188.40348367796693,14.048145254180778,4.0,2048,2061,2055
70,3802.3200054797426,6,39.61757822002861,188.40348367796693,14.048145254180778,4.0,2048,2061,2056
70,3802.3200054797426,6,39.61757822002861,188.40348367796693,14.048145254180778,4.0,2048,2061,2057
70,3802.3200054797426,6,39.61757822002861,188.40348367796693,14.048145254180778,4.0,2048,2061,2058
70,3802.3200054797426,6,39.61757822002861,188.40348367796693,14.048145254180778,4.0,2048,2061,2059
70,3802.3200054797426,6,39.61757822002861,188.40348367796693,14.048145254180778,4.0,2048,2061,2060
71,13387.142169591163,1,115.13162469929897,176.06102651200604,10.183817414454714,22.0,2010,2031,2010
71,13387.142169591163,1,115.13162469929897,176.06102651200604,10.183817414454714,22.0,2010,2031,2011
71,13387.142169591163,1,115.13162469929897,176.06102651200604,10.183817414454714,22.0,2010,2031,2012
71,13387.142169591163,1,115.13162469929897,176.06102651200604,10.183817414454714,22.0,2010,2031,2013
71,13387.142169591163,1,115.13162469929897,176.06102651200604,10.183817414454714,22.0,2010,2031,2014
71,13387.142169591163,1,115.13162469929897,176.06102651200604,10.183817414454714,22.0,2010,2031,2015
71,13387.142169591163,1,115.13162469929897,176.06102651200604,10.183817414454714,22.0,2010,2031,2016
71,13387.142169591163,1,115.13162469929897,176.06102651200604,10.183817414454714,22.0,2010,2031,2017
71,13387.142169591163,1,115.13162469929897,176.06102651200604,10.183817414454714,22.0,2010,2031,2018
71,13387.142169591163,1,115.13162469929897,176.06102651200604,10.183817414454714,22.0,2010,2031,2019
71,13387.142169591163,1,115.13162469929897,176.06102651200604,10.183817414454714,22.0,2010,2031,2020
71,13387.142169591163,1,115.13162469929897,176.06102651200604,10.183817414454714,22.0,2010,2031,2021
71,13387.142169591163,1,115.13162469929897,176.06102651200604,10.183817414454714,22.0,2010,2031,2022
71,13387.142169591163,1,115.13162469929897,176.06102651200604,10.183817414454714,22.0,2010,2031,2023
71,13387.142169591163,1,115.13162469929897,176.06102651200604,10.183817414454714,22.0,2010,2031,2024
71,13387.142169591163,1,115.13162469929897,176.06102651200604,10.183817414454714,22.0,2010,2031,2025
71,13387.142169591163,1,115.13162469929897,176.06102651200604,10.183817414454714,22.0,2010,2031,2026
71,13387.142169591163,1,115.13162469929897,176.06102651200604,10.183817414454714,22.0,2010,2031,2027
71,13387.142169591163,1,115.13162469929897,176.06102651200604,10.183817414454714,22.0,2010,2031,2028
71,13387.142169591163,1,115.13162469929897,176.06102651200604,10.183817414454714,22.0,2010,2031,2029
71,13387.142169591163,1,115.13162469929897,176.06102651200604,10.183817414454714,22.0,2010,2031,2030
71,6655.279657012138,2,54.99324606509674,192.7353762119858,12.587293257051993,5.0,2032,2036,2032
71,6655.279657012138,2,54.99324606509674,192.7353762119858,12.587293257051993,5.0,2032,2036,2033
71,6655.279657012138,2,54.99324606509674,192.7353762119858,12.587293257051993,5.0,2032,2036,2034
71,6655.279657012138,2,54.99324606509674,192.7353762119858,12.587293257051993,5.0,2032,2036,2035
71,4759.536585025152,3,58.157028681747626,172.28387684210327,10.337611726296515,5.0,2037,2041,2037
71,4759.536585025152,3,58.157028681747626,172.28387684210327,10.337611726296515,5.0,2037,2041,2038
71,4759.536585025152,3,58.157028681747626,172.28387684210327,10.337611726296515,5.0,2037,2041,2039
71,4759.536585025152,3,58.157028681747626,172.28387684210327,10.337611726296515,5.0,2037,2041,2040
71,4875.721195494279,4,53.4307650151878,176.70550499006325,12.50095710280873,5.0,2042,2046,2042
71,4875.721195494279,4,53.4307650151878,176.70550499006325,12.50095710280873,5.0,2042,2046,2043
71,4875.721195494279,4,53.4307650151878,176.70550499006325,12.50095710280873,5.0,2042,2046,2044
71,4875.721195494279,4,53.4307650151878,176.70550499006325,12.50095710280873,5.0,2042,2046,2045
71,3641.1586212026414,5,40.282274472611775,184.40930231739458,14.502173163178577,4.0,2047,2050,2047
71,3641.1586212026414,5,40.282274472611775,184.40930231739458,14.502173163178577,4.0,2047,2050,2048
71,3641.1586212026414,5,40.282274472611775,184.40930231739458,14.502173163178577,4.0,2047,2050,2049
71,4373.378110782495,6,50.076090818536315,185.44164750851527,11.352326539284359,5.0,2051,2061,2051
71,4373.378110782495,6,50.076090818536315,185.44164750851527,11.352326539284359,5.0,2051,2061,2052
71,4373.378110782495,6,50.076090818536315,185.44164750851527,11.352326539284359,5.0,2051,2061,2053
71,4373.378110782495,6,50.076090818536315,185.44164750851527,11.352326539284359,5.0,2051,2061,2054
71,4373.378110782495,6,50.076090818536315,185.44164750851527,11.352326539284359,5.0,2051,2061,2055
71,4373.378110782495,6,50.076090818536315,185.44164750851527,11.352326539284359,5.0,2051,2061,2056
71,4373.378110782495,6,50.076090818536315,185.44164750851527,11.352326539284359,5.0,2051,2061,2057
71,4373.378110782495,6,50.076090818536315,185.44164750851527,11.352326539284359,5.0,2051,2061,2058
71,4373.378110782495,6,50.076090818536315,185.44164750851527,11.352326539284359,5.0,2051,2061,2059
71,4373.378110782495,6,50.076090818536315,185.44164750851527,11.352326539284359,5.0,2051,2061,2060
72,11536.484578643069,1,95.21777098151811,171.6137359662274,10.999572973446668,20.0,2010,2029,2010
72,11536.484578643069,1,95.21777098151811,171.6137359662274,10.999572973446668,20.0,2010,2029,2011
72,11536.484578643069,1,95.21777098151811,171.6137359662274,10.999572973446668,20.0,2010,2029,2012
72,11536.484578643069,1,95.21777098151811,171.6137359662274,10.999572973446668,20.0,2010,2029,2013
72,11536.484578643069,1,95.21777098151811,171.6137359662274,10.999572973446668,20.0,2010,2029,2014
72,11536.484578643069,1,95.21777098151811,171.6137359662274,10.999572973446668,20.0,2010,2029,2015
72,11536.484578643069,1,95.21777098151811,171.6137359662274,10.999572973446668,20.0,2010,2029,2016
72,11536.484578643069,1,95.21777098151811,171.6137359662274,10.999572973446668,20.0,2010,2029,2017
72,11536.484578643069,1,95.21777098151811,171.6137359662274,10.999572973446668,20.0,2010,2029,2018
72,11536.484578643069,1,95.21777098151811,171.6137359662274,10.999572973446668,20.0,2010,2029,2019
72,11536.484578643069,1,95.21777098151811,171.6137359662274,10.999572973446668,20.0,2010,2029,2020
72,11536.484578643069,1,95.21777098151811,171.6137359662274,10.999572973446668,20.0,2010,2029,2021
72,11536.484578643069,1,95.21777098151811,171.6137359662274,10.999572973446668,20.0,2010,2029,2022
72,11536.484578643069,1,95.21777098151811,171.6137359662274,10.999572973446668,20.0,2010,2029,2023
72,11536.484578643069,1,95.21777098151811,171.6137359662274,10.999572973446668,20.0,2010,2029,2024
72,11536.484578643069,1,95.21777098151811,171.6137359662274,10.999572973446668,20.0,2010,2029,2025
72,11536.484578643069,1,95.21777098151811,171.6137359662274,10.999572973446668,20.0,2010,2029,2026
72,11536.484578643069,1,95.21777098151811,171.6137359662274,10.999572973446668,20.0,2010,2029,2027
72,11536.484578643069,1,95.21777098151811,171.6137359662274,10.999572973446668,20.0,2010,2029,2028
72,3646.1861102801545,2,54.40169255939368,189.89415773878886,13.973288195847598,5.0,2030,2034,2030
72,3646.1861102801545,2,54.40169255939368,189.89415773878886,13.973288195847598,5.0,2030,2034,2031
72,3646.1861102801545,2,54.40169255939368,189.89415773878886,13.973288195847598,5.0,2030,2034,2032
72,3646.1861102801545,2,54.40169255939368,189.89415773878886,13.973288195847598,5.0,2030,2034,2033
72,6266.621015474479,3,62.95522045826102,165.28560792734737,11.568425865769656,6.0,2035,2040,2035
72,6266.621015474479,3,62.95522045826102,165.28560792734737,11.568425865769656,6.0,2035,2040,2036
72,6266.621015474479,3,62.95522045826102,165.28560792734737,11.568425865769656,6.0,2035,2040,2037
72,6266.621015474479,3,62.95522045826102,165.28560792734737,11.568425865769656,6.0,2035,2040,2038
72,6266.621015474479,3,62.95522045826102,165.28560792734737,11.568425865769656,6.0,2035,2040,2039
72,3181.169398337719,4,51.769887405034176,188.54587033602797,12.459092999841626,5.0,2041,2045,2041
72,3181.169398337719,4,51.769887405034176,188.54587033602797,12.459092999841626,5.0,2041,2045,2042
72,3181.169398337719,4,51.769887405034176,188.54587033602797,12.459092999841626,5.0,2041,2045,2043
72,3181.169398337719,4,51.769887405034176,188.54587033602797,12.459092999841626,5.0,2041,2045,2044
72,3369.347674787227,5,52.14916523030848,187.79936416500496,16.23655500886731,5.0,2046,2050,2046
72,3369.347674787227,5,52.14916523030848,187.79936416500496,16.23655500886731,5.0,2046,2050,2047
72,3369.347674787227,5,52.14916523030848,187.79936416500496,16.23655500886731,5.0,2046,2050,2048
72,3369.347674787227,5,52.14916523030848,187.79936416500496,16.23655500886731,5.0,2046,2050,2049
72,3926.278703672887,6,38.03056723880965,175.31423946756092,14.142966357655338,4.0,2051,2061,2051
72,3926.278703672887,6,38.03056723880965,175.31423946756092,14.142966357655338,4.0,2051,2061,2052
72,3926.278703672887,6,38.03056723880965,175.31423946756092,14.142966357655338,4.0,2051,2061,2053
72,3926.278703672887,6,38.03056723880965,175.31423946756092,14.142966357655338,4.0,2051,2061,2054
72,3926.278703672887,6,38.03056723880965,175.31423946756092,14.142966357655338,4.0,2051,2061,2055
72,3926.278703672887,6,38.03056723880965,175.31423946756092,14.142966357655338,4.0,2051,2061,2056
72,3926.278703672887,6,38.03056723880965,175.31423946756092,14.142966357655338,4.0,2051,2061,2057
72,3926.278703672887,6,38.03056723880965,175.31423946756092,14.142966357655338,4.0,2051,2061,2058
72,3926.278703672887,6,38.03056723880965,175.31423946756092,14.142966357655338,4.0,2051,2061,2059
72,3926.278703672887,6,38.03056723880965,175.31423946756092,14.142966357655338,4.0,2051,2061,2060
73,16265.332459545927,1,118.01177278439474,178.8910879257731,12.673537562718884,22.0,2010,2031,2010
73,16265.332459545927,1,118.01177278439474,178.8910879257731,12.673537562718884,22.0,2010,2031,2011
73,16265.332459545927,1,118.01177278439474,178.8910879257731,12.673537562718884,22.0,2010,2031,2012
73,16265.332459545927,1,118.01177278439474,178.8910879257731,12.673537562718884,22.0,2010,2031,2013
73,16265.332459545927,1,118.01177278439474,178.8910879257731,12.673537562718884,22.0,2010,2031,2014
73,16265.332459545927,1,118.01177278439474,178.8910879257731,12.673537562718884,22.0,2010,2031,2015
73,16265.332459545927,1,118.01177278439474,178.8910879257731,12.673537562718884,22.0,2010,2031,2016
73,16265.332459545927,1,118.01177278439474,178.8910879257731,12.673537562718884,22.0,2010,2031,2017
73,16265.332459545927,1,118.01177278439474,178.8910879257731,12.673537562718884,22.0,2010,2031,2018
73,16265.332459545927,1,118.01177278439474,178.8910879257731,12.673537562718884,22.0,2010,2031,2019
73,16265.332459545927,1,118.01177278439474,178.8910879257731,12.673537562718884,22.0,2010,2031,2020
73,16265.332459545927,1,118.01177278439474,178.8910879257731,12.673537562718884,22.0,2010,2031,2021
73,16265.332459545927,1,118.01177278439474,178.8910879257731,12.673537562718884,22.0,2010,2031,2022
73,16265.332459545927,1,118.01177278439474,178.8910879257731,12.673537562718884,22.0,2010,2031,2023
73,16265.332459545927,1,118.01177278439474,178.8910879257731,12.673537562718884,22.0,2010,2031,2024
73,16265.332459545927,1,118.01177278439474,178.8910879257731,12.673537562718884,22.0,2010,2031,2025
73,16265.332459545927,1,118.01177278439474,178.8910879257731,12.673537562718884,22.0,2010,2031,2026
73,16265.332459545927,1,118.01177278439474,178.8910879257731,12.673537562718884,22.0,2010,2031,2027
73,16265.332459545927,1,118.01177278439474,178.8910879257731,12.673537562718884,22.0,2010,2031,2028
73,16265.332459545927,1,118.01177278439474,178.8910879257731,12.673537562718884,22.0,2010,2031,2029
73,16265.332459545927,1,118.01177278439474,178.8910879257731,12.673537562718884,22.0,2010,2031,2030
73,4960.022714534674,2,57.14613566387397,168.4747043325536,11.277782343797007,5.0,2032,2036,2032
73,4960.022714534674,2,57.14613566387397,168.4747043325536,11.277782343797007,5.0,2032,2036,2033
73,4960.022714534674,2,57.14613566387397,168.4747043325536,11.277782343797007,5.0,2032,2036,2034
73,4960.022714534674,2,57.14613566387397,168.4747043325536,11.277782343797007,5.0,2032,2036,2035
73,4493.085204594305,3,48.81483793456322,174.00968967148995,12.323079916763554,5.0,2037,2041,2037
73,4493.085204594305,3,48.81483793456322,174.00968967148995,12.323079916763554,5.0,2037,2041,2038
73,4493.085204594305,3,48.81483793456322,174.00968967148995,12.323079916763554,5.0,2037,2041,2039
73,4493.085204594305,3,48.81483793456322,174.00968967148995,12.323079916763554,5.0,2037,2041,2040
73,3998.941114470281,4,43.41579271505117,206.31113779420087,13.024102660996917,4.0,2042,2045,2042
73,3998.941114470281,4,43.41579271505117,206.31113779420087,13.024102660996917,4.0,2042,2045,2043
73,3998.941114470281,4,43.41579271505117,206.31113779420087,13.024102660996917,4.0,2042,2045,2044
73,2586.4972097187356,5,40.70001930711044,168.75968718964324,15.684730626049998,4.0,2046,2049,2046
73,2586.4972097187356,5,40.70001930711044,168.75968718964324,15.684730626049998,4.0,2046,2049,2047
73,2586.4972097187356,5,40.70001930711044,168.75968718964324,15.684730626049998,4.0,2046,2049,2048
73,2955.765261695093,6,42.89045874328309,172.1891858010099,14.472873701633837,4.0,2050,2061,2050
73,2955.765261695093,6,42.89045874328309,172.1891858010099,14.472873701633837,4.0,2050,2061,2051
73,2955.765261695093,6,42.89045874328309,172.1891858010099,14.472873701633837,4.0,2050,2061,2052
73,2955.765261695093,6,42.89045874328309,172.1891858010099,14.472873701633837,4.0,2050,2061,2053
73,2955.765261695093,6,42.89045874328309,172.1891858010099,14.472873701633837,4.0,2050,2061,2054
73,2955.765261695093,6,42.89045874328309,172.1891858010099,14.472873701633837,4.0,2050,2061,2055
73,2955.765261695093,6,42.89045874328309,172.1891858010099,14.472873701633837,4.0,2050,2061,2056
73,2955.765261695093,6,42.89045874328309,172.1891858010099,14.472873701633837,4.0,2050,2061,2057
73,2955.765261695093,6,42.89045874328309,172.1891858010099,14.472873701633837,4.0,2050,2061,2058
73,2955.765261695093,6,42.89045874328309,172.1891858010099,14.472873701633837,4.0,2050,2061,2059
73,2955.765261695093,6,42.89045874328309,172.1891858010099,14.472873701633837,4.0,2050,2061,2060
74,11425.885258683551,1,117.60144694055232,209.24210657960091,12.67544230772064,22.0,2010,2031,2010
74,11425.885258683551,1,117.60144694055232,209.24210657960091,12.67544230772064,22.0,2010,2031,2011
74,11425.885258683551,1,117.60144694055232,209.24210657960091,12.67544230772064,22.0,2010,2031,2012
74,11425.885258683551,1,117.60144694055232,209.24210657960091,12.67544230772064,22.0,2010,2031,2013
74,11425.885258683551,1,117.60144694055232,209.24210657960091,12.67544230772064,22.0,2010,2031,2014
74,11425.885258683551,1,117.60144694055232,209.24210657960091,12.67544230772064,22.0,2010,2031,2015
74,11425.885258683551,1,117.60144694055232,209.24210657960091,12.67544230772064,22.0,2010,2031,2016
74,11425.885258683551,1,117.60144694055232,209.24210657960091,12.67544230772064,22.0,2010,2031,2017
74,11425.885258683551,1,117.60144694055232,209.24210657960091,12.67544230772064,22.0,2010,2031,2018
74,11425.885258683551,1,117.60144694055232,209.24210657960091,12.67544230772064,22.0,2010,2031,2019
74,11425.885258683551,1,117.60144694055232,209.24210657960091,12.67544230772064,22.0,2010,2031,2020
74,11425.885258683551,1,117.60144694055232,209.24210657960091,12.67544230772064,22.0,2010,2031,2021
74,11425.885258683551,1,117.60144694055232,209.24210657960091,12.67544230772064,22.0,2010,2031,2022
74,11425.885258683551,1,117.60144694055232,209.24210657960091,12.67544230772064,22.0,2010,2031,2023
74,11425.885258683551,1,117.60144694055232,209.24210657960091,12.67544230772064,22.0,2010,2031,2024
74,11425.885258683551,1,117.60144694055232,209.24210657960091,12.67544230772064,22.0,2010,2031,2025
74,11425.885258683551,1,117.60144694055232,209.24210657960091,12.67544230772064,22.0,2010,2031,2026
74,11425.885258683551,1,117.60144694055232,209.24210657960091,12.67544230772064,22.0,2010,2031,2027
74,11425.885258683551,1,117.60144694055232,209.24210657960091,12.67544230772064,22.0,2010,2031,2028
74,11425.885258683551,1,117.60144694055232,209.24210657960091,12.67544230772064,22.0,2010,2031,2029
74,11425.885258683551,1,117.60144694055232,209.24210657960091,12.67544230772064,22.0,2010,2031,2030
74,4686.867936790962,2,69.59531777974745,208.05074598177174,10.783550350783734,6.0,2032,2037,2032
74,4686.867936790962,2,69.59531777974745,208.05074598177174,10.783550350783734,6.0,2032,2037,2033
74,4686.867936790962,2,69.59531777974745,208.05074598177174,10.783550350783734,6.0,2032,2037,2034
74,4686.867936790962,2,69.59531777974745,208.05074598177174,10.783550350783734,6.0,2032,2037,2035
74,4686.867936790962,2,69.59531777974745,208.05074598177174,10.783550350783734,6.0,2032,2037,2036
74,4983.663916319567,3,47.525026056506164,198.89965627954993,10.097656316146029,4.0,2038,2041,2038
74,4983.663916319567,3,47.525026056506164,198.89965627954993,10.097656316146029,4.0,2038,2041,2039
74,4983.663916319567,3,47.525026056506164,198.89965627954993,10.097656316146029,4.0,2038,2041,2040
74,3268.5469840546493,4,50.23252099485922,217.73657059290116,9.541969503163845,5.0,2042,2046,2042
74,3268.5469840546493,4,50.23252099485922,217.73657059290116,9.541969503163845,5.0,2042,2046,2043
74,3268.5469840546493,4,50.23252099485922,217.73657059290116,9.541969503163845,5.0,2042,2046,2044
74,3268.5469840546493,4,50.23252099485922,217.73657059290116,9.541969503163845,5.0,2042,2046,2045
74,3469.5134230850194,5,40.722812801971834,210.94829614730654,13.595586852859194,4.0,2047,2050,2047
74,3469.5134230850194,5,40.722812801971834,210.94829614730654,13.595586852859194,4.0,2047,2050,2048
74,3469.5134230850194,5,40.722812801971834,210.94829614730654,13.595586852859194,4.0,2047,2050,2049
74,3734.4701809677485,6,36.851868227672995,182.48609043621056,13.262965191154528,4.0,2051,2061,2051
74,3734.4701809677485,6,36.851868227672995,182.48609043621056,13.262965191154528,4.0,2051,2061,2052
74,3734.4701809677485,6,36.851868227672995,182.48609043621056,13.262965191154528,4.0,2051,2061,2053
74,3734.4701809677485,6,36.851868227672995,182.48609043621056,13.262965191154528,4.0,2051,2061,2054
74,3734.4701809677485,6,36.851868227672995,182.48609043621056,13.262965191154528,4.0,2051,2061,2055
74,3734.4701809677485,6,36.851868227672995,182.48609043621056,13.262965191154528,4.0,2051,2061,2056
74,3734.4701809677485,6,36.851868227672995,182.48609043621056,13.262965191154528,4.0,2051,2061,2057
74,3734.4701809677485,6,36.851868227672995,182.48609043621056,13.262965191154528,4.0,2051,2061,2058
74,3734.4701809677485,6,36.851868227672995,182.48609043621056,13.262965191154528,4.0,2051,2061,2059
74,3734.4701809677485,6,36.851868227672995,182.48609043621056,13.262965191154528,4.0,2051,2061,2060
75,9480.369606695042,1,79.96675856174622,190.65537954814798,12.006260832145674,19.0,2010,2028,2010
75,9480.369606695042,1,79.96675856174622,190.65537954814798,12.006260832145674,19.0,2010,2028,2011
75,9480.369606695042,1,79.96675856174622,190.65537954814798,12.006260832145674,19.0,2010,2028,2012
75,9480.369606695042,1,79.96675856174622,190.65537954814798,12.006260832145674,19.0,2010,2028,2013
75,9480.369606695042,1,79.96675856174622,190.65537954814798,12.006260832145674,19.0,2010,2028,2014
75,9480.369606695042,1,79.96675856174622,190.65537954814798,12.006260832145674,19.0,2010,2028,2015
75,9480.369606695042,1,79.96675856174622,190.65537954814798,12.006260832145674,19.0,2010,2028,2016
75,9480.369606695042,1,79.96675856174622,190.65537954814798,12.006260832145674,19.0,2010,2028,2017
75,9480.369606695042,1,79.96675856174622,190.65537954814798,12.006260832145674,19.0,2010,2028,2018
75,9480.369606695042,1,79.96675856174622,190.65537954814798,12.006260832145674,19.0,2010,2028,2019
75,9480.369606695042,1,79.96675856174622,190.65537954814798,12.006260832145674,19.0,2010,2028,2020
75,9480.369606695042,1,79.96675856174622,190.65537954814798,12.006260832145674,19.0,2010,2028,2021
75,9480.369606695042,1,79.96675856174622,190.65537954814798,12.006260832145674,19.0,2010,2028,2022
75,9480.369606695042,1,79.96675856174622,190.65537954814798,12.006260832145674,19.0,2010,2028,2023
75,9480.369606695042,1,79.96675856174622,190.65537954814798,12.006260832145674,19.0,2010,2028,2024
75,9480.369606695042,1,79.96675856174622,190.65537954814798,12.006260832145674,19.0,2010,2028,2025
75,9480.369606695042,1,79.96675856174622,190.65537954814798,12.006260832145674,19.0,2010,2028,2026
75,9480.369606695042,1,79.96675856174622,190.65537954814798,12.006260832145674,19.0,2010,2028,2027
75,5042.899293805665,2,58.038702535834034,175.8777204448445,11.021076704964976,5.0,2029,2033,2029
75,5042.899293805665,2,58.038702535834034,175.8777204448445,11.021076704964976,5.0,2029,2033,2030
75,5042.899293805665,2,58.038702535834034,175.8777204448445,11.021076704964976,5.0,2029,2033,2031
75,5042.899293805665,2,58.038702535834034,175.8777204448445,11.021076704964976,5.0,2029,2033,2032
75,4808.455704457192,3,61.283183194844625,195.92720895191167,15.997042460400497,6.0,2034,2039,2034
75,4808.455704457192,3,61.283183194844625,195.92720895191167,15.997042460400497,6.0,2034,2039,2035
75,4808.455704457192,3,61.283183194844625,195.92720895191167,15.997042460400497,6.0,2034,2039,2036
75,4808.455704457192,3,61.283183194844625,195.92720895191167,15.997042460400497,6.0,2034,2039,2037
75,4808.455704457192,3,61.283183194844625,195.92720895191167,15.997042460400497,6.0,2034,2039,2038
75,5340.287397190886,4,55.02323902933912,178.4887729203591,13.169715748889393,5.0,2040,2044,2040
75,5340.287397190886,4,55.02323902933912,178.4887729203591,13.169715748889393,5.0,2040,2044,2041
75,5340.287397190886,4,55.02323902933912,178.4887729203591,13.169715748889393,5.0,2040,2044,2042
75,5340.287397190886,4,55.02323902933912,178.4887729203591,13.169715748889393,5.0,2040,2044,2043
75,3294.362104116068,5,40.98310979063566,178.4983262268434,11.67146035546404,4.0,2045,2048,2045
75,3294.362104116068,5,40.98310979063566,178.4983262268434,11.67146035546404,4.0,2045,2048,2046
75,3294.362104116068,5,40.98310979063566,178.4983262268434,11.67146035546404,4.0,2045,2048,2047
75,4624.419561457733,6,36.055997570787035,191.8574250018039,11.901364811881557,4.0,2049,2061,2049
75,4624.419561457733,6,36.055997570787035,191.8574250018039,11.901364811881557,4.0,2049,2061,2050
75,4624.419561457733,6,36.055997570787035,191.8574250018039,11.901364811881557,4.0,2049,2061,2051
75,4624.419561457733,6,36.055997570787035,191.8574250018039,11.901364811881557,4.0,2049,2061,2052
75,4624.419561457733,6,36.055997570787035,191.8574250018039,11.901364811881557,4.0,2049,2061,2053
75,4624.419561457733,6,36.055997570787035,191.8574250018039,11.901364811881557,4.0,2049,2061,2054
75,4624.419561457733,6,36.055997570787035,191.8574250018039,11.901364811881557,4.0,2049,2061,2055
75,4624.419561457733,6,36.055997570787035,191.8574250018039,11.901364811881557,4.0,2049,2061,2056
75,4624.419561457733,6,36.055997570787035,191.8574250018039,11.901364811881557,4.0,2049,2061,2057
75,4624.419561457733,6,36.055997570787035,191.8574250018039,11.901364811881557,4.0,2049,2061,2058
75,4624.419561457733,6,36.055997570787035,191.8574250018039,11.901364811881557,4.0,2049,2061,2059
75,4624.419561457733,6,36.055997570787035,191.8574250018039,11.901364811881557,4.0,2049,2061,2060
76,8667.722439270774,1,110.33814625994572,191.42933974563837,11.987175305821307,22.0,2010,2031,2010
76,8667.722439270774,1,110.33814625994572,191.42933974563837,11.987175305821307,22.0,2010,2031,2011
76,8667.722439270774,1,110.33814625994572,191.42933974563837,11.987175305821307,22.0,2010,2031,2012
76,8667.722439270774,1,110.33814625994572,191.42933974563837,11.987175305821307,22.0,2010,2031,2013
76,8667.722439270774,1,110.33814625994572,191.42933974563837,11.987175305821307,22.0,2010,2031,2014
76,8667.722439270774,1,110.33814625994572,191.42933974563837,11.987175305821307,22.0,2010,2031,2015
76,8667.722439270774,1,110.33814625994572,191.42933974563837,11.987175305821307,22.0,2010,2031,2016
76,8667.722439270774,1,110.33814625994572,191.42933974563837,11.987175305821307,22.0,2010,2031,2017
76,8667.722439270774,1,110.33814625994572,191.42933974563837,11.987175305821307,22.0,2010,2031,2018
76,8667.722439270774,1,110.33814625994572,191.42933974563837,11.987175305821307,22.0,2010,2031,2019
76,8667.722439270774,1,110.33814625994572,191.42933974563837,11.987175305821307,22.0,2010,2031,2020
76,8667.722439270774,1,110.33814625994572,191.42933974563837,11.987175305821307,22.0,2010,2031,2021
76,8667.722439270774,1,110.33814625994572,191.42933974563837,11.987175305821307,22.0,2010,2031,2022
76,8667.722439270774,1,110.33814625994572,191.42933974563837,11.987175305821307,22.0,2010,2031,2023
76,8667.722439270774,1,110.33814625994572,191.42933974563837,11.987175305821307,22.0,2010,2031,2024
76,8667.722439270774,1,110.33814625994572,191.42933974563837,11.987175305821307,22.0,2010,2031,2025
76,8667.722439270774,1,110.33814625994572,191.42933974563837,11.987175305821307,22.0,2010,2031,2026
76,8667.722439270774,1,110.33814625994572,191.42933974563837,11.987175305821307,22.0,2010,2031,2027
76,8667.722439270774,1,110.33814625994572,191.42933974563837,11.987175305821307,22.0,2010,2031,2028
76,8667.722439270774,1,110.33814625994572,191.42933974563837,11.987175305821307,22.0,2010,2031,2029
76,8667.722439270774,1,110.33814625994572,191.42933974563837,11.987175305821307,22.0,2010,2031,2030
76,7261.781798907246,2,74.68579962385407,196.03749440798867,10.261678054888865,7.0,2032,2038,2032
76,7261.781798907246,2,74.68579962385407,196.03749440798867,10.261678054888865,7.0,2032,2038,2033
76,7261.781798907246,2,74.68579962385407,196.03749440798867,10.261678054888865,7.0,2032,2038,2034
76,7261.781798907246,2,74.68579962385407,196.03749440798867,10.261678054888865,7.0,2032,2038,2035
76,7261.781798907246,2,74.68579962385407,196.03749440798867,10.261678054888865,7.0,2032,2038,2036
76,7261.781798907246,2,74.68579962385407,196.03749440798867,10.261678054888865,7.0,2032,2038,2037
76,4365.981780572321,3,48.486776626587016,189.87198039799148,10.541661474857738,5.0,2039,2043,2039
76,4365.981780572321,3,48.486776626587016,189.87198039799148,10.541661474857738,5.0,2039,2043,2040
76,4365.981780572321,3,48.486776626587016,189.87198039799148,10.541661474857738,5.0,2039,2043,2041
76,4365.981780572321,3,48.486776626587016,189.87198039799148,10.541661474857738,5.0,2039,2043,2042
76,4203.253209514189,4,42.980336421393595,204.67757283057816,15.448883636632477,4.0,2044,2047,2044
76,4203.253209514189,4,42.980336421393595,204.67757283057816,15.448883636632477,4.0,2044,2047,2045
76,4203.253209514189,4,42.980336421393595,204.67757283057816,15.448883636632477,4.0,2044,2047,2046
76,4020.042482307957,5,46.94598109843305,193.4801252015587,9.703195985481937,4.0,2048,2051,2048
76,4020.042482307957,5,46.94598109843305,193.4801252015587,9.703195985481937,4.0,2048,2051,2049
76,4020.042482307957,5,46.94598109843305,193.4801252015587,9.703195985481937,4.0,2048,2051,2050
76,3739.807065861229,6,35.8823637896073,176.88989050030528,13.267795403247916,3.0,2052,2061,2052
76,3739.807065861229,6,35.8823637896073,176.88989050030528,13.267795403247916,3.0,2052,2061,2053
76,3739.807065861229,6,35.8823637896073,176.88989050030528,13.267795403247916,3.0,2052,2061,2054
76,3739.807065861229,6,35.8823637896073,176.88989050030528,13.267795403247916,3.0,2052,2061,2055
76,3739.807065861229,6,35.8823637896073,176.88989050030528,13.267795403247916,3.0,2052,2061,2056
76,3739.807065861229,6,35.8823637896073,176.88989050030528,13.267795403247916,3.0,2052,2061,2057
76,3739.807065861229,6,35.8823637896073,176.88989050030528,13.267795403247916,3.0,2052,2061,2058
76,3739.807065861229,6,35.8823637896073,176.88989050030528,13.267795403247916,3.0,2052,2061,2059
76,3739.807065861229,6,35.8823637896073,176.88989050030528,13.267795403247916,3.0,2052,2061,2060
77,10346.645686762686,1,88.886441283993,162.81093423845704,10.424512757110165,20.0,2010,2029,2010
77,10346.645686762686,1,88.886441283993,162.81093423845704,10.424512757110165,20.0,2010,2029,2011
77,10346.645686762686,1,88.886441283993,162.81093423845704,10.424512757110165,20.0,2010,2029,2012
77,10346.645686762686,1,88.886441283993,162.81093423845704,10.424512757110165,20.0,2010,2029,2013
77,10346.645686762686,1,88.886441283993,162.81093423845704,10.424512757110165,20.0,2010,2029,2014
77,10346.645686762686,1,88.886441283993,162.81093423845704,10.424512757110165,20.0,2010,2029,2015
77,10346.645686762686,1,88.886441283993,162.81093423845704,10.424512757110165,20.0,2010,2029,2016
77,10346.645686762686,1,88.886441283993,162.81093423845704,10.424512757110165,20.0,2010,2029,2017
77,10346.645686762686,1,88.886441283993,162.81093423845704,10.424512757110165,20.0,2010,2029,2018
77,10346.645686762686,1,88.886441283993,162.81093423845704,10.424512757110165,20.0,2010,2029,2019
77,10346.645686762686,1,88.886441283993,162.81093423845704,10.424512757110165,20.0,2010,2029,2020
77,10346.645686762686,1,88.886441283993,162.81093423845704,10.424512757110165,20.0,2010,2029,2021
77,10346.645686762686,1,88.886441283993,162.81093423845704,10.424512757110165,20.0,2010,2029,2022
77,10346.645686762686,1,88.886441283993,162.81093423845704,10.424512757110165,20.0,2010,2029,2023
77,10346.645686762686,1,88.886441283993,162.81093423845704,10.424512757110165,20.0,2010,2029,2024
77,10346.645686762686,1,88.886441283993,162.81093423845704,10.424512757110165,20.0,2010,2029,2025
77,10346.645686762686,1,88.886441283993,162.81093423845704,10.424512757110165,20.0,2010,2029,2026
77,10346.645686762686,1,88.886441283993,162.81093423845704,10.424512757110165,20.0,2010,2029,2027
77,10346.645686762686,1,88.886441283993,162.81093423845704,10.424512757110165,20.0,2010,2029,2028
77,5112.891791815364,2,70.77230046281733,182.5711528309923,10.408559572596907,6.0,2030,2035,2030
77,5112.891791815364,2,70.77230046281733,182.5711528309923,10.408559572596907,6.0,2030,2035,2031
77,5112.891791815364,2,70.77230046281733,182.5711528309923,10.408559572596907,6.0,2030,2035,2032
77,5112.891791815364,2,70.77230046281733,182.5711528309923,10.408559572596907,6.0,2030,2035,2033
77,5112.891791815364,2,70.77230046281733,182.5711528309923,10.408559572596907,6.0,2030,2035,2034
77,4780.695403754741,3,57.40758447134835,205.60076847286257,14.214718131314196,5.0,2036,2040,2036
77,4780.695403754741,3,57.40758447134835,205.60076847286257,14.214718131314196,5.0,2036,2040,2037
77,4780.695403754741,3,57.40758447134835,205.60076847286257,14.214718131314196,5.0,2036,2040,2038
77,4780.695403754741,3,57.40758447134835,205.60076847286257,14.214718131314196,5.0,2036,2040,2039
77,4230.647206286549,4,54.118299013114964,167.89036699575038,15.919013422804182,5.0,2041,2045,2041
77,4230.647206286549,4,54.118299013114964,167.89036699575038,15.919013422804182,5.0,2041,2045,2042
77,4230.647206286549,4,54.118299013114964,167.89036699575038,15.919013422804182,5.0,2041,2045,2043
77,4230.647206286549,4,54.118299013114964,167.89036699575038,15.919013422804182,5.0,2041,2045,2044
77,3488.0937631056117,5,38.28554519906687,171.76264783218087,12.854336014060864,4.0,2046,2049,2046
77,3488.0937631056117,5,38.28554519906687,171.76264783218087,12.854336014060864,4.0,2046,2049,2047
77,3488.0937631056117,5,38.28554519906687,171.76264783218087,12.854336014060864,4.0,2046,2049,2048
77,3942.8798626926355,6,49.041693586343584,177.6690713785584,11.637203847943375,5.0,2050,2061,2050
77,3942.8798626926355,6,49.041693586343584,177.6690713785584,11.637203847943375,5.0,2050,2061,2051
77,3942.8798626926355,6,49.041693586343584,177.6690713785584,11.637203847943375,5.0,2050,2061,2052
77,3942.8798626926355,6,49.041693586343584,177.6690713785584,11.637203847943375,5.0,2050,2061,2053
77,3942.8798626926355,6,49.041693586343584,177.6690713785584,11.637203847943375,5.0,2050,2061,2054
77,3942.8798626926355,6,49.041693586343584,177.6690713785584,11.637203847943375,5.0,2050,2061,2055
77,3942.8798626926355,6,49.041693586343584,177.6690713785584,11.637203847943375,5.0,2050,2061,2056
77,3942.8798626926355,6,49.041693586343584,177.6690713785584,11.637203847943375,5.0,2050,2061,2057
77,3942.8798626926355,6,49.041693586343584,177.6690713785584,11.637203847943375,5.0,2050,2061,2058
77,3942.8798626926355,6,49.041693586343584,177.6690713785584,11.637203847943375,5.0,2050,2061,2059
77,3942.8798626926355,6,49.041693586343584,177.6690713785584,11.637203847943375,5.0,2050,2061,2060
78,15441.754682665598,1,132.02351838282647,187.52818450689708,12.564684466610736,24.0,2010,2033,2010
78,15441.754682665598,1,132.02351838282647,187.52818450689708,12.564684466610736,24.0,2010,2033,2011
78,15441.754682665598,1,132.02351838282647,187.52818450689708,12.564684466610736,24.0,2010,2033,2012
78,15441.754682665598,1,132.02351838282647,187.52818450689708,12.564684466610736,24.0,2010,2033,2013
78,15441.754682665598,1,132.02351838282647,187.52818450689708,12.564684466610736,24.0,2010,2033,2014
78,15441.754682665598,1,132.02351838282647,187.52818450689708,12.564684466610736,24.0,2010,2033,2015
78,15441.754682665598,1,132.02351838282647,187.52818450689708,12.564684466610736,24.0,2010,2033,2016
78,15441.754682665598,1,132.02351838282647,187.52818450689708,12.564684466610736,24.0,2010,2033,2017
78,15441.754682665598,1,132.02351838282647,187.52818450689708,12.564684466610736,24.0,2010,2033,2018
78,15441.754682665598,1,132.02351838282647,187.52818450689708,12.564684466610736,24.0,2010,2033,2019
78,15441.754682665598,1,132.02351838282647,187.52818450689708,12.564684466610736,24.0,2010,2033,2020
78,15441.754682665598,1,132.02351838282647,187.52818450689708,12.564684466610736,24.0,2010,2033,2021
78,15441.754682665598,1,132.02351838282647,187.52818450689708,12.564684466610736,24.0,2010,2033,2022
78,15441.754682665598,1,132.02351838282647,187.52818450689708,12.564684466610736,24.0,2010,2033,2023
78,15441.754682665598,1,132.02351838282647,187.52818450689708,12.564684466610736,24.0,2010,2033,2024
78,15441.754682665598,1,132.02351838282647,187.52818450689708,12.564684466610736,24.0,2010,2033,2025
78,15441.754682665598,1,132.02351838282647,187.52818450689708,12.564684466610736,24.0,2010,2033,2026
78,15441.754682665598,1,132.02351838282647,187.52818450689708,12.564684466610736,24.0,2010,2033,2027
78,15441.754682665598,1,132.02351838282647,187.52818450689708,12.564684466610736,24.0,2010,2033,2028
78,15441.754682665598,1,132.02351838282647,187.52818450689708,12.564684466610736,24.0,2010,2033,2029
78,15441.754682665598,1,132.02351838282647,187.52818450689708,12.564684466610736,24.0,2010,2033,2030
78,15441.754682665598,1,132.02351838282647,187.52818450689708,12.564684466610736,24.0,2010,2033,2031
78,15441.754682665598,1,132.02351838282647,187.52818450689708,12.564684466610736,24.0,2010,2033,2032
78,4872.380859653261,2,59.475041863992935,158.44094713598395,13.234916673696459,5.0,2034,2038,2034
78,4872.380859653261,2,59.475041863992935,158.44094713598395,13.234916673696459,5.0,2034,2038,2035
78,4872.380859653261,2,59.475041863992935,158.44094713598395,13.234916673696459,5.0,2034,2038,2036
78,4872.380859653261,2,59.475041863992935,158.44094713598395,13.234916673696459,5.0,2034,2038,2037
78,3946.004825018519,3,49.05633932086863,167.10145856021165,10.18775848720556,5.0,2039,2043,2039
78,3946.004825018519,3,49.05633932086863,167.10145856021165,10.18775848720556,5.0,2039,2043,2040
78,3946.004825018519,3,49.05633932086863,167.10145856021165,10.18775848720556,5.0,2039,2043,2041
78,3946.004825018519,3,49.05633932086863,167.10145856021165,10.18775848720556,5.0,2039,2043,2042
78,3842.601642843626,4,45.61654866379565,194.24733494680024,15.71799597846858,4.0,2044,2047,2044
78,3842.601642843626,4,45.61654866379565,194.24733494680024,15.71799597846858,4.0,2044,2047,2045
78,3842.601642843626,4,45.61654866379565,194.24733494680024,15.71799597846858,4.0,2044,2047,2046
78,4229.04618676185,5,47.07979621328727,179.258667873202,14.973179242296986,4.0,2048,2051,2048
78,4229.04618676185,5,47.07979621328727,179.258667873202,14.973179242296986,4.0,2048,2051,2049
78,4229.04618676185,5,47.07979621328727,179.258667873202,14.973179242296986,4.0,2048,2051,2050
78,4323.003042011795,6,40.02846818377388,171.60798172925854,11.364644732575345,4.0,2052,2061,2052
78,4323.003042011795,6,40.02846818377388,171.60798172925854,11.364644732575345,4.0,2052,2061,2053
78,4323.003042011795,6,40.02846818377388,171.60798172925854,11.364644732575345,4.0,2052,2061,2054
78,4323.003042011795,6,40.02846818377388,171.60798172925854,11.364644732575345,4.0,2052,2061,2055
78,4323.003042011795,6,40.02846818377388,171.60798172925854,11.364644732575345,4.0,2052,2061,2056
78,4323.003042011795,6,40.02846818377388,171.60798172925854,11.364644732575345,4.0,2052,2061,2057
78,4323.003042011795,6,40.02846818377388,171.60798172925854,11.364644732575345,4.0,2052,2061,2058
78,4323.003042011795,6,40.02846818377388,171.60798172925854,11.364644732575345,4.0,2052,2061,2059
78,4323.003042011795,6,40.02846818377388,171.60798172925854,11.364644732575345,4.0,2052,2061,2060
79,15215.602896808872,1,123.13618153584963,213.863153550661,11.979276877371897,23.0,2010,2032,2010
79,15215.602896808872,1,123.13618153584963,213.863153550661,11.979276877371897,23.0,2010,2032,2011
79,15215.602896808872,1,123.13618153584963,213.863153550661,11.979276877371897,23.0,2010,2032,2012
79,15215.602896808872,1,123.13618153584963,213.863153550661,11.979276877371897,23.0,2010,2032,2013
79,15215.602896808872,1,123.13618153584963,213.863153550661,11.979276877371897,23.0,2010,2032,2014
79,15215.602896808872,1,123.13618153584963,213.863153550661,11.979276877371897,23.0,2010,2032,2015
79,15215.602896808872,1,123.13618153584963,213.863153550661,11.979276877371897,23.0,2010,2032,2016
79,15215.602896808872,1,123.13618153584963,213.863153550661,11.979276877371897,23.0,2010,2032,2017
79,15215.602896808872,1,123.13618153584963,213.863153550661,11.979276877371897,23.0,2010,2032,2018
79,15215.602896808872,1,123.13618153584963,213.863153550661,11.979276877371897,23.0,2010,2032,2019
79,15215.602896808872,1,123.13618153584963,213.863153550661,11.979276877371897,23.0,2010,2032,2020
79,15215.602896808872,1,123.13618153584963,213.863153550661,11.979276877371897,23.0,2010,2032,2021
79,15215.602896808872,1,123.13618153584963,213.863153550661,11.979276877371897,23.0,2010,2032,2022
79,15215.602896808872,1,123.13618153584963,213.863153550661,11.979276877371897,23.0,2010,2032,2023
79,15215.602896808872,1,123.13618153584963,213.863153550661,11.979276877371897,23.0,2010,2032,2024
79,15215.602896808872,1,123.13618153584963,213.863153550661,11.979276877371897,23.0,2010,2032,2025
79,15215.602896808872,1,123.13618153584963,213.863153550661,11.979276877371897,23.0,2010,2032,2026
79,15215.602896808872,1,123.13618153584963,213.863153550661,11.979276877371897,23.0,2010,2032,2027
79,15215.602896808872,1,123.13618153584963,213.863153550661,11.979276877371897,23.0,2010,2032,2028
79,15215.602896808872,1,123.13618153584963,213.863153550661,11.979276877371897,23.0,2010,2032,2029
79,15215.602896808872,1,123.13618153584963,213.863153550661,11.979276877371897,23.0,2010,2032,2030
79,15215.602896808872,1,123.13618153584963,213.863153550661,11.979276877371897,23.0,2010,2032,2031
79,4691.67344824066,2,71.37060206718539,172.15443437061538,15.917215771998016,6.0,2033,2038,2033
79,4691.67344824066,2,71.37060206718539,172.15443437061538,15.917215771998016,6.0,2033,2038,2034
79,4691.67344824066,2,71.37060206718539,172.15443437061538,15.917215771998016,6.0,2033,2038,2035
79,4691.67344824066,2,71.37060206718539,172.15443437061538,15.917215771998016,6.0,2033,2038,2036
79,4691.67344824066,2,71.37060206718539,172.15443437061538,15.917215771998016,6.0,2033,2038,2037
79,3572.6891745997013,3,56.911600705838836,200.79960152638938,11.158483201226828,5.0,2039,2043,2039
79,3572.6891745997013,3,56.911600705838836,200.79960152638938,11.158483201226828,5.0,2039,2043,2040
79,3572.6891745997013,3,56.911600705838836,200.79960152638938,11.158483201226828,5.0,2039,2043,2041
79,3572.6891745997013,3,56.911600705838836,200.79960152638938,11.158483201226828,5.0,2039,2043,2042
79,3821.133586540347,4,40.68168202075454,189.118800943343,14.786738629009438,4.0,2044,2047,2044
79,3821.133586540347,4,40.68168202075454,189.118800943343,14.786738629009438,4.0,2044,2047,2045
79,3821.133586540347,4,40.68168202075454,189.118800943343,14.786738629009438,4.0,2044,2047,2046
79,4893.376212027124,5,47.659349471607605,207.0387268186634,10.62233210820857,4.0,2048,2051,2048
79,4893.376212027124,5,47.659349471607605,207.0387268186634,10.62233210820857,4.0,2048,2051,2049
79,4893.376212027124,5,47.659349471607605,207.0387268186634,10.62233210820857,4.0,2048,2051,2050
79,4062.514444966953,6,40.141182989507435,169.29256030586222,13.835396804172177,4.0,2052,2061,2052
79,4062.514444966953,6,40.141182989507435,169.29256030586222,13.835396804172177,4.0,2052,2061,2053
79,4062.514444966953,6,40.141182989507435,169.29256030586222,13.835396804172177,4.0,2052,2061,2054
79,4062.514444966953,6,40.141182989507435,169.29256030586222,13.835396804172177,4.0,2052,2061,2055
79,4062.514444966953,6,40.141182989507435,169.29256030586222,13.835396804172177,4.0,2052,2061,2056
79,4062.514444966953,6,40.141182989507435,169.29256030586222,13.835396804172177,4.0,2052,2061,2057
79,4062.514444966953,6,40.141182989507435,169.29256030586222,13.835396804172177,4.0,2052,2061,2058
79,4062.514444966953,6,40.141182989507435,169.29256030586222,13.835396804172177,4.0,2052,2061,2059
79,4062.514444966953,6,40.141182989507435,169.29256030586222,13.835396804172177,4.0,2052,2061,2060
80,6991.715215023412,1,96.89866941426207,207.13418441863075,11.990692689182739,21.0,2010,2030,2010
80,6991.715215023412,1,96.89866941426207,207.13418441863075,11.990692689182739,21.0,2010,2030,2011
80,6991.715215023412,1,96.89866941426207,207.13418441863075,11.990692689182739,21.0,2010,2030,2012
80,6991.715215023412,1,96.89866941426207,207.13418441863075,11.990692689182739,21.0,2010,2030,2013
80,6991.715215023412,1,96.89866941426207,207.13418441863075,11.990692689182739,21.0,2010,2030,2014
80,6991.715215023412,1,96.89866941426207,207.13418441863075,11.990692689182739,21.0,2010,2030,2015
80,6991.715215023412,1,96.89866941426207,207.13418441863075,11.990692689182739,21.0,2010,2030,2016
80,6991.715215023412,1,96.89866941426207,207.13418441863075,11.990692689182739,21.0,2010,2030,2017
80,6991.715215023412,1,96.89866941426207,207.13418441863075,11.990692689182739,21.0,2010,2030,2018
80,6991.715215023412,1,96.89866941426207,207.13418441863075,11.990692689182739,21.0,2010,2030,2019
80,6991.715215023412,1,96.89866941426207,207.13418441863075,11.990692689182739,21.0,2010,2030,2020
80,6991.715215023412,1,96.89866941426207,207.13418441863075,11.990692689182739,21.0,2010,2030,2021
80,6991.715215023412,1,96.89866941426207,207.13418441863075,11.990692689182739,21.0,2010,2030,2022
80,6991.715215023412,1,96.89866941426207,207.13418441863075,11.990692689182739,21.0,2010,2030,2023
80,6991.715215023412,1,96.89866941426207,207.13418441863075,11.990692689182739,21.0,2010,2030,2024
80,6991.715215023412,1,96.89866941426207,207.13418441863075,11.990692689182739,21.0,2010,2030,2025
80,6991.715215023412,1,96.89866941426207,207.13418441863075,11.990692689182739,21.0,2010,2030,2026
80,6991.715215023412,1,96.89866941426207,207.13418441863075,11.990692689182739,21.0,2010,2030,2027
80,6991.715215023412,1,96.89866941426207,207.13418441863075,11.990692689182739,21.0,2010,2030,2028
80,6991.715215023412,1,96.89866941426207,207.13418441863075,11.990692689182739,21.0,2010,2030,2029
80,5525.91699298087,2,58.20450824372718,166.72117226503633,13.52492622329343,5.0,2031,2035,2031
80,5525.91699298087,2,58.20450824372718,166.72117226503633,13.52492622329343,5.0,2031,2035,2032
80,5525.91699298087,2,58.20450824372718,166.72117226503633,13.52492622329343,5.0,2031,2035,2033
80,5525.91699298087,2,58.20450824372718,166.72117226503633,13.52492622329343,5.0,2031,2035,2034
80,3689.612776648291,3,58.91714975570374,184.55124891211332,11.941565144586871,5.0,2036,2040,2036
80,3689.612776648291,3,58.91714975570374,184.55124891211332,11.941565144586871,5.0,2036,2040,2037
80,3689.612776648291,3,58.91714975570374,184.55124891211332,11.941565144586871,5.0,2036,2040,2038
80,3689.612776648291,3,58.91714975570374,184.55124891211332,11.941565144586871,5.0,2036,2040,2039
80,3759.392525091494,4,55.341317117489645,206.32080930904502,13.417546460387864,5.0,2041,2045,2041
80,3759.392525091494,4,55.341317117489645,206.32080930904502,13.417546460387864,5.0,2041,2045,2042
80,3759.392525091494,4,55.341317117489645,206.32080930904502,13.417546460387864,5.0,2041,2045,2043
80,3759.392525091494,4,55.341317117489645,206.32080930904502,13.417546460387864,5.0,2041,2045,2044
80,4914.0572569773,5,39.25716451964128,180.1366786564832,14.415238018656789,4.0,2046,2049,2046
80,4914.0572569773,5,39.25716451964128,180.1366786564832,14.415238018656789,4.0,2046,2049,2047
80,4914.0572569773,5,39.25716451964128,180.1366786564832,14.415238018656789,4.0,2046,2049,2048
80,4151.509795634006,6,48.90312722466174,163.59844952500669,12.471526081325251,5.0,2050,2061,2050
80,4151.509795634006,6,48.90312722466174,163.59844952500669,12.471526081325251,5.0,2050,2061,2051
80,4151.509795634006,6,48.90312722466174,163.59844952500669,12.471526081325251,5.0,2050,2061,2052
80,4151.509795634006,6,48.90312722466174,163.59844952500669,12.471526081325251,5.0,2050,2061,2053
80,4151.509795634006,6,48.90312722466174,163.59844952500669,12.471526081325251,5.0,2050,2061,2054
80,4151.509795634006,6,48.90312722466174,163.59844952500669,12.471526081325251,5.0,2050,2061,2055
80,4151.509795634006,6,48.90312722466174,163.59844952500669,12.471526081325251,5.0,2050,2061,2056
80,4151.509795634006,6,48.90312722466174,163.59844952500669,12.471526081325251,5.0,2050,2061,2057
80,4151.509795634006,6,48.90312722466174,163.59844952500669,12.471526081325251,5.0,2050,2061,2058
80,4151.509795634006,6,48.90312722466174,163.59844952500669,12.471526081325251,5.0,2050,2061,2059
80,4151.509795634006,6,48.90312722466174,163.59844952500669,12.471526081325251,5.0,2050,2061,2060
81,7249.1982626926365,1,87.89861035452977,174.7163971354936,9.552327350718553,20.0,2010,2029,2010
81,7249.1982626926365,1,87.89861035452977,174.7163971354936,9.552327350718553,20.0,2010,2029,2011
81,7249.1982626926365,1,87.89861035452977,174.7163971354936,9.552327350718553,20.0,2010,2029,2012
81,7249.1982626926365,1,87.89861035452977,174.7163971354936,9.552327350718553,20.0,2010,2029,2013
81,7249.1982626926365,1,87.89861035452977,174.7163971354936,9.552327350718553,20.0,2010,2029,2014
81,7249.1982626926365,1,87.89861035452977,174.7163971354936,9.552327350718553,20.0,2010,2029,2015
81,7249.1982626926365,1,87.89861035452977,174.7163971354936,9.552327350718553,20.0,2010,2029,2016
81,7249.1982626926365,1,87.89861035452977,174.7163971354936,9.552327350718553,20.0,2010,2029,2017
81,7249.1982626926365,1,87.89861035452977,174.7163971354936,9.552327350718553,20.0,2010,2029,2018
81,7249.1982626926365,1,87.89861035452977,174.7163971354936,9.552327350718553,20.0,2010,2029,2019
81,7249.1982626926365,1,87.89861035452977,174.7163971354936,9.552327350718553,20.0,2010,2029,2020
81,7249.1982626926365,1,87.89861035452977,174.7163971354936,9.552327350718553,20.0,2010,2029,2021
81,7249.1982626926365,1,87.89861035452977,174.7163971354936,9.552327350718553,20.0,2010,2029,2022
81,7249.1982626926365,1,87.89861035452977,174.7163971354936,9.552327350718553,20.0,2010,2029,2023
81,7249.1982626926365,1,87.89861035452977,174.7163971354936,9.552327350718553,20.0,2010,2029,2024
81,7249.1982626926365,1,87.89861035452977,174.7163971354936,9.552327350718553,20.0,2010,2029,2025
81,7249.1982626926365,1,87.89861035452977,174.7163971354936,9.552327350718553,20.0,2010,2029,2026
81,7249.1982626926365,1,87.89861035452977,174.7163971354936,9.552327350718553,20.0,2010,2029,2027
81,7249.1982626926365,1,87.89861035452977,174.7163971354936,9.552327350718553,20.0,2010,2029,2028
81,4639.761598908678,2,72.8522624234224,179.61306561456212,11.571466614968909,7.0,2030,2036,2030
81,4639.761598908678,2,72.8522624234224,179.61306561456212,11.571466614968909,7.0,2030,2036,2031
81,4639.761598908678,2,72.8522624234224,179.61306561456212,11.571466614968909,7.0,2030,2036,2032
81,4639.761598908678,2,72.8522624234224,179.61306561456212,11.571466614968909,7.0,2030,2036,2033
81,4639.761598908678,2,72.8522624234224,179.61306561456212,11.571466614968909,7.0,2030,2036,2034
81,4639.761598908678,2,72.8522624234224,179.61306561456212,11.571466614968909,7.0,2030,2036,2035
81,4483.056658047658,3,58.21538337431772,178.3121366800831,13.126232592259342,5.0,2037,2041,2037
81,4483.056658047658,3,58.21538337431772,178.3121366800831,13.126232592259342,5.0,2037,2041,2038
81,4483.056658047658,3,58.21538337431772,178.3121366800831,13.126232592259342,5.0,2037,2041,2039
81,4483.056658047658,3,58.21538337431772,178.3121366800831,13.126232592259342,5.0,2037,2041,2040
81,3338.1775955712765,4,47.874555971721826,193.48960094125673,12.050739771946468,4.0,2042,2045,2042
81,3338.1775955712765,4,47.874555971721826,193.48960094125673,12.050739771946468,4.0,2042,2045,2043
81,3338.1775955712765,4,47.874555971721826,193.48960094125673,12.050739771946468,4.0,2042,2045,2044
81,2663.528428477553,5,37.15226022775511,177.2488560140355,13.20146555312601,4.0,2046,2049,2046
81,2663.528428477553,5,37.15226022775511,177.2488560140355,13.20146555312601,4.0,2046,2049,2047
81,2663.528428477553,5,37.15226022775511,177.2488560140355,13.20146555312601,4.0,2046,2049,2048
81,3684.229378369478,6,48.02884938074758,178.2082656910899,14.162194664305536,5.0,2050,2061,2050
81,3684.229378369478,6,48.02884938074758,178.2082656910899,14.162194664305536,5.0,2050,2061,2051
81,3684.229378369478,6,48.02884938074758,178.2082656910899,14.162194664305536,5.0,2050,2061,2052
81,3684.229378369478,6,48.02884938074758,178.2082656910899,14.162194664305536,5.0,2050,2061,2053
81,3684.229378369478,6,48.02884938074758,178.2082656910899,14.162194664305536,5.0,2050,2061,2054
81,3684.229378369478,6,48.02884938074758,178.2082656910899,14.162194664305536,5.0,2050,2061,2055
81,3684.229378369478,6,48.02884938074758,178.2082656910899,14.162194664305536,5.0,2050,2061,2056
81,3684.229378369478,6,48.02884938074758,178.2082656910899,14.162194664305536,5.0,2050,2061,2057
81,3684.229378369478,6,48.02884938074758,178.2082656910899,14.162194664305536,5.0,2050,2061,2058
81,3684.229378369478,6,48.02884938074758,178.2082656910899,14.162194664305536,5.0,2050,2061,2059
81,3684.229378369478,6,48.02884938074758,178.2082656910899,14.162194664305536,5.0,2050,2061,2060
82,8318.162841610261,1,92.09609701463008,177.55824208148078,12.992957104066393,20.0,2010,2029,2010
82,8318.162841610261,1,92.09609701463008,177.55824208148078,12.992957104066393,20.0,2010,2029,2011
82,8318.162841610261,1,92.09609701463008,177.55824208148078,12.992957104066393,20.0,2010,2029,2012
82,8318.162841610261,1,92.09609701463008,177.55824208148078,12.992957104066393,20.0,2010,2029,2013
82,8318.162841610261,1,92.09609701463008,177.55824208148078,12.992957104066393,20.0,2010,2029,2014
82,8318.162841610261,1,92.09609701463008,177.55824208148078,12.992957104066393,20.0,2010,2029,2015
82,8318.162841610261,1,92.09609701463008,177.55824208148078,12.992957104066393,20.0,2010,2029,2016
82,8318.162841610261,1,92.09609701463008,177.55824208148078,12.992957104066393,20.0,2010,2029,2017
82,8318.162841610261,1,92.09609701463008,177.55824208148078,12.992957104066393,20.0,2010,2029,2018
82,8318.162841610261,1,92.09609701463008,177.55824208148078,12.992957104066393,20.0,2010,2029,2019
82,8318.162841610261,1,92.09609701463008,177.55824208148078,12.992957104066393,20.0,2010,2029,2020
82,8318.162841610261,1,92.09609701463008,177.55824208148078,12.992957104066393,20.0,2010,2029,2021
82,8318.162841610261,1,92.09609701463008,177.55824208148078,12.992957104066393,20.0,2010,2029,2022
82,8318.162841610261,1,92.09609701463008,177.55824208148078,12.992957104066393,20.0,2010,2029,2023
82,8318.162841610261,1,92.09609701463008,177.55824208148078,12.992957104066393,20.0,2010,2029,2024
82,8318.162841610261,1,92.09609701463008,177.55824208148078,12.992957104066393,20.0,2010,2029,2025
82,8318.162841610261,1,92.09609701463008,177.55824208148078,12.992957104066393,20.0,2010,2029,2026
82,8318.162841610261,1,92.09609701463008,177.55824208148078,12.992957104066393,20.0,2010,2029,2027
82,8318.162841610261,1,92.09609701463008,177.55824208148078,12.992957104066393,20.0,2010,2029,2028
82,6486.790413919108,2,76.36143723695346,193.25078450696975,11.913012874720017,7.0,2030,2036,2030
82,6486.790413919108,2,76.36143723695346,193.25078450696975,11.913012874720017,7.0,2030,2036,2031
82,6486.790413919108,2,76.36143723695346,193.25078450696975,11.913012874720017,7.0,2030,2036,2032
82,6486.790413919108,2,76.36143723695346,193.25078450696975,11.913012874720017,7.0,2030,2036,2033
82,6486.790413919108,2,76.36143723695346,193.25078450696975,11.913012874720017,7.0,2030,2036,2034
82,6486.790413919108,2,76.36143723695346,193.25078450696975,11.913012874720017,7.0,2030,2036,2035
82,3891.612065264162,3,59.31968310760577,183.13696232599943,9.790318436287338,5.0,2037,2041,2037
82,3891.612065264162,3,59.31968310760577,183.13696232599943,9.790318436287338,5.0,2037,2041,2038
82,3891.612065264162,3,59.31968310760577,183.13696232599943,9.790318436287338,5.0,2037,2041,2039
82,3891.612065264162,3,59.31968310760577,183.13696232599943,9.790318436287338,5.0,2037,2041,2040
82,4975.960722694446,4,50.94783332382017,206.79785317798087,13.483923724201064,5.0,2042,2046,2042
82,4975.960722694446,4,50.94783332382017,206.79785317798087,13.483923724201064,5.0,2042,2046,2043
82,4975.960722694446,4,50.94783332382017,206.79785317798087,13.483923724201064,5.0,2042,2046,2044
82,4975.960722694446,4,50.94783332382017,206.79785317798087,13.483923724201064,5.0,2042,2046,2045
82,3696.5523348964757,5,48.849958849566825,202.50922504265083,11.177521287284993,5.0,2047,2051,2047
82,3696.5523348964757,5,48.849958849566825,202.50922504265083,11.177521287284993,5.0,2047,2051,2048
82,3696.5523348964757,5,48.849958849566825,202.50922504265083,11.177521287284993,5.0,2047,2051,2049
82,3696.5523348964757,5,48.849958849566825,202.50922504265083,11.177521287284993,5.0,2047,2051,2050
82,4573.450183513878,6,48.808134866508766,160.99168750602948,14.579992605639678,5.0,2052,2061,2052
82,4573.450183513878,6,48.808134866508766,160.99168750602948,14.579992605639678,5.0,2052,2061,2053
82,4573.450183513878,6,48.808134866508766,160.99168750602948,14.579992605639678,5.0,2052,2061,2054
82,4573.450183513878,6,48.808134866508766,160.99168750602948,14.579992605639678,5.0,2052,2061,2055
82,4573.450183513878,6,48.808134866508766,160.99168750602948,14.579992605639678,5.0,2052,2061,2056
82,4573.450183513878,6,48.808134866508766,160.99168750602948,14.579992605639678,5.0,2052,2061,2057
82,4573.450183513878,6,48.808134866508766,160.99168750602948,14.579992605639678,5.0,2052,2061,2058
82,4573.450183513878,6,48.808134866508766,160.99168750602948,14.579992605639678,5.0,2052,2061,2059
82,4573.450183513878,6,48.808134866508766,160.99168750602948,14.579992605639678,5.0,2052,2061,2060
83,10458.030272046131,1,107.98514394095218,212.8051563354685,10.571561398474046,21.0,2010,2030,2010
83,10458.030272046131,1,107.98514394095218,212.8051563354685,10.571561398474046,21.0,2010,2030,2011
83,10458.030272046131,1,107.98514394095218,212.8051563354685,10.571561398474046,21.0,2010,2030,2012
83,10458.030272046131,1,107.98514394095218,212.8051563354685,10.571561398474046,21.0,2010,2030,2013
83,10458.030272046131,1,107.98514394095218,212.8051563354685,10.571561398474046,21.0,2010,2030,2014
83,10458.030272046131,1,107.98514394095218,212.8051563354685,10.571561398474046,21.0,2010,2030,2015
83,10458.030272046131,1,107.98514394095218,212.8051563354685,10.571561398474046,21.0,2010,2030,2016
83,10458.030272046131,1,107.98514394095218,212.8051563354685,10.571561398474046,21.0,2010,2030,2017
83,10458.030272046131,1,107.98514394095218,212.8051563354685,10.571561398474046,21.0,2010,2030,2018
83,10458.030272046131,1,107.98514394095218,212.8051563354685,10.571561398474046,21.0,2010,2030,2019
83,10458.030272046131,1,107.98514394095218,212.8051563354685,10.571561398474046,21.0,2010,2030,2020
83,10458.030272046131,1,107.98514394095218,212.8051563354685,10.571561398474046,21.0,2010,2030,2021
83,10458.030272046131,1,107.98514394095218,212.8051563354685,10.571561398474046,21.0,2010,2030,2022
83,10458.030272046131,1,107.98514394095218,212.8051563354685,10.571561398474046,21.0,2010,2030,2023
83,10458.030272046131,1,107.98514394095218,212.8051563354685,10.571561398474046,21.0,2010,2030,2024
83,10458.030272046131,1,107.98514394095218,212.8051563354685,10.571561398474046,21.0,2010,2030,2025
83,10458.030272046131,1,107.98514394095218,212.8051563354685,10.571561398474046,21.0,2010,2030,2026
83,10458.030272046131,1,107.98514394095218,212.8051563354685,10.571561398474046,21.0,2010,2030,2027
83,10458.030272046131,1,107.98514394095218,212.8051563354685,10.571561398474046,21.0,2010,2030,2028
83,10458.030272046131,1,107.98514394095218,212.8051563354685,10.571561398474046,21.0,2010,2030,2029
83,4849.642301987669,2,70.70085288055513,178.21470613960076,12.660254167393008,6.0,2031,2036,2031
83,4849.642301987669,2,70.70085288055513,178.21470613960076,12.660254167393008,6.0,2031,2036,2032
83,4849.642301987669,2,70.70085288055513,178.21470613960076,12.660254167393008,6.0,2031,2036,2033
83,4849.642301987669,2,70.70085288055513,178.21470613960076,12.660254167393008,6.0,2031,2036,2034
83,4849.642301987669,2,70.70085288055513,178.21470613960076,12.660254167393008,6.0,2031,2036,2035
83,5772.5382982104875,3,60.67674002309323,203.63455097047014,16.25503901675035,6.0,2037,2042,2037
83,5772.5382982104875,3,60.67674002309323,203.63455097047014,16.25503901675035,6.0,2037,2042,2038
83,5772.5382982104875,3,60.67674002309323,203.63455097047014,16.25503901675035,6.0,2037,2042,2039
83,5772.5382982104875,3,60.67674002309323,203.63455097047014,16.25503901675035,6.0,2037,2042,2040
83,5772.5382982104875,3,60.67674002309323,203.63455097047014,16.25503901675035,6.0,2037,2042,2041
83,3159.6140731569026,4,51.24038780565252,170.41837042891603,11.338537391818766,5.0,2043,2047,2043
83,3159.6140731569026,4,51.24038780565252,170.41837042891603,11.338537391818766,5.0,2043,2047,2044
83,3159.6140731569026,4,51.24038780565252,170.41837042891603,11.338537391818766,5.0,2043,2047,2045
83,3159.6140731569026,4,51.24038780565252,170.41837042891603,11.338537391818766,5.0,2043,2047,2046
83,3620.570627803121,5,49.4968527696366,198.11156424453276,16.01097674944239,5.0,2048,2052,2048
83,3620.570627803121,5,49.4968527696366,198.11156424453276,16.01097674944239,5.0,2048,2052,2049
83,3620.570627803121,5,49.4968527696366,198.11156424453276,16.01097674944239,5.0,2048,2052,2050
83,3620.570627803121,5,49.4968527696366,198.11156424453276,16.01097674944239,5.0,2048,2052,2051
83,3179.1003357278582,6,46.0294803810056,179.54324140447733,12.24620714920364,4.0,2053,2061,2053
83,3179.1003357278582,6,46.0294803810056,179.54324140447733,12.24620714920364,4.0,2053,2061,2054
83,3179.1003357278582,6,46.0294803810056,179.54324140447733,12.24620714920364,4.0,2053,2061,2055
83,3179.1003357278582,6,46.0294803810056,179.54324140447733,12.24620714920364,4.0,2053,2061,2056
83,3179.1003357278582,6,46.0294803810056,179.54324140447733,12.24620714920364,4.0,2053,2061,2057
83,3179.1003357278582,6,46.0294803810056,179.54324140447733,12.24620714920364,4.0,2053,2061,2058
83,3179.1003357278582,6,46.0294803810056,179.54324140447733,12.24620714920364,4.0,2053,2061,2059
83,3179.1003357278582,6,46.0294803810056,179.54324140447733,12.24620714920364,4.0,2053,2061,2060
84,11171.329139516169,1,109.36895174773565,203.06243983593626,13.33940074396685,22.0,2010,2031,2010
84,11171.329139516169,1,109.36895174773565,203.06243983593626,13.33940074396685,22.0,2010,2031,2011
84,11171.329139516169,1,109.36895174773565,203.06243983593626,13.33940074396685,22.0,2010,2031,2012
84,11171.329139516169,1,109.36895174773565,203.06243983593626,13.33940074396685,22.0,2010,2031,2013
84,11171.329139516169,1,109.36895174773565,203.06243983593626,13.33940074396685,22.0,2010,2031,2014
84,11171.329139516169,1,109.36895174773565,203.06243983593626,13.33940074396685,22.0,2010,2031,2015
84,11171.329139516169,1,109.36895174773565,203.06243983593626,13.33940074396685,22.0,2010,2031,2016
84,11171.329139516169,1,109.36895174773565,203.06243983593626,13.33940074396685,22.0,2010,2031,2017
84,11171.329139516169,1,109.36895174773565,203.06243983593626,13.33940074396685,22.0,2010,2031,2018
84,11171.329139516169,1,109.36895174773565,203.06243983593626,13.33940074396685,22.0,2010,2031,2019
84,11171.329139516169,1,109.36895174773565,203.06243983593626,13.33940074396685,22.0,2010,2031,2020
84,11171.329139516169,1,109.36895174773565,203.06243983593626,13.33940074396685,22.0,2010,2031,2021
84,11171.329139516169,1,109.36895174773565,203.06243983593626,13.33940074396685,22.0,2010,2031,2022
84,11171.329139516169,1,109.36895174773565,203.06243983593626,13.33940074396685,22.0,2010,2031,2023
84,11171.329139516169,1,109.36895174773565,203.06243983593626,13.33940074396685,22.0,2010,2031,2024
84,11171.329139516169,1,109.36895174773565,203.06243983593626,13.33940074396685,22.0,2010,2031,2025
84,11171.329139516169,1,109.36895174773565,203.06243983593626,13.33940074396685,22.0,2010,2031,2026
84,11171.329139516169,1,109.36895174773565,203.06243983593626,13.33940074396685,22.0,2010,2031,2027
84,11171.329139516169,1,109.36895174773565,203.06243983593626,13.33940074396685,22.0,2010,2031,2028
84,11171.329139516169,1,109.36895174773565,203.06243983593626,13.33940074396685,22.0,2010,2031,2029
84,11171.329139516169,1,109.36895174773565,203.06243983593626,13.33940074396685,22.0,2010,2031,2030
84,6078.571385959595,2,75.20467668543482,170.2148848618636,12.49868080554579,7.0,2032,2038,2032
84,6078.571385959595,2,75.20467668543482,170.2148848618636,12.49868080554579,7.0,2032,2038,2033
84,6078.571385959595,2,75.20467668543482,170.2148848618636,12.49868080554579,7.0,2032,2038,2034
84,6078.571385959595,2,75.20467668543482,170.2148848618636,12.49868080554579,7.0,2032,2038,2035
84,6078.571385959595,2,75.20467668543482,170.2148848618636,12.49868080554579,7.0,2032,2038,2036
84,6078.571385959595,2,75.20467668543482,170.2148848618636,12.49868080554579,7.0,2032,2038,2037
84,3887.9312096025355,3,44.81670970062074,209.90287515696997,13.103189961476723,4.0,2039,2042,2039
84,3887.9312096025355,3,44.81670970062074,209.90287515696997,13.103189961476723,4.0,2039,2042,2040
84,3887.9312096025355,3,44.81670970062074,209.90287515696997,13.103189961476723,4.0,2039,2042,2041
84,3719.0404132965173,4,38.26112964413928,216.8018136536462,14.035019203049098,4.0,2043,2046,2043
84,3719.0404132965173,4,38.26112964413928,216.8018136536462,14.035019203049098,4.0,2043,2046,2044
84,3719.0404132965173,4,38.26112964413928,216.8018136536462,14.035019203049098,4.0,2043,2046,2045
84,3343.3409303080957,5,51.41772212348232,189.30629689260576,12.283974357169802,5.0,2047,2051,2047
84,3343.3409303080957,5,51.41772212348232,189.30629689260576,12.283974357169802,5.0,2047,2051,2048
84,3343.3409303080957,5,51.41772212348232,189.30629689260576,12.283974357169802,5.0,2047,2051,2049
84,3343.3409303080957,5,51.41772212348232,189.30629689260576,12.283974357169802,5.0,2047,2051,2050
84,4347.970063914548,6,36.6419867597218,220.16368280956215,12.973754042946243,4.0,2052,2061,2052
84,4347.970063914548,6,36.6419867597218,220.16368280956215,12.973754042946243,4.0,2052,2061,2053
84,4347.970063914548,6,36.6419867597218,220.16368280956215,12.973754042946243,4.0,2052,2061,2054
84,4347.970063914548,6,36.6419867597218,220.16368280956215,12.973754042946243,4.0,2052,2061,2055
84,4347.970063914548,6,36.6419867597218,220.16368280956215,12.973754042946243,4.0,2052,2061,2056
84,4347.970063914548,6,36.6419867597218,220.16368280956215,12.973754042946243,4.0,2052,2061,2057
84,4347.970063914548,6,36.6419867597218,220.16368280956215,12.973754042946243,4.0,2052,2061,2058
84,4347.970063914548,6,36.6419867597218,220.16368280956215,12.973754042946243,4.0,2052,2061,2059
84,4347.970063914548,6,36.6419867597218,220.16368280956215,12.973754042946243,4.0,2052,2061,2060
85,11314.778258878963,1,111.74093417865735,156.74253323478425,15.505542894270027,22.0,2010,2031,2010
85,11314.778258878963,1,111.74093417865735,156.74253323478425,15.505542894270027,22.0,2010,2031,2011
85,11314.778258878963,1,111.74093417865735,156.74253323478425,15.505542894270027,22.0,2010,2031,2012
85,11314.778258878963,1,111.74093417865735,156.74253323478425,15.505542894270027,22.0,2010,2031,2013
85,11314.778258878963,1,111.74093417865735,156.74253323478425,15.505542894270027,22.0,2010,2031,2014
85,11314.778258878963,1,111.74093417865735,156.74253323478425,15.505542894270027,22.0,2010,2031,2015
85,11314.778258878963,1,111.74093417865735,156.74253323478425,15.505542894270027,22.0,2010,2031,2016
85,11314.778258878963,1,111.74093417865735,156.74253323478425,15.505542894270027,22.0,2010,2031,2017
85,11314.778258878963,1,111.74093417865735,156.74253323478425,15.505542894270027,22.0,2010,2031,2018
85,11314.778258878963,1,111.74093417865735,156.74253323478425,15.505542894270027,22.0,2010,2031,2019
85,11314.778258878963,1,111.74093417865735,156.74253323478425,15.505542894270027,22.0,2010,2031,2020
85,11314.778258878963,1,111.74093417865735,156.74253323478425,15.505542894270027,22.0,2010,2031,2021
85,11314.778258878963,1,111.74093417865735,156.74253323478425,15.505542894270027,22.0,2010,2031,2022
85,11314.778258878963,1,111.74093417865735,156.74253323478425,15.505542894270027,22.0,2010,2031,2023
85,11314.778258878963,1,111.74093417865735,156.74253323478425,15.505542894270027,22.0,2010,2031,2024
85,11314.778258878963,1,111.74093417865735,156.74253323478425,15.505542894270027,22.0,2010,2031,2025
85,11314.778258878963,1,111.74093417865735,156.74253323478425,15.505542894270027,22.0,2010,2031,2026
85,11314.778258878963,1,111.74093417865735,156.74253323478425,15.505542894270027,22.0,2010,2031,2027
85,11314.778258878963,1,111.74093417865735,156.74253323478425,15.505542894270027,22.0,2010,2031,2028
85,11314.778258878963,1,111.74093417865735,156.74253323478425,15.505542894270027,22.0,2010,2031,2029
85,11314.778258878963,1,111.74093417865735,156.74253323478425,15.505542894270027,22.0,2010,2031,2030
85,5622.6549536510865,2,53.54942994645278,192.28886616995533,12.630345828682865,5.0,2032,2036,2032
85,5622.6549536510865,2,53.54942994645278,192.28886616995533,12.630345828682865,5.0,2032,2036,2033
85,5622.6549536510865,2,53.54942994645278,192.28886616995533,12.630345828682865,5.0,2032,2036,2034
85,5622.6549536510865,2,53.54942994645278,192.28886616995533,12.630345828682865,5.0,2032,2036,2035
85,3893.650593322751,3,45.66889406706124,209.2847080081939,11.951666224049848,4.0,2037,2040,2037
85,3893.650593322751,3,45.66889406706124,209.2847080081939,11.951666224049848,4.0,2037,2040,2038
85,3893.650593322751,3,45.66889406706124,209.2847080081939,11.951666224049848,4.0,2037,2040,2039
85,3221.6921429895197,4,39.0436417548003,190.11372807329005,13.105900338997799,4.0,2041,2044,2041
85,3221.6921429895197,4,39.0436417548003,190.11372807329005,13.105900338997799,4.0,2041,2044,2042
85,3221.6921429895197,4,39.0436417548003,190.11372807329005,13.105900338997799,4.0,2041,2044,2043
85,4467.753820318348,5,42.572214608494164,199.89441562818135,12.012106824161759,4.0,2045,2048,2045
85,4467.753820318348,5,42.572214608494164,199.89441562818135,12.012106824161759,4.0,2045,2048,2046
85,4467.753820318348,5,42.572214608494164,199.89441562818135,12.012106824161759,4.0,2045,2048,2047
85,3919.19959251115,6,47.15995185049188,178.50322467622806,12.257455656396317,4.0,2049,2061,2049
85,3919.19959251115,6,47.15995185049188,178.50322467622806,12.257455656396317,4.0,2049,2061,2050
85,3919.19959251115,6,47.15995185049188,178.50322467622806,12.257455656396317,4.0,2049,2061,2051
85,3919.19959251115,6,47.15995185049188,178.50322467622806,12.257455656396317,4.0,2049,2061,2052
85,3919.19959251115,6,47.15995185049188,178.50322467622806,12.257455656396317,4.0,2049,2061,2053
85,3919.19959251115,6,47.15995185049188,178.50322467622806,12.257455656396317,4.0,2049,2061,2054
85,3919.19959251115,6,47.15995185049188,178.50322467622806,12.257455656396317,4.0,2049,2061,2055
85,3919.19959251115,6,47.15995185049188,178.50322467622806,12.257455656396317,4.0,2049,2061,2056
85,3919.19959251115,6,47.15995185049188,178.50322467622806,12.257455656396317,4.0,2049,2061,2057
85,3919.19959251115,6,47.15995185049188,178.50322467622806,12.257455656396317,4.0,2049,2061,2058
85,3919.19959251115,6,47.15995185049188,178.50322467622806,12.257455656396317,4.0,2049,2061,2059
85,3919.19959251115,6,47.15995185049188,178.50322467622806,12.257455656396317,4.0,2049,2061,2060
86,8909.972206909897,1,91.54797574686589,175.68701902232695,11.745813767150763,20.0,2010,2029,2010
86,8909.972206909897,1,91.54797574686589,175.68701902232695,11.745813767150763,20.0,2010,2029,2011
86,8909.972206909897,1,91.54797574686589,175.68701902232695,11.745813767150763,20.0,2010,2029,2012
86,8909.972206909897,1,91.54797574686589,175.68701902232695,11.745813767150763,20.0,2010,2029,2013
86,8909.972206909897,1,91.54797574686589,175.68701902232695,11.745813767150763,20.0,2010,2029,2014
86,8909.972206909897,1,91.54797574686589,175.68701902232695,11.745813767150763,20.0,2010,2029,2015
86,8909.972206909897,1,91.54797574686589,175.68701902232695,11.745813767150763,20.0,2010,2029,2016
86,8909.972206909897,1,91.54797574686589,175.68701902232695,11.745813767150763,20.0,2010,2029,2017
86,8909.972206909897,1,91.54797574686589,175.68701902232695,11.745813767150763,20.0,2010,2029,2018
86,8909.972206909897,1,91.54797574686589,175.68701902232695,11.745813767150763,20.0,2010,2029,2019
86,8909.972206909897,1,91.54797574686589,175.68701902232695,11.745813767150763,20.0,2010,2029,2020
86,8909.972206909897,1,91.54797574686589,175.68701902232695,11.745813767150763,20.0,2010,2029,2021
86,8909.972206909897,1,91.54797574686589,175.68701902232695,11.745813767150763,20.0,2010,2029,2022
86,8909.972206909897,1,91.54797574686589,175.68701902232695,11.745813767150763,20.0,2010,2029,2023
86,8909.972206909897,1,91.54797574686589,175.68701902232695,11.745813767150763,20.0,2010,2029,2024
86,8909.972206909897,1,91.54797574686589,175.68701902232695,11.745813767150763,20.0,2010,2029,2025
86,8909.972206909897,1,91.54797574686589,175.68701902232695,11.745813767150763,20.0,2010,2029,2026
86,8909.972206909897,1,91.54797574686589,175.68701902232695,11.745813767150763,20.0,2010,2029,2027
86,8909.972206909897,1,91.54797574686589,175.68701902232695,11.745813767150763,20.0,2010,2029,2028
86,5839.546153666837,2,74.52319416454115,201.5549559803382,13.724818349847332,7.0,2030,2036,2030
86,5839.546153666837,2,74.52319416454115,201.5549559803382,13.724818349847332,7.0,2030,2036,2031
86,5839.546153666837,2,74.52319416454115,201.5549559803382,13.724818349847332,7.0,2030,2036,2032
86,5839.546153666837,2,74.52319416454115,201.5549559803382,13.724818349847332,7.0,2030,2036,2033
86,5839.546153666837,2,74.52319416454115,201.5549559803382,13.724818349847332,7.0,2030,2036,2034
86,5839.546153666837,2,74.52319416454115,201.5549559803382,13.724818349847332,7.0,2030,2036,2035
86,3593.8001505777083,3,44.49307612003029,185.7883258734966,15.456793125394809,4.0,2037,2040,2037
86,3593.8001505777083,3,44.49307612003029,185.7883258734966,15.456793125394809,4.0,2037,2040,2038
86,3593.8001505777083,3,44.49307612003029,185.7883258734966,15.456793125394809,4.0,2037,2040,2039
86,5121.9699107898105,4,41.74059598088069,163.61123980898512,11.390525702984977,4.0,2041,2044,2041
86,5121.9699107898105,4,41.74059598088069,163.61123980898512,11.390525702984977,4.0,2041,2044,2042
86,5121.9699107898105,4,41.74059598088069,163.61123980898512,11.390525702984977,4.0,2041,2044,2043
86,5116.646114002353,5,41.25952985552376,185.02226257668548,14.118250569428799,4.0,2045,2048,2045
86,5116.646114002353,5,41.25952985552376,185.02226257668548,14.118250569428799,4.0,2045,2048,2046
86,5116.646114002353,5,41.25952985552376,185.02226257668548,14.118250569428799,4.0,2045,2048,2047
86,3829.8839856677955,6,49.382746732905964,202.9653367086289,13.915975589499466,5.0,2049,2061,2049
86,3829.8839856677955,6,49.382746732905964,202.9653367086289,13.915975589499466,5.0,2049,2061,2050
86,3829.8839856677955,6,49.382746732905964,202.9653367086289,13.915975589499466,5.0,2049,2061,2051
86,3829.8839856677955,6,49.382746732905964,202.9653367086289,13.915975589499466,5.0,2049,2061,2052
86,3829.8839856677955,6,49.382746732905964,202.9653367086289,13.915975589499466,5.0,2049,2061,2053
86,3829.8839856677955,6,49.382746732905964,202.9653367086289,13.915975589499466,5.0,2049,2061,2054
86,3829.8839856677955,6,49.382746732905964,202.9653367086289,13.915975589499466,5.0,2049,2061,2055
86,3829.8839856677955,6,49.382746732905964,202.9653367086289,13.915975589499466,5.0,2049,2061,2056
86,3829.8839856677955,6,49.382746732905964,202.9653367086289,13.915975589499466,5.0,2049,2061,2057
86,3829.8839856677955,6,49.382746732905964,202.9653367086289,13.915975589499466,5.0,2049,2061,2058
86,3829.8839856677955,6,49.382746732905964,202.9653367086289,13.915975589499466,5.0,2049,2061,2059
86,3829.8839856677955,6,49.382746732905964,202.9653367086289,13.915975589499466,5.0,2049,2061,2060
87,7643.9071822513515,1,101.26016584644839,173.4033365341241,13.886028582938508,21.0,2010,2030,2010
87,7643.9071822513515,1,101.26016584644839,173.4033365341241,13.886028582938508,21.0,2010,2030,2011
87,7643.9071822513515,1,101.26016584644839,173.4033365341241,13.886028582938508,21.0,2010,2030,2012
87,7643.9071822513515,1,101.26016584644839,173.4033365341241,13.886028582938508,21.0,2010,2030,2013
87,7643.9071822513515,1,101.26016584644839,173.4033365341241,13.886028582938508,21.0,2010,2030,2014
87,7643.9071822513515,1,101.26016584644839,173.4033365341241,13.886028582938508,21.0,2010,2030,2015
87,7643.9071822513515,1,101.26016584644839,173.4033365341241,13.886028582938508,21.0,2010,2030,2016
87,7643.9071822513515,1,101.26016584644839,173.4033365341241,13.886028582938508,21.0,2010,2030,2017
87,7643.9071822513515,1,101.26016584644839,173.4033365341241,13.886028582938508,21.0,2010,2030,2018
87,7643.9071822513515,1,101.26016584644839,173.4033365341241,13.886028582938508,21.0,2010,2030,2019
87,7643.9071822513515,1,101.26016584644839,173.4033365341241,13.886028582938508,21.0,2010,2030,2020
87,7643.9071822513515,1,101.26016584644839,173.4033365341241,13.886028582938508,21.0,2010,2030,2021
87,7643.9071822513515,1,101.26016584644839,173.4033365341241,13.886028582938508,21.0,2010,2030,2022
87,7643.9071822513515,1,101.26016584644839,173.4033365341241,13.886028582938508,21.0,2010,2030,2023
87,7643.9071822513515,1,101.26016584644839,173.4033365341241,13.886028582938508,21.0,2010,2030,2024
87,7643.9071822513515,1,101.26016584644839,173.4033365341241,13.886028582938508,21.0,2010,2030,2025
87,7643.9071822513515,1,101.26016584644839,173.4033365341241,13.886028582938508,21.0,2010,2030,2026
87,7643.9071822513515,1,101.26016584644839,173.4033365341241,13.886028582938508,21.0,2010,2030,2027
87,7643.9071822513515,1,101.26016584644839,173.4033365341241,13.886028582938508,21.0,2010,2030,2028
87,7643.9071822513515,1,101.26016584644839,173.4033365341241,13.886028582938508,21.0,2010,2030,2029
87,6115.941343442579,2,60.152854636074814,174.08219068447352,13.076424062019388,6.0,2031,2036,2031
87,6115.941343442579,2,60.152854636074814,174.08219068447352,13.076424062019388,6.0,2031,2036,2032
87,6115.941343442579,2,60.152854636074814,174.08219068447352,13.076424062019388,6.0,2031,2036,2033
87,6115.941343442579,2,60.152854636074814,174.08219068447352,13.076424062019388,6.0,2031,2036,2034
87,6115.941343442579,2,60.152854636074814,174.08219068447352,13.076424062019388,6.0,2031,2036,2035
87,3438.4180241806635,3,45.324369716918156,212.0050456958364,12.933682142066548,4.0,2037,2040,2037
87,3438.4180241806635,3,45.324369716918156,212.0050456958364,12.933682142066548,4.0,2037,2040,2038
87,3438.4180241806635,3,45.324369716918156,212.0050456958364,12.933682142066548,4.0,2037,2040,2039
87,3702.868837274062,4,43.45172151558442,164.5372295086276,12.949253032998321,4.0,2041,2044,2041
87,3702.868837274062,4,43.45172151558442,164.5372295086276,12.949253032998321,4.0,2041,2044,2042
87,3702.868837274062,4,43.45172151558442,164.5372295086276,12.949253032998321,4.0,2041,2044,2043
87,3490.498906481406,5,47.118963444563185,178.96553122912184,12.334008351373836,4.0,2045,2048,2045
87,3490.498906481406,5,47.118963444563185,178.96553122912184,12.334008351373836,4.0,2045,2048,2046
87,3490.498906481406,5,47.118963444563185,178.96553122912184,12.334008351373836,4.0,2045,2048,2047
87,3610.035535628116,6,37.85233687770195,176.36808380807136,12.18831006402185,4.0,2049,2061,2049
87,3610.035535628116,6,37.85233687770195,176.36808380807136,12.18831006402185,4.0,2049,2061,2050
87,3610.035535628116,6,37.85233687770195,176.36808380807136,12.18831006402185,4.0,2049,2061,2051
87,3610.035535628116,6,37.85233687770195,176.36808380807136,12.18831006402185,4.0,2049,2061,2052
87,3610.035535628116,6,37.85233687770195,176.36808380807136,12.18831006402185,4.0,2049,2061,2053
87,3610.035535628116,6,37.85233687770195,176.36808380807136,12.18831006402185,4.0,2049,2061,2054
87,3610.035535628116,6,37.85233687770195,176.36808380807136,12.18831006402185,4.0,2049,2061,2055
87,3610.035535628116,6,37.85233687770195,176.36808380807136,12.18831006402185,4.0,2049,2061,2056
87,3610.035535628116,6,37.85233687770195,176.36808380807136,12.18831006402185,4.0,2049,2061,2057
87,3610.035535628116,6,37.85233687770195,176.36808380807136,12.18831006402185,4.0,2049,2061,2058
87,3610.035535628116,6,37.85233687770195,176.36808380807136,12.18831006402185,4.0,2049,2061,2059
87,3610.035535628116,6,37.85233687770195,176.36808380807136,12.18831006402185,4.0,2049,2061,2060
88,7691.6850806471475,1,102.40491393868923,180.69905000046822,14.131296022524403,21.0,2010,2030,2010
88,7691.6850806471475,1,102.40491393868923,180.69905000046822,14.131296022524403,21.0,2010,2030,2011
88,7691.6850806471475,1,102.40491393868923,180.69905000046822,14.131296022524403,21.0,2010,2030,2012
88,7691.6850806471475,1,102.40491393868923,180.69905000046822,14.131296022524403,21.0,2010,2030,2013
88,7691.6850806471475,1,102.40491393868923,180.69905000046822,14.131296022524403,21.0,2010,2030,2014
88,7691.6850806471475,1,102.40491393868923,180.69905000046822,14.131296022524403,21.0,2010,2030,2015
88,7691.6850806471475,1,102.40491393868923,180.69905000046822,14.131296022524403,21.0,2010,2030,2016
88,7691.6850806471475,1,102.40491393868923,180.69905000046822,14.131296022524403,21.0,2010,2030,2017
88,7691.6850806471475,1,102.40491393868923,180.69905000046822,14.131296022524403,21.0,2010,2030,2018
88,7691.6850806471475,1,102.40491393868923,180.69905000046822,14.131296022524403,21.0,2010,2030,2019
88,7691.6850806471475,1,102.40491393868923,180.69905000046822,14.131296022524403,21.0,2010,2030,2020
88,7691.6850806471475,1,102.40491393868923,180.69905000046822,14.131296022524403,21.0,2010,2030,2021
88,7691.6850806471475,1,102.40491393868923,180.69905000046822,14.131296022524403,21.0,2010,2030,2022
88,7691.6850806471475,1,102.40491393868923,180.69905000046822,14.131296022524403,21.0,2010,2030,2023
88,7691.6850806471475,1,102.40491393868923,180.69905000046822,14.131296022524403,21.0,2010,2030,2024
88,7691.6850806471475,1,102.40491393868923,180.69905000046822,14.131296022524403,21.0,2010,2030,2025
88,7691.6850806471475,1,102.40491393868923,180.69905000046822,14.131296022524403,21.0,2010,2030,2026
88,7691.6850806471475,1,102.40491393868923,180.69905000046822,14.131296022524403,21.0,2010,2030,2027
88,7691.6850806471475,1,102.40491393868923,180.69905000046822,14.131296022524403,21.0,2010,2030,2028
88,7691.6850806471475,1,102.40491393868923,180.69905000046822,14.131296022524403,21.0,2010,2030,2029
88,5945.470659352763,2,77.02379143718566,211.10759373036126,12.523598889952607,7.0,2031,2037,2031
88,5945.470659352763,2,77.02379143718566,211.10759373036126,12.523598889952607,7.0,2031,2037,2032
88,5945.470659352763,2,77.02379143718566,211.10759373036126,12.523598889952607,7.0,2031,2037,2033
88,5945.470659352763,2,77.02379143718566,211.10759373036126,12.523598889952607,7.0,2031,2037,2034
88,5945.470659352763,2,77.02379143718566,211.10759373036126,12.523598889952607,7.0,2031,2037,2035
88,5945.470659352763,2,77.02379143718566,211.10759373036126,12.523598889952607,7.0,2031,2037,2036
88,5055.726869245053,3,59.14620571024238,173.03594666197728,11.306500030603715,5.0,2038,2042,2038
88,5055.726869245053,3,59.14620571024238,173.03594666197728,11.306500030603715,5.0,2038,2042,2039
88,5055.726869245053,3,59.14620571024238,173.03594666197728,11.306500030603715,5.0,2038,2042,2040
88,5055.726869245053,3,59.14620571024238,173.03594666197728,11.306500030603715,5.0,2038,2042,2041
88,3566.98235037381,4,50.33687590467035,222.22005836198565,13.099682772446606,5.0,2043,2047,2043
88,3566.98235037381,4,50.33687590467035,222.22005836198565,13.099682772446606,5.0,2043,2047,2044
88,3566.98235037381,4,50.33687590467035,222.22005836198565,13.099682772446606,5.0,2043,2047,2045
88,3566.98235037381,4,50.33687590467035,222.22005836198565,13.099682772446606,5.0,2043,2047,2046
88,4462.3215402483975,5,52.8818047036459,159.2523537652313,15.45229549266151,5.0,2048,2052,2048
88,4462.3215402483975,5,52.8818047036459,159.2523537652313,15.45229549266151,5.0,2048,2052,2049
88,4462.3215402483975,5,52.8818047036459,159.2523537652313,15.45229549266151,5.0,2048,2052,2050
88,4462.3215402483975,5,52.8818047036459,159.2523537652313,15.45229549266151,5.0,2048,2052,2051
88,3203.1726055601207,6,35.95358408954365,197.90388749750926,13.355619764616373,3.0,2053,2061,2053
88,3203.1726055601207,6,35.95358408954365,197.90388749750926,13.355619764616373,3.0,2053,2061,2054
88,3203.1726055601207,6,35.95358408954365,197.90388749750926,13.355619764616373,3.0,2053,2061,2055
88,3203.1726055601207,6,35.95358408954365,197.90388749750926,13.355619764616373,3.0,2053,2061,2056
88,3203.1726055601207,6,35.95358408954365,197.90388749750926,13.355619764616373,3.0,2053,2061,2057
88,3203.1726055601207,6,35.95358408954365,197.90388749750926,13.355619764616373,3.0,2053,2061,2058
88,3203.1726055601207,6,35.95358408954365,197.90388749750926,13.355619764616373,3.0,2053,2061,2059
88,3203.1726055601207,6,35.95358408954365,197.90388749750926,13.355619764616373,3.0,2053,2061,2060
89,8299.604283867931,1,78.2479187421732,217.64048792884483,14.64859913293942,19.0,2010,2028,2010
89,8299.604283867931,1,78.2479187421732,217.64048792884483,14.64859913293942,19.0,2010,2028,2011
89,8299.604283867931,1,78.2479187421732,217.64048792884483,14.64859913293942,19.0,2010,2028,2012
89,8299.604283867931,1,78.2479187421732,217.64048792884483,14.64859913293942,19.0,2010,2028,2013
89,8299.604283867931,1,78.2479187421732,217.64048792884483,14.64859913293942,19.0,2010,2028,2014
89,8299.604283867931,1,78.2479187421732,217.64048792884483,14.64859913293942,19.0,2010,2028,2015
89,8299.604283867931,1,78.2479187421732,217.64048792884483,14.64859913293942,19.0,2010,2028,2016
89,8299.604283867931,1,78.2479187421732,217.64048792884483,14.64859913293942,19.0,2010,2028,2017
89,8299.604283867931,1,78.2479187421732,217.64048792884483,14.64859913293942,19.0,2010,2028,2018
89,8299.604283867931,1,78.2479187421732,217.64048792884483,14.64859913293942,19.0,2010,2028,2019
89,8299.604283867931,1,78.2479187421732,217.64048792884483,14.64859913293942,19.0,2010,2028,2020
89,8299.604283867931,1,78.2479187421732,217.64048792884483,14.64859913293942,19.0,2010,2028,2021
89,8299.604283867931,1,78.2479187421732,217.64048792884483,14.64859913293942,19.0,2010,2028,2022
89,8299.604283867931,1,78.2479187421732,217.64048792884483,14.64859913293942,19.0,2010,2028,2023
89,8299.604283867931,1,78.2479187421732,217.64048792884483,14.64859913293942,19.0,2010,2028,2024
89,8299.604283867931,1,78.2479187421732,217.64048792884483,14.64859913293942,19.0,2010,2028,2025
89,8299.604283867931,1,78.2479187421732,217.64048792884483,14.64859913293942,19.0,2010,2028,2026
89,8299.604283867931,1,78.2479187421732,217.64048792884483,14.64859913293942,19.0,2010,2028,2027
89,5588.922604343006,2,58.388384035241,217.97003705251885,11.948551964361691,5.0,2029,2033,2029
89,5588.922604343006,2,58.388384035241,217.97003705251885,11.948551964361691,5.0,2029,2033,2030
89,5588.922604343006,2,58.388384035241,217.97003705251885,11.948551964361691,5.0,2029,2033,2031
89,5588.922604343006,2,58.388384035241,217.97003705251885,11.948551964361691,5.0,2029,2033,2032
89,3981.446618130822,3,44.54968875968709,173.14177525260942,11.774608578367005,4.0,2034,2037,2034
89,3981.446618130822,3,44.54968875968709,173.14177525260942,11.774608578367005,4.0,2034,2037,2035
89,3981.446618130822,3,44.54968875968709,173.14177525260942,11.774608578367005,4.0,2034,2037,2036
89,3661.323454509089,4,42.97888258148533,168.6958630509833,13.414311605905944,4.0,2038,2041,2038
89,3661.323454509089,4,42.97888258148533,168.6958630509833,13.414311605905944,4.0,2038,2041,2039
89,3661.323454509089,4,42.97888258148533,168.6958630509833,13.414311605905944,4.0,2038,2041,2040
89,3157.9595311385215,5,38.92595149114893,174.1444359309416,14.371376256240302,4.0,2042,2045,2042
89,3157.9595311385215,5,38.92595149114893,174.1444359309416,14.371376256240302,4.0,2042,2045,2043
89,3157.9595311385215,5,38.92595149114893,174.1444359309416,14.371376256240302,4.0,2042,2045,2044
89,3219.2628809486414,6,47.93063377822523,170.85063463125817,13.014335601307579,4.0,2046,2061,2046
89,3219.2628809486414,6,47.93063377822523,170.85063463125817,13.014335601307579,4.0,2046,2061,2047
89,3219.2628809486414,6,47.93063377822523,170.85063463125817,13.014335601307579,4.0,2046,2061,2048
89,3219.2628809486414,6,47.93063377822523,170.85063463125817,13.014335601307579,4.0,2046,2061,2049
89,3219.2628809486414,6,47.93063377822523,170.85063463125817,13.014335601307579,4.0,2046,2061,2050
89,3219.2628809486414,6,47.93063377822523,170.85063463125817,13.014335601307579,4.0,2046,2061,2051
89,3219.2628809486414,6,47.93063377822523,170.85063463125817,13.014335601307579,4.0,2046,2061,2052
89,3219.2628809486414,6,47.93063377822523,170.85063463125817,13.014335601307579,4.0,2046,2061,2053
89,3219.2628809486414,6,47.93063377822523,170.85063463125817,13.014335601307579,4.0,2046,2061,2054
89,3219.2628809486414,6,47.93063377822523,170.85063463125817,13.014335601307579,4.0,2046,2061,2055
89,3219.2628809486414,6,47.93063377822523,170.85063463125817,13.014335601307579,4.0,2046,2061,2056
89,3219.2628809486414,6,47.93063377822523,170.85063463125817,13.014335601307579,4.0,2046,2061,2057
89,3219.2628809486414,6,47.93063377822523,170.85063463125817,13.014335601307579,4.0,2046,2061,2058
89,3219.2628809486414,6,47.93063377822523,170.85063463125817,13.014335601307579,4.0,2046,2061,2059
89,3219.2628809486414,6,47.93063377822523,170.85063463125817,13.014335601307579,4.0,2046,2061,2060
90,11635.506274145142,1,104.01304580794101,180.1239317799342,11.648778892073981,21.0,2010,2030,2010
90,11635.506274145142,1,104.01304580794101,180.1239317799342,11.648778892073981,21.0,2010,2030,2011
90,11635.506274145142,1,104.01304580794101,180.1239317799342,11.648778892073981,21.0,2010,2030,2012
90,11635.506274145142,1,104.01304580794101,180.1239317799342,11.648778892073981,21.0,2010,2030,2013
90,11635.506274145142,1,104.01304580794101,180.1239317799342,11.648778892073981,21.0,2010,2030,2014
90,11635.506274145142,1,104.01304580794101,180.1239317799342,11.648778892073981,21.0,2010,2030,2015
90,11635.506274145142,1,104.01304580794101,180.1239317799342,11.648778892073981,21.0,2010,2030,2016
90,11635.506274145142,1,104.01304580794101,180.1239317799342,11.648778892073981,21.0,2010,2030,2017
90,11635.506274145142,1,104.01304580794101,180.1239317799342,11.648778892073981,21.0,2010,2030,2018
90,11635.506274145142,1,104.01304580794101,180.1239317799342,11.648778892073981,21.0,2010,2030,2019
90,11635.506274145142,1,104.01304580794101,180.1239317799342,11.648778892073981,21.0,2010,2030,2020
90,11635.506274145142,1,104.01304580794101,180.1239317799342,11.648778892073981,21.0,2010,2030,2021
90,11635.506274145142,1,104.01304580794101,180.1239317799342,11.648778892073981,21.0,2010,2030,2022
90,11635.506274145142,1,104.01304580794101,180.1239317799342,11.648778892073981,21.0,2010,2030,2023
90,11635.506274145142,1,104.01304580794101,180.1239317799342,11.648778892073981,21.0,2010,2030,2024
90,11635.506274145142,1,104.01304580794101,180.1239317799342,11.648778892073981,21.0,2010,2030,2025
90,11635.506274145142,1,104.01304580794101,180.1239317799342,11.648778892073981,21.0,2010,2030,2026
90,11635.506274145142,1,104.01304580794101,180.1239317799342,11.648778892073981,21.0,2010,2030,2027
90,11635.506274145142,1,104.01304580794101,180.1239317799342,11.648778892073981,21.0,2010,2030,2028
90,11635.506274145142,1,104.01304580794101,180.1239317799342,11.648778892073981,21.0,2010,2030,2029
90,4935.92988899452,2,62.04267415314912,178.60060896376643,13.263682680839416,6.0,2031,2036,2031
90,4935.92988899452,2,62.04267415314912,178.60060896376643,13.263682680839416,6.0,2031,2036,2032
90,4935.92988899452,2,62.04267415314912,178.60060896376643,13.263682680839416,6.0,2031,2036,2033
90,4935.92988899452,2,62.04267415314912,178.60060896376643,13.263682680839416,6.0,2031,2036,2034
90,4935.92988899452,2,62.04267415314912,178.60060896376643,13.263682680839416,6.0,2031,2036,2035
90,4492.246957850965,3,58.24113942045562,186.79571779079293,14.333411941120993,5.0,2037,2041,2037
90,4492.246957850965,3,58.24113942045562,186.79571779079293,14.333411941120993,5.0,2037,2041,2038
90,4492.246957850965,3,58.24113942045562,186.79571779079293,14.333411941120993,5.0,2037,2041,2039
90,4492.246957850965,3,58.24113942045562,186.79571779079293,14.333411941120993,5.0,2037,2041,2040
90,5059.368410251157,4,41.716141755413226,159.51338591645091,10.974130444797652,4.0,2042,2045,2042
90,5059.368410251157,4,41.716141755413226,159.51338591645091,10.974130444797652,4.0,2042,2045,2043
90,5059.368410251157,4,41.716141755413226,159.51338591645091,10.974130444797652,4.0,2042,2045,2044
90,3887.266296439532,5,48.48417766303054,206.14433082206912,10.293426133073108,5.0,2046,2050,2046
90,3887.266296439532,5,48.48417766303054,206.14433082206912,10.293426133073108,5.0,2046,2050,2047
90,3887.266296439532,5,48.48417766303054,206.14433082206912,10.293426133073108,5.0,2046,2050,2048
90,3887.266296439532,5,48.48417766303054,206.14433082206912,10.293426133073108,5.0,2046,2050,2049
90,3207.6257889697645,6,38.00214147059657,209.93813820700495,14.067214747798111,4.0,2051,2061,2051
90,3207.6257889697645,6,38.00214147059657,209.93813820700495,14.067214747798111,4.0,2051,2061,2052
90,3207.6257889697645,6,38.00214147059657,209.93813820700495,14.067214747798111,4.0,2051,2061,2053
90,3207.6257889697645,6,38.00214147059657,209.93813820700495,14.067214747798111,4.0,2051,2061,2054
90,3207.6257889697645,6,38.00214147059657,209.93813820700495,14.067214747798111,4.0,2051,2061,2055
90,3207.6257889697645,6,38.00214147059657,209.93813820700495,14.067214747798111,4.0,2051,2061,2056
90,3207.6257889697645,6,38.00214147059657,209.93813820700495,14.067214747798111,4.0,2051,2061,2057
90,3207.6257889697645,6,38.00214147059657,209.93813820700495,14.067214747798111,4.0,2051,2061,2058
90,3207.6257889697645,6,38.00214147059657,209.93813820700495,14.067214747798111,4.0,2051,2061,2059
90,3207.6257889697645,6,38.00214147059657,209.93813820700495,14.067214747798111,4.0,2051,2061,2060
91,9385.643544356304,1,100.68634445370283,195.92786660568296,10.90806986021563,21.0,2010,2030,2010
91,9385.643544356304,1,100.68634445370283,195.92786660568296,10.90806986021563,21.0,2010,2030,2011
91,9385.643544356304,1,100.68634445370283,195.92786660568296,10.90806986021563,21.0,2010,2030,2012
91,9385.643544356304,1,100.68634445370283,195.92786660568296,10.90806986021563,21.0,2010,2030,2013
91,9385.643544356304,1,100.68634445370283,195.92786660568296,10.90806986021563,21.0,2010,2030,2014
91,9385.643544356304,1,100.68634445370283,195.92786660568296,10.90806986021563,21.0,2010,2030,2015
91,9385.643544356304,1,100.68634445370283,195.92786660568296,10.90806986021563,21.0,2010,2030,2016
91,9385.643544356304,1,100.68634445370283,195.92786660568296,10.90806986021563,21.0,2010,2030,2017
91,9385.643544356304,1,100.68634445370283,195.92786660568296,10.90806986021563,21.0,2010,2030,2018
91,9385.643544356304,1,100.68634445370283,195.92786660568296,10.90806986021563,21.0,2010,2030,2019
91,9385.643544356304,1,100.68634445370283,195.92786660568296,10.90806986021563,21.0,2010,2030,2020
91,9385.643544356304,1,100.68634445370283,195.92786660568296,10.90806986021563,21.0,2010,2030,2021
91,9385.643544356304,1,100.68634445370283,195.92786660568296,10.90806986021563,21.0,2010,2030,2022
91,9385.643544356304,1,100.68634445370283,195.92786660568296,10.90806986021563,21.0,2010,2030,2023
91,9385.643544356304,1,100.68634445370283,195.92786660568296,10.90806986021563,21.0,2010,2030,2024
91,9385.643544356304,1,100.68634445370283,195.92786660568296,10.90806986021563,21.0,2010,2030,2025
91,9385.643544356304,1,100.68634445370283,195.92786660568296,10.90806986021563,21.0,2010,2030,2026
91,9385.643544356304,1,100.68634445370283,195.92786660568296,10.90806986021563,21.0,2010,2030,2027
91,9385.643544356304,1,100.68634445370283,195.92786660568296,10.90806986021563,21.0,2010,2030,2028
91,9385.643544356304,1,100.68634445370283,195.92786660568296,10.90806986021563,21.0,2010,2030,2029
91,4490.559097369475,2,71.8163990494016,174.19518886212154,13.468129483383365,6.0,2031,2036,2031
91,4490.559097369475,2,71.8163990494016,174.19518886212154,13.468129483383365,6.0,2031,2036,2032
91,4490.559097369475,2,71.8163990494016,174.19518886212154,13.468129483383365,6.0,2031,2036,2033
91,4490.559097369475,2,71.8163990494016,174.19518886212154,13.468129483383365,6.0,2031,2036,2034
91,4490.559097369475,2,71.8163990494016,174.19518886212154,13.468129483383365,6.0,2031,2036,2035
91,4958.475439009485,3,59.01851947123667,193.0667666459503,11.967287360933694,5.0,2037,2041,2037
91,4958.475439009485,3,59.01851947123667,193.0667666459503,11.967287360933694,5.0,2037,2041,2038
91,4958.475439009485,3,59.01851947123667,193.0667666459503,11.967287360933694,5.0,2037,2041,2039
91,4958.475439009485,3,59.01851947123667,193.0667666459503,11.967287360933694,5.0,2037,2041,2040
91,3639.721797133071,4,45.43779277618006,178.12416052460114,12.54982190836548,4.0,2042,2045,2042
91,3639.721797133071,4,45.43779277618006,178.12416052460114,12.54982190836548,4.0,2042,2045,2043
91,3639.721797133071,4,45.43779277618006,178.12416052460114,12.54982190836548,4.0,2042,2045,2044
91,4975.194643924169,5,40.461463665673875,202.94235256640968,13.126861527779417,4.0,2046,2049,2046
91,4975.194643924169,5,40.461463665673875,202.94235256640968,13.126861527779417,4.0,2046,2049,2047
91,4975.194643924169,5,40.461463665673875,202.94235256640968,13.126861527779417,4.0,2046,2049,2048
91,3716.7919584677984,6,36.66225815378184,194.76605742260168,15.661600289112904,4.0,2050,2061,2050
91,3716.7919584677984,6,36.66225815378184,194.76605742260168,15.661600289112904,4.0,2050,2061,2051
91,3716.7919584677984,6,36.66225815378184,194.76605742260168,15.661600289112904,4.0,2050,2061,2052
91,3716.7919584677984,6,36.66225815378184,194.76605742260168,15.661600289112904,4.0,2050,2061,2053
91,3716.7919584677984,6,36.66225815378184,194.76605742260168,15.661600289112904,4.0,2050,2061,2054
91,3716.7919584677984,6,36.66225815378184,194.76605742260168,15.661600289112904,4.0,2050,2061,2055
91,3716.7919584677984,6,36.66225815378184,194.76605742260168,15.661600289112904,4.0,2050,2061,2056
91,3716.7919584677984,6,36.66225815378184,194.76605742260168,15.661600289112904,4.0,2050,2061,2057
91,3716.7919584677984,6,36.66225815378184,194.76605742260168,15.661600289112904,4.0,2050,2061,2058
91,3716.7919584677984,6,36.66225815378184,194.76605742260168,15.661600289112904,4.0,2050,2061,2059
91,3716.7919584677984,6,36.66225815378184,194.76605742260168,15.661600289112904,4.0,2050,2061,2060
92,5625.240161623643,1,80.32571185484645,171.51726688056493,12.073961635330747,19.0,2010,2028,2010
92,5625.240161623643,1,80.32571185484645,171.51726688056493,12.073961635330747,19.0,2010,2028,2011
92,5625.240161623643,1,80.32571185484645,171.51726688056493,12.073961635330747,19.0,2010,2028,2012
92,5625.240161623643,1,80.32571185484645,171.51726688056493,12.073961635330747,19.0,2010,2028,2013
92,5625.240161623643,1,80.32571185484645,171.51726688056493,12.073961635330747,19.0,2010,2028,2014
92,5625.240161623643,1,80.32571185484645,171.51726688056493,12.073961635330747,19.0,2010,2028,2015
92,5625.240161623643,1,80.32571185484645,171.51726688056493,12.073961635330747,19.0,2010,2028,2016
92,5625.240161623643,1,80.32571185484645,171.51726688056493,12.073961635330747,19.0,2010,2028,2017
92,5625.240161623643,1,80.32571185484645,171.51726688056493,12.073961635330747,19.0,2010,2028,2018
92,5625.240161623643,1,80.32571185484645,171.51726688056493,12.073961635330747,19.0,2010,2028,2019
92,5625.240161623643,1,80.32571185484645,171.51726688056493,12.073961635330747,19.0,2010,2028,2020
92,5625.240161623643,1,80.32571185484645,171.51726688056493,12.073961635330747,19.0,2010,2028,2021
92,5625.240161623643,1,80.32571185484645,171.51726688056493,12.073961635330747,19.0,2010,2028,2022
92,5625.240161623643,1,80.32571185484645,171.51726688056493,12.073961635330747,19.0,2010,2028,2023
92,5625.240161623643,1,80.32571185484645,171.51726688056493,12.073961635330747,19.0,2010,2028,2024
92,5625.240161623643,1,80.32571185484645,171.51726688056493,12.073961635330747,19.0,2010,2028,2025
92,5625.240161623643,1,80.32571185484645,171.51726688056493,12.073961635330747,19.0,2010,2028,2026
92,5625.240161623643,1,80.32571185484645,171.51726688056493,12.073961635330747,19.0,2010,2028,2027
92,4645.560375115132,2,59.20165253093556,182.21374194205572,14.082428078387409,5.0,2029,2033,2029
92,4645.560375115132,2,59.20165253093556,182.21374194205572,14.082428078387409,5.0,2029,2033,2030
92,4645.560375115132,2,59.20165253093556,182.21374194205572,14.082428078387409,5.0,2029,2033,2031
92,4645.560375115132,2,59.20165253093556,182.21374194205572,14.082428078387409,5.0,2029,2033,2032
92,5197.049931343539,3,56.22767313624811,160.5855431337612,12.884469365033997,5.0,2034,2038,2034
92,5197.049931343539,3,56.22767313624811,160.5855431337612,12.884469365033997,5.0,2034,2038,2035
92,5197.049931343539,3,56.22767313624811,160.5855431337612,12.884469365033997,5.0,2034,2038,2036
92,5197.049931343539,3,56.22767313624811,160.5855431337612,12.884469365033997,5.0,2034,2038,2037
92,3127.316330089239,4,45.029759303658274,166.03555627804886,12.13485235253662,4.0,2039,2042,2039
92,3127.316330089239,4,45.029759303658274,166.03555627804886,12.13485235253662,4.0,2039,2042,2040
92,3127.316330089239,4,45.029759303658274,166.03555627804886,12.13485235253662,4.0,2039,2042,2041
92,3555.545360632416,5,50.907398574087,188.71287834511477,14.291622707294833,5.0,2043,2047,2043
92,3555.545360632416,5,50.907398574087,188.71287834511477,14.291622707294833,5.0,2043,2047,2044
92,3555.545360632416,5,50.907398574087,188.71287834511477,14.291622707294833,5.0,2043,2047,2045
92,3555.545360632416,5,50.907398574087,188.71287834511477,14.291622707294833,5.0,2043,2047,2046
92,4725.6946150411695,6,46.110285936928214,168.79073802712188,13.018450038460132,4.0,2048,2061,2048
92,4725.6946150411695,6,46.110285936928214,168.79073802712188,13.018450038460132,4.0,2048,2061,2049
92,4725.6946150411695,6,46.110285936928214,168.79073802712188,13.018450038460132,4.0,2048,2061,2050
92,4725.6946150411695,6,46.110285936928214,168.79073802712188,13.018450038460132,4.0,2048,2061,2051
92,4725.6946150411695,6,46.110285936928214,168.79073802712188,13.018450038460132,4.0,2048,2061,2052
92,4725.6946150411695,6,46.110285936928214,168.79073802712188,13.018450038460132,4.0,2048,2061,2053
92,4725.6946150411695,6,46.110285936928214,168.79073802712188,13.018450038460132,4.0,2048,2061,2054
92,4725.6946150411695,6,46.110285936928214,168.79073802712188,13.018450038460132,4.0,2048,2061,2055
92,4725.6946150411695,6,46.110285936928214,168.79073802712188,13.018450038460132,4.0,2048,2061,2056
92,4725.6946150411695,6,46.110285936928214,168.79073802712188,13.018450038460132,4.0,2048,2061,2057
92,4725.6946150411695,6,46.110285936928214,168.79073802712188,13.018450038460132,4.0,2048,2061,2058
92,4725.6946150411695,6,46.110285936928214,168.79073802712188,13.018450038460132,4.0,2048,2061,2059
92,4725.6946150411695,6,46.110285936928214,168.79073802712188,13.018450038460132,4.0,2048,2061,2060
93,11594.442188018698,1,95.94480482480846,168.7719761081706,15.499712094301156,20.0,2010,2029,2010
93,11594.442188018698,1,95.94480482480846,168.7719761081706,15.499712094301156,20.0,2010,2029,2011
93,11594.442188018698,1,95.94480482480846,168.7719761081706,15.499712094301156,20.0,2010,2029,2012
93,11594.442188018698,1,95.94480482480846,168.7719761081706,15.499712094301156,20.0,2010,2029,2013
93,11594.442188018698,1,95.94480482480846,168.7719761081706,15.499712094301156,20.0,2010,2029,2014
93,11594.442188018698,1,95.94480482480846,168.7719761081706,15.499712094301156,20.0,2010,2029,2015
93,11594.442188018698,1,95.94480482480846,168.7719761081706,15.499712094301156,20.0,2010,2029,2016
93,11594.442188018698,1,95.94480482480846,168.7719761081706,15.499712094301156,20.0,2010,2029,2017
93,11594.442188018698,1,95.94480482480846,168.7719761081706,15.499712094301156,20.0,2010,2029,2018
93,11594.442188018698,1,95.94480482480846,168.7719761081706,15.499712094301156,20.0,2010,2029,2019
93,11594.442188018698,1,95.94480482480846,168.7719761081706,15.499712094301156,20.0,2010,2029,2020
93,11594.442188018698,1,95.94480482480846,168.7719761081706,15.499712094301156,20.0,2010,2029,2021
93,11594.442188018698,1,95.94480482480846,168.7719761081706,15.499712094301156,20.0,2010,2029,2022
93,11594.442188018698,1,95.94480482480846,168.7719761081706,15.499712094301156,20.0,2010,2029,2023
93,11594.442188018698,1,95.94480482480846,168.7719761081706,15.499712094301156,20.0,2010,2029,2024
93,11594.442188018698,1,95.94480482480846,168.7719761081706,15.499712094301156,20.0,2010,2029,2025
93,11594.442188018698,1,95.94480482480846,168.7719761081706,15.499712094301156,20.0,2010,2029,2026
93,11594.442188018698,1,95.94480482480846,168.7719761081706,15.499712094301156,20.0,2010,2029,2027
93,11594.442188018698,1,95.94480482480846,168.7719761081706,15.499712094301156,20.0,2010,2029,2028
93,4326.941104117966,2,73.48830632060029,174.70958088576927,14.052910287831033,7.0,2030,2036,2030
93,4326.941104117966,2,73.48830632060029,174.70958088576927,14.052910287831033,7.0,2030,2036,2031
93,4326.941104117966,2,73.48830632060029,174.70958088576927,14.052910287831033,7.0,2030,2036,2032
93,4326.941104117966,2,73.48830632060029,174.70958088576927,14.052910287831033,7.0,2030,2036,2033
93,4326.941104117966,2,73.48830632060029,174.70958088576927,14.052910287831033,7.0,2030,2036,2034
93,4326.941104117966,2,73.48830632060029,174.70958088576927,14.052910287831033,7.0,2030,2036,2035
93,4572.453092669258,3,58.59164612436517,190.10691487555943,12.98487598972406,5.0,2037,2041,2037
93,4572.453092669258,3,58.59164612436517,190.10691487555943,12.98487598972406,5.0,2037,2041,2038
93,4572.453092669258,3,58.59164612436517,190.10691487555943,12.98487598972406,5.0,2037,2041,2039
93,4572.453092669258,3,58.59164612436517,190.10691487555943,12.98487598972406,5.0,2037,2041,2040
93,4688.480593397098,4,41.40531088931641,181.25468792194437,12.605212477247363,4.0,2042,2045,2042
93,4688.480593397098,4,41.40531088931641,181.25468792194437,12.605212477247363,4.0,2042,2045,2043
93,4688.480593397098,4,41.40531088931641,181.25468792194437,12.605212477247363,4.0,2042,2045,2044
93,3664.843179312281,5,39.417942547597825,178.21960375187317,11.825329267160651,4.0,2046,2049,2046
93,3664.843179312281,5,39.417942547597825,178.21960375187317,11.825329267160651,4.0,2046,2049,2047
93,3664.843179312281,5,39.417942547597825,178.21960375187317,11.825329267160651,4.0,2046,2049,2048
93,3001.596302465618,6,38.11696460523236,169.09805262660015,12.533085127379728,4.0,2050,2061,2050
93,3001.596302465618,6,38.11696460523236,169.09805262660015,12.533085127379728,4.0,2050,2061,2051
93,3001.596302465618,6,38.11696460523236,169.09805262660015,12.533085127379728,4.0,2050,2061,2052
93,3001.596302465618,6,38.11696460523236,169.09805262660015,12.533085127379728,4.0,2050,2061,2053
93,3001.596302465618,6,38.11696460523236,169.09805262660015,12.533085127379728,4.0,2050,2061,2054
93,3001.596302465618,6,38.11696460523236,169.09805262660015,12.533085127379728,4.0,2050,2061,2055
93,3001.596302465618,6,38.11696460523236,169.09805262660015,12.533085127379728,4.0,2050,2061,2056
93,3001.596302465618,6,38.11696460523236,169.09805262660015,12.533085127379728,4.0,2050,2061,2057
93,3001.596302465618,6,38.11696460523236,169.09805262660015,12.533085127379728,4.0,2050,2061,2058
93,3001.596302465618,6,38.11696460523236,169.09805262660015,12.533085127379728,4.0,2050,2061,2059
93,3001.596302465618,6,38.11696460523236,169.09805262660015,12.533085127379728,4.0,2050,2061,2060
94,8841.858652590001,1,110.03267007452585,188.6185980522191,10.68712832080129,22.0,2010,2031,2010
94,8841.858652590001,1,110.03267007452585,188.6185980522191,10.68712832080129,22.0,2010,2031,2011
94,8841.858652590001,1,110.03267007452585,188.6185980522191,10.68712832080129,22.0,2010,2031,2012
94,8841.858652590001,1,110.03267007452585,188.6185980522191,10.68712832080129,22.0,2010,2031,2013
94,8841.858652590001,1,110.03267007452585,188.6185980522191,10.68712832080129,22.0,2010,2031,2014
94,8841.858652590001,1,110.03267007452585,188.6185980522191,10.68712832080129,22.0,2010,2031,2015
94,8841.858652590001,1,110.03267007452585,188.6185980522191,10.68712832080129,22.0,2010,2031,2016
94,8841.858652590001,1,110.03267007452585,188.6185980522191,10.68712832080129,22.0,2010,2031,2017
94,8841.858652590001,1,110.03267007452585,188.6185980522191,10.68712832080129,22.0,2010,2031,2018
94,8841.858652590001,1,110.03267007452585,188.6185980522191,10.68712832080129,22.0,2010,2031,2019
94,8841.858652590001,1,110.03267007452585,188.6185980522191,10.68712832080129,22.0,2010,2031,2020
94,8841.858652590001,1,110.03267007452585,188.6185980522191,10.68712832080129,22.0,2010,2031,2021
94,8841.858652590001,1,110.03267007452585,188.6185980522191,10.68712832080129,22.0,2010,2031,2022
94,8841.858652590001,1,110.03267007452585,188.6185980522191,10.68712832080129,22.0,2010,2031,2023
94,8841.858652590001,1,110.03267007452585,188.6185980522191,10.68712832080129,22.0,2010,2031,2024
94,8841.858652590001,1,110.03267007452585,188.6185980522191,10.68712832080129,22.0,2010,2031,2025
94,8841.858652590001,1,110.03267007452585,188.6185980522191,10.68712832080129,22.0,2010,2031,2026
94,8841.858652590001,1,110.03267007452585,188.6185980522191,10.68712832080129,22.0,2010,2031,2027
94,8841.858652590001,1,110.03267007452585,188.6185980522191,10.68712832080129,22.0,2010,2031,2028
94,8841.858652590001,1,110.03267007452585,188.6185980522191,10.68712832080129,22.0,2010,2031,2029
94,8841.858652590001,1,110.03267007452585,188.6185980522191,10.68712832080129,22.0,2010,2031,2030
94,5018.329913402375,2,57.759536787718886,179.99214563430482,12.777905066311888,5.0,2032,2036,2032
94,5018.329913402375,2,57.759536787718886,179.99214563430482,12.777905066311888,5.0,2032,2036,2033
94,5018.329913402375,2,57.759536787718886,179.99214563430482,12.777905066311888,5.0,2032,2036,2034
94,5018.329913402375,2,57.759536787718886,179.99214563430482,12.777905066311888,5.0,2032,2036,2035
94,4995.449677283709,3,56.76550161056303,183.9981178578665,15.981224089205845,5.0,2037,2041,2037
94,4995.449677283709,3,56.76550161056303,183.9981178578665,15.981224089205845,5.0,2037,2041,2038
94,4995.449677283709,3,56.76550161056303,183.9981178578665,15.981224089205845,5.0,2037,2041,2039
94,4995.449677283709,3,56.76550161056303,183.9981178578665,15.981224089205845,5.0,2037,2041,2040
94,4575.348288202846,4,43.17697561710009,168.7972122187149,14.851784457836114,4.0,2042,2045,2042
94,4575.348288202846,4,43.17697561710009,168.7972122187149,14.851784457836114,4.0,2042,2045,2043
94,4575.348288202846,4,43.17697561710009,168.7972122187149,14.851784457836114,4.0,2042,2045,2044
94,4013.50016481943,5,50.239053340816284,166.9482479634009,13.68845753276555,5.0,2046,2050,2046
94,4013.50016481943,5,50.239053340816284,166.9482479634009,13.68845753276555,5.0,2046,2050,2047
94,4013.50016481943,5,50.239053340816284,166.9482479634009,13.68845753276555,5.0,2046,2050,2048
94,4013.50016481943,5,50.239053340816284,166.9482479634009,13.68845753276555,5.0,2046,2050,2049
94,2914.542532633529,6,34.11207836557125,174.06891330154875,12.563653785801561,3.0,2051,2061,2051
94,2914.542532633529,6,34.11207836557125,174.06891330154875,12.563653785801561,3.0,2051,2061,2052
94,2914.542532633529,6,34.11207836557125,174.06891330154875,12.563653785801561,3.0,2051,2061,2053
94,2914.542532633529,6,34.11207836557125,174.06891330154875,12.563653785801561,3.0,2051,2061,2054
94,2914.542532633529,6,34.11207836557125,174.06891330154875,12.563653785801561,3.0,2051,2061,2055
94,2914.542532633529,6,34.11207836557125,174.06891330154875,12.563653785801561,3.0,2051,2061,2056
94,2914.542532633529,6,34.11207836557125,174.06891330154875,12.563653785801561,3.0,2051,2061,2057
94,2914.542532633529,6,34.11207836557125,174.06891330154875,12.563653785801561,3.0,2051,2061,2058
94,2914.542532633529,6,34.11207836557125,174.06891330154875,12.563653785801561,3.0,2051,2061,2059
94,2914.542532633529,6,34.11207836557125,174.06891330154875,12.563653785801561,3.0,2051,2061,2060
95,10499.654814073632,1,97.49346786914242,198.64593656382104,12.450490851252143,21.0,2010,2030,2010
95,10499.654814073632,1,97.49346786914242,198.64593656382104,12.450490851252143,21.0,2010,2030,2011
95,10499.654814073632,1,97.49346786914242,198.64593656382104,12.450490851252143,21.0,2010,2030,2012
95,10499.654814073632,1,97.49346786914242,198.64593656382104,12.450490851252143,21.0,2010,2030,2013
95,10499.654814073632,1,97.49346786914242,198.64593656382104,12.450490851252143,21.0,2010,2030,2014
95,10499.654814073632,1,97.49346786914242,198.64593656382104,12.450490851252143,21.0,2010,2030,2015
95,10499.654814073632,1,97.49346786914242,198.64593656382104,12.450490851252143,21.0,2010,2030,2016
95,10499.654814073632,1,97.49346786914242,198.64593656382104,12.450490851252143,21.0,2010,2030,2017
95,10499.654814073632,1,97.49346786914242,198.64593656382104,12.450490851252143,21.0,2010,2030,2018
95,10499.654814073632,1,97.49346786914242,198.64593656382104,12.450490851252143,21.0,2010,2030,2019
95,10499.654814073632,1,97.49346786914242,198.64593656382104,12.450490851252143,21.0,2010,2030,2020
95,10499.654814073632,1,97.49346786914242,198.64593656382104,12.450490851252143,21.0,2010,2030,2021
95,10499.654814073632,1,97.49346786914242,198.64593656382104,12.450490851252143,21.0,2010,2030,2022
95,10499.654814073632,1,97.49346786914242,198.64593656382104,12.450490851252143,21.0,2010,2030,2023
95,10499.654814073632,1,97.49346786914242,198.64593656382104,12.450490851252143,21.0,2010,2030,2024
95,10499.654814073632,1,97.49346786914242,198.64593656382104,12.450490851252143,21.0,2010,2030,2025
95,10499.654814073632,1,97.49346786914242,198.64593656382104,12.450490851252143,21.0,2010,2030,2026
95,10499.654814073632,1,97.49346786914242,198.64593656382104,12.450490851252143,21.0,2010,2030,2027
95,10499.654814073632,1,97.49346786914242,198.64593656382104,12.450490851252143,21.0,2010,2030,2028
95,10499.654814073632,1,97.49346786914242,198.64593656382104,12.450490851252143,21.0,2010,2030,2029
95,5804.488791265221,2,78.57145605373616,205.2709320932055,11.521748617232094,7.0,2031,2037,2031
95,5804.488791265221,2,78.57145605373616,205.2709320932055,11.521748617232094,7.0,2031,2037,2032
95,5804.488791265221,2,78.57145605373616,205.2709320932055,11.521748617232094,7.0,2031,2037,2033
95,5804.488791265221,2,78.57145605373616,205.2709320932055,11.521748617232094,7.0,2031,2037,2034
95,5804.488791265221,2,78.57145605373616,205.2709320932055,11.521748617232094,7.0,2031,2037,2035
95,5804.488791265221,2,78.57145605373616,205.2709320932055,11.521748617232094,7.0,2031,2037,2036
95,4414.388316299771,3,58.207230965797905,208.40728684585628,10.2011999209521,5.0,2038,2042,2038
95,4414.388316299771,3,58.207230965797905,208.40728684585628,10.2011999209521,5.0,2038,2042,2039
95,4414.388316299771,3,58.207230965797905,208.40728684585628,10.2011999209521,5.0,2038,2042,2040
95,4414.388316299771,3,58.207230965797905,208.40728684585628,10.2011999209521,5.0,2038,2042,2041
95,5135.010524838302,4,54.66854310558016,158.74606559866012,13.01223481389997,5.0,2043,2047,2043
95,5135.010524838302,4,54.66854310558016,158.74606559866012,13.01223481389997,5.0,2043,2047,2044
95,5135.010524838302,4,54.66854310558016,158.74606559866012,13.01223481389997,5.0,2043,2047,2045
95,5135.010524838302,4,54.66854310558016,158.74606559866012,13.01223481389997,5.0,2043,2047,2046
95,3661.7156175470827,5,37.198494133259736,170.8545585575053,10.790838359354039,4.0,2048,2051,2048
95,3661.7156175470827,5,37.198494133259736,170.8545585575053,10.790838359354039,4.0,2048,2051,2049
95,3661.7156175470827,5,37.198494133259736,170.8545585575053,10.790838359354039,4.0,2048,2051,2050
95,4557.451835727394,6,47.78758133047927,182.50633615053215,14.240107997280482,4.0,2052,2061,2052
95,4557.451835727394,6,47.78758133047927,182.50633615053215,14.240107997280482,4.0,2052,2061,2053
95,4557.451835727394,6,47.78758133047927,182.50633615053215,14.240107997280482,4.0,2052,2061,2054
95,4557.451835727394,6,47.78758133047927,182.50633615053215,14.240107997280482,4.0,2052,2061,2055
95,4557.451835727394,6,47.78758133047927,182.50633615053215,14.240107997280482,4.0,2052,2061,2056
95,4557.451835727394,6,47.78758133047927,182.50633615053215,14.240107997280482,4.0,2052,2061,2057
95,4557.451835727394,6,47.78758133047927,182.50633615053215,14.240107997280482,4.0,2052,2061,2058
95,4557.451835727394,6,47.78758133047927,182.50633615053215,14.240107997280482,4.0,2052,2061,2059
95,4557.451835727394,6,47.78758133047927,182.50633615053215,14.240107997280482,4.0,2052,2061,2060
96,7630.605971289661,1,86.2472061223369,197.52611265950628,13.819207670290147,20.0,2010,2029,2010
96,7630.605971289661,1,86.2472061223369,197.52611265950628,13.819207670290147,20.0,2010,2029,2011
96,7630.605971289661,1,86.2472061223369,197.52611265950628,13.819207670290147,20.0,2010,2029,2012
96,7630.605971289661,1,86.2472061223369,197.52611265950628,13.819207670290147,20.0,2010,2029,2013
96,7630.605971289661,1,86.2472061223369,197.52611265950628,13.819207670290147,20.0,2010,2029,2014
96,7630.605971289661,1,86.2472061223369,197.52611265950628,13.819207670290147,20.0,2010,2029,2015
96,7630.605971289661,1,86.2472061223369,197.52611265950628,13.819207670290147,20.0,2010,2029,2016
96,7630.605971289661,1,86.2472061223369,197.52611265950628,13.819207670290147,20.0,2010,2029,2017
96,7630.605971289661,1,86.2472061223369,197.52611265950628,13.819207670290147,20.0,2010,2029,2018
96,7630.605971289661,1,86.2472061223369,197.52611265950628,13.819207670290147,20.0,2010,2029,2019
96,7630.605971289661,1,86.2472061223369,197.52611265950628,13.819207670290147,20.0,2010,2029,2020
96,7630.605971289661,1,86.2472061223369,197.52611265950628,13.819207670290147,20.0,2010,2029,2021
96,7630.605971289661,1,86.2472061223369,197.52611265950628,13.819207670290147,20.0,2010,2029,2022
96,7630.605971289661,1,86.2472061223369,197.52611265950628,13.819207670290147,20.0,2010,2029,2023
96,7630.605971289661,1,86.2472061223369,197.52611265950628,13.819207670290147,20.0,2010,2029,2024
96,7630.605971289661,1,86.2472061223369,197.52611265950628,13.819207670290147,20.0,2010,2029,2025
96,7630.605971289661,1,86.2472061223369,197.52611265950628,13.819207670290147,20.0,2010,2029,2026
96,7630.605971289661,1,86.2472061223369,197.52611265950628,13.819207670290147,20.0,2010,2029,2027
96,7630.605971289661,1,86.2472061223369,197.52611265950628,13.819207670290147,20.0,2010,2029,2028
96,6441.583091599124,2,62.357540070284614,167.0446123931281,14.001252887346702,6.0,2030,2035,2030
96,6441.583091599124,2,62.357540070284614,167.0446123931281,14.001252887346702,6.0,2030,2035,2031
96,6441.583091599124,2,62.357540070284614,167.0446123931281,14.001252887346702,6.0,2030,2035,2032
96,6441.583091599124,2,62.357540070284614,167.0446123931281,14.001252887346702,6.0,2030,2035,2033
96,6441.583091599124,2,62.357540070284614,167.0446123931281,14.001252887346702,6.0,2030,2035,2034
96,4951.544452468553,3,47.04304618939879,171.10610983662934,11.027275734044323,4.0,2036,2039,2036
96,4951.544452468553,3,47.04304618939879,171.10610983662934,11.027275734044323,4.0,2036,2039,2037
96,4951.544452468553,3,47.04304618939879,171.10610983662934,11.027275734044323,4.0,2036,2039,2038
96,4817.08328971058,4,45.45577939765137,169.24019304545396,14.940565269827509,4.0,2040,2043,2040
96,4817.08328971058,4,45.45577939765137,169.24019304545396,14.940565269827509,4.0,2040,2043,2041
96,4817.08328971058,4,45.45577939765137,169.24019304545396,14.940565269827509,4.0,2040,2043,2042
96,5164.117203529536,5,39.546924210495575,195.22293518520772,13.444029945781923,4.0,2044,2047,2044
96,5164.117203529536,5,39.546924210495575,195.22293518520772,13.444029945781923,4.0,2044,2047,2045
96,5164.117203529536,5,39.546924210495575,195.22293518520772,13.444029945781923,4.0,2044,2047,2046
96,3008.6428637304634,6,37.33999084099075,175.85933994274387,9.987566607386661,4.0,2048,2061,2048
96,3008.6428637304634,6,37.33999084099075,175.85933994274387,9.987566607386661,4.0,2048,2061,2049
96,3008.6428637304634,6,37.33999084099075,175.85933994274387,9.987566607386661,4.0,2048,2061,2050
96,3008.6428637304634,6,37.33999084099075,175.85933994274387,9.987566607386661,4.0,2048,2061,2051
96,3008.6428637304634,6,37.33999084099075,175.85933994274387,9.987566607386661,4.0,2048,2061,2052
96,3008.6428637304634,6,37.33999084099075,175.85933994274387,9.987566607386661,4.0,2048,2061,2053
96,3008.6428637304634,6,37.33999084099075,175.85933994274387,9.987566607386661,4.0,2048,2061,2054
96,3008.6428637304634,6,37.33999084099075,175.85933994274387,9.987566607386661,4.0,2048,2061,2055
96,3008.6428637304634,6,37.33999084099075,175.85933994274387,9.987566607386661,4.0,2048,2061,2056
96,3008.6428637304634,6,37.33999084099075,175.85933994274387,9.987566607386661,4.0,2048,2061,2057
96,3008.6428637304634,6,37.33999084099075,175.85933994274387,9.987566607386661,4.0,2048,2061,2058
96,3008.6428637304634,6,37.33999084099075,175.85933994274387,9.987566607386661,4.0,2048,2061,2059
96,3008.6428637304634,6,37.33999084099075,175.85933994274387,9.987566607386661,4.0,2048,2061,2060
97,10963.571211482897,1,120.01086153847524,199.70254091398596,10.089261101256092,23.0,2010,2032,2010
97,10963.571211482897,1,120.01086153847524,199.70254091398596,10.089261101256092,23.0,2010,2032,2011
97,10963.571211482897,1,120.01086153847524,199.70254091398596,10.089261101256092,23.0,2010,2032,2012
97,10963.571211482897,1,120.01086153847524,199.70254091398596,10.089261101256092,23.0,2010,2032,2013
97,10963.571211482897,1,120.01086153847524,199.70254091398596,10.089261101256092,23.0,2010,2032,2014
97,10963.571211482897,1,120.01086153847524,199.70254091398596,10.089261101256092,23.0,2010,2032,2015
97,10963.571211482897,1,120.01086153847524,199.70254091398596,10.089261101256092,23.0,2010,2032,2016
97,10963.571211482897,1,120.01086153847524,199.70254091398596,10.089261101256092,23.0,2010,2032,2017
97,10963.571211482897,1,120.01086153847524,199.70254091398596,10.089261101256092,23.0,2010,2032,2018
97,10963.571211482897,1,120.01086153847524,199.70254091398596,10.089261101256092,23.0,2010,2032,2019
97,10963.571211482897,1,120.01086153847524,199.70254091398596,10.089261101256092,23.0,2010,2032,2020
97,10963.571211482897,1,120.01086153847524,199.70254091398596,10.089261101256092,23.0,2010,2032,2021
97,10963.571211482897,1,120.01086153847524,199.70254091398596,10.089261101256092,23.0,2010,2032,2022
97,10963.571211482897,1,120.01086153847524,199.70254091398596,10.089261101256092,23.0,2010,2032,2023
97,10963.571211482897,1,120.01086153847524,199.70254091398596,10.089261101256092,23.0,2010,2032,2024
97,10963.571211482897,1,120.01086153847524,199.70254091398596,10.089261101256092,23.0,2010,2032,2025
97,10963.571211482897,1,120.01086153847524,199.70254091398596,10.089261101256092,23.0,2010,2032,2026
97,10963.571211482897,1,120.01086153847524,199.70254091398596,10.089261101256092,23.0,2010,2032,2027
97,10963.571211482897,1,120.01086153847524,199.70254091398596,10.089261101256092,23.0,2010,2032,2028
97,10963.571211482897,1,120.01086153847524,199.70254091398596,10.089261101256092,23.0,2010,2032,2029
97,10963.571211482897,1,120.01086153847524,199.70254091398596,10.089261101256092,23.0,2010,2032,2030
97,10963.571211482897,1,120.01086153847524,199.70254091398596,10.089261101256092,23.0,2010,2032,2031
97,6577.163226399221,2,63.00397778386193,164.17611643711814,15.901206981451507,6.0,2033,2038,2033
97,6577.163226399221,2,63.00397778386193,164.17611643711814,15.901206981451507,6.0,2033,2038,2034
97,6577.163226399221,2,63.00397778386193,164.17611643711814,15.901206981451507,6.0,2033,2038,2035
97,6577.163226399221,2,63.00397778386193,164.17611643711814,15.901206981451507,6.0,2033,2038,2036
97,6577.163226399221,2,63.00397778386193,164.17611643711814,15.901206981451507,6.0,2033,2038,2037
97,4457.445598344102,3,64.18833305698966,191.2841624072248,14.807071694616479,6.0,2039,2044,2039
97,4457.445598344102,3,64.18833305698966,191.2841624072248,14.807071694616479,6.0,2039,2044,2040
97,4457.445598344102,3,64.18833305698966,191.2841624072248,14.807071694616479,6.0,2039,2044,2041
97,4457.445598344102,3,64.18833305698966,191.2841624072248,14.807071694616479,6.0,2039,2044,2042
97,4457.445598344102,3,64.18833305698966,191.2841624072248,14.807071694616479,6.0,2039,2044,2043
97,3578.5193010410894,4,51.240106860432945,200.9277801265846,10.47370902033193,5.0,2045,2049,2045
97,3578.5193010410894,4,51.240106860432945,200.9277801265846,10.47370902033193,5.0,2045,2049,2046
97,3578.5193010410894,4,51.240106860432945,200.9277801265846,10.47370902033193,5.0,2045,2049,2047
97,3578.5193010410894,4,51.240106860432945,200.9277801265846,10.47370902033193,5.0,2045,2049,2048
97,3578.8940225217807,5,42.03159498826569,184.7675542914703,15.998419106265784,4.0,2050,2053,2050
97,3578.8940225217807,5,42.03159498826569,184.7675542914703,15.998419106265784,4.0,2050,2053,2051
97,3578.8940225217807,5,42.03159498826569,184.7675542914703,15.998419106265784,4.0,2050,2053,2052
97,4043.4759861818357,6,38.57290945671757,202.78940902540032,13.137472724902397,4.0,2054,2061,2054
97,4043.4759861818357,6,38.57290945671757,202.78940902540032,13.137472724902397,4.0,2054,2061,2055
97,4043.4759861818357,6,38.57290945671757,202.78940902540032,13.137472724902397,4.0,2054,2061,2056
97,4043.4759861818357,6,38.57290945671757,202.78940902540032,13.137472724902397,4.0,2054,2061,2057
97,4043.4759861818357,6,38.57290945671757,202.78940902540032,13.137472724902397,4.0,2054,2061,2058
97,4043.4759861818357,6,38.57290945671757,202.78940902540032,13.137472724902397,4.0,2054,2061,2059
97,4043.4759861818357,6,38.57290945671757,202.78940902540032,13.137472724902397,4.0,2054,2061,2060
98,13784.824292324129,1,122.38048398501323,215.63483013882328,11.55499173506754,23.0,2010,2032,2010
98,13784.824292324129,1,122.38048398501323,215.63483013882328,11.55499173506754,23.0,2010,2032,2011
98,13784.824292324129,1,122.38048398501323,215.63483013882328,11.55499173506754,23.0,2010,2032,2012
98,13784.824292324129,1,122.38048398501323,215.63483013882328,11.55499173506754,23.0,2010,2032,2013
98,13784.824292324129,1,122.38048398501323,215.63483013882328,11.55499173506754,23.0,2010,2032,2014
98,13784.824292324129,1,122.38048398501323,215.63483013882328,11.55499173506754,23.0,2010,2032,2015
98,13784.824292324129,1,122.38048398501323,215.63483013882328,11.55499173506754,23.0,2010,2032,2016
98,13784.824292324129,1,122.38048398501323,215.63483013882328,11.55499173506754,23.0,2010,2032,2017
98,13784.824292324129,1,122.38048398501323,215.63483013882328,11.55499173506754,23.0,2010,2032,2018
98,13784.824292324129,1,122.38048398501323,215.63483013882328,11.55499173506754,23.0,2010,2032,2019
98,13784.824292324129,1,122.38048398501323,215.63483013882328,11.55499173506754,23.0,2010,2032,2020
98,13784.824292324129,1,122.38048398501323,215.63483013882328,11.55499173506754,23.0,2010,2032,2021
98,13784.824292324129,1,122.38048398501323,215.63483013882328,11.55499173506754,23.0,2010,2032,2022
98,13784.824292324129,1,122.38048398501323,215.63483013882328,11.55499173506754,23.0,2010,2032,2023
98,13784.824292324129,1,122.38048398501323,215.63483013882328,11.55499173506754,23.0,2010,2032,2024
98,13784.824292324129,1,122.38048398501323,215.63483013882328,11.55499173506754,23.0,2010,2032,2025
98,13784.824292324129,1,122.38048398501323,215.63483013882328,11.55499173506754,23.0,2010,2032,2026
98,13784.824292324129,1,122.38048398501323,215.63483013882328,11.55499173506754,23.0,2010,2032,2027
98,13784.824292324129,1,122.38048398501323,215.63483013882328,11.55499173506754,23.0,2010,2032,2028
98,13784.824292324129,1,122.38048398501323,215.63483013882328,11.55499173506754,23.0,2010,2032,2029
98,13784.824292324129,1,122.38048398501323,215.63483013882328,11.55499173506754,23.0,2010,2032,2030
98,13784.824292324129,1,122.38048398501323,215.63483013882328,11.55499173506754,23.0,2010,2032,2031
98,5799.477963574102,2,67.21718776936851,186.16562163040606,12.034416320734403,6.0,2033,2038,2033
98,5799.477963574102,2,67.21718776936851,186.16562163040606,12.034416320734403,6.0,2033,2038,2034
98,5799.477963574102,2,67.21718776936851,186.16562163040606,12.034416320734403,6.0,2033,2038,2035
98,5799.477963574102,2,67.21718776936851,186.16562163040606,12.034416320734403,6.0,2033,2038,2036
98,5799.477963574102,2,67.21718776936851,186.16562163040606,12.034416320734403,6.0,2033,2038,2037
98,4264.581072383194,3,57.395637077104496,177.74304522557082,12.640495615649723,5.0,2039,2043,2039
98,4264.581072383194,3,57.395637077104496,177.74304522557082,12.640495615649723,5.0,2039,2043,2040
98,4264.581072383194,3,57.395637077104496,177.74304522557082,12.640495615649723,5.0,2039,2043,2041
98,4264.581072383194,3,57.395637077104496,177.74304522557082,12.640495615649723,5.0,2039,2043,2042
98,3743.469640176064,4,52.325300880556256,196.00284244638655,12.099166544388666,5.0,2044,2048,2044
98,3743.469640176064,4,52.325300880556256,196.00284244638655,12.099166544388666,5.0,2044,2048,2045
98,3743.469640176064,4,52.325300880556256,196.00284244638655,12.099166544388666,5.0,2044,2048,2046
98,3743.469640176064,4,52.325300880556256,196.00284244638655,12.099166544388666,5.0,2044,2048,2047
98,4168.7146487525115,5,38.06124846797591,186.82197398730202,13.2540595699258,4.0,2049,2052,2049
98,4168.7146487525115,5,38.06124846797591,186.82197398730202,13.2540595699258,4.0,2049,2052,2050
98,4168.7146487525115,5,38.06124846797591,186.82197398730202,13.2540595699258,4.0,2049,2052,2051
98,4988.554007362945,6,34.32539789006099,172.50476492525394,12.585407491938593,3.0,2053,2061,2053
98,4988.554007362945,6,34.32539789006099,172.50476492525394,12.585407491938593,3.0,2053,2061,2054
98,4988.554007362945,6,34.32539789006099,172.50476492525394,12.585407491938593,3.0,2053,2061,2055
98,4988.554007362945,6,34.32539789006099,172.50476492525394,12.585407491938593,3.0,2053,2061,2056
98,4988.554007362945,6,34.32539789006099,172.50476492525394,12.585407491938593,3.0,2053,2061,2057
98,4988.554007362945,6,34.32539789006099,172.50476492525394,12.585407491938593,3.0,2053,2061,2058
98,4988.554007362945,6,34.32539789006099,172.50476492525394,12.585407491938593,3.0,2053,2061,2059
98,4988.554007362945,6,34.32539789006099,172.50476492525394,12.585407491938593,3.0,2053,2061,2060
99,9371.75560206048,1,108.80414279384189,194.84532462862842,12.54323141541571,22.0,2010,2031,2010
99,9371.75560206048,1,108.80414279384189,194.84532462862842,12.54323141541571,22.0,2010,2031,2011
99,9371.75560206048,1,108.80414279384189,194.84532462862842,12.54323141541571,22.0,2010,2031,2012
99,9371.75560206048,1,108.80414279384189,194.84532462862842,12.54323141541571,22.0,2010,2031,2013
99,9371.75560206048,1,108.80414279384189,194.84532462862842,12.54323141541571,22.0,2010,2031,2014
99,9371.75560206048,1,108.80414279384189,194.84532462862842,12.54323141541571,22.0,2010,2031,2015
99,9371.75560206048,1,108.80414279384189,194.84532462862842,12.54323141541571,22.0,2010,2031,2016
99,9371.75560206048,1,108.80414279384189,194.84532462862842,12.54323141541571,22.0,2010,2031,2017
99,9371.75560206048,1,108.80414279384189,194.84532462862842,12.54323141541571,22.0,2010,2031,2018
99,9371.75560206048,1,108.80414279384189,194.84532462862842,12.54323141541571,22.0,2010,2031,2019
99,9371.75560206048,1,108.80414279384189,194.84532462862842,12.54323141541571,22.0,2010,2031,2020
99,9371.75560206048,1,108.80414279384189,194.84532462862842,12.54323141541571,22.0,2010,2031,2021
99,9371.75560206048,1,108.80414279384189,194.84532462862842,12.54323141541571,22.0,2010,2031,2022
99,9371.75560206048,1,108.80414279384189,194.84532462862842,12.54323141541571,22.0,2010,2031,2023
99,9371.75560206048,1,108.80414279384189,194.84532462862842,12.54323141541571,22.0,2010,2031,2024
99,9371.75560206048,1,108.80414279384189,194.84532462862842,12.54323141541571,22.0,2010,2031,2025
99,9371.75560206048,1,108.80414279384189,194.84532462862842,12.54323141541571,22.0,2010,2031,2026
99,9371.75560206048,1,108.80414279384189,194.84532462862842,12.54323141541571,22.0,2010,2031,2027
99,9371.75560206048,1,108.80414279384189,194.84532462862842,12.54323141541571,22.0,2010,2031,2028
99,9371.75560206048,1,108.80414279384189,194.84532462862842,12.54323141541571,22.0,2010,2031,2029
99,9371.75560206048,1,108.80414279384189,194.84532462862842,12.54323141541571,22.0,2010,2031,2030
99,5506.961210529952,2,73.35907411267839,173.8423209750796,10.98430701076985,7.0,2032,2038,2032
99,5506.961210529952,2,73.35907411267839,173.8423209750796,10.98430701076985,7.0,2032,2038,2033
99,5506.961210529952,2,73.35907411267839,173.8423209750796,10.98430701076985,7.0,2032,2038,2034
99,5506.961210529952,2,73.35907411267839,173.8423209750796,10.98430701076985,7.0,2032,2038,2035
99,5506.961210529952,2,73.35907411267839,173.8423209750796,10.98430701076985,7.0,2032,2038,2036
99,5506.961210529952,2,73.35907411267839,173.8423209750796,10.98430701076985,7.0,2032,2038,2037
99,4589.646808395838,3,58.26611472414238,178.42834336697246,12.788613089101514,5.0,2039,2043,2039
99,4589.646808395838,3,58.26611472414238,178.42834336697246,12.788613089101514,5.0,2039,2043,2040
99,4589.646808395838,3,58.26611472414238,178.42834336697246,12.788613089101514,5.0,2039,2043,2041
99,4589.646808395838,3,58.26611472414238,178.42834336697246,12.788613089101514,5.0,2039,2043,2042
99,3908.442570039532,4,56.040829545863545,178.83453259429993,15.421598152274644,5.0,2044,2048,2044
99,3908.442570039532,4,56.040829545863545,178.83453259429993,15.421598152274644,5.0,2044,2048,2045
99,3908.442570039532,4,56.040829545863545,178.83453259429993,15.421598152274644,5.0,2044,2048,2046
99,3908.442570039532,4,56.040829545863545,178.83453259429993,15.421598152274644,5.0,2044,2048,2047
99,3683.171057249639,5,38.16637120833618,185.20092527342786,10.611441033063498,4.0,2049,2052,2049
99,3683.171057249639,5,38.16637120833618,185.20092527342786,10.611441033063498,4.0,2049,2052,2050
99,3683.171057249639,5,38.16637120833618,185.20092527342786,10.611441033063498,4.0,2049,2052,2051
99,2932.367856440941,6,44.939603155207124,185.75691136999387,12.99813093552606,4.0,2053,2061,2053
99,2932.367856440941,6,44.939603155207124,185.75691136999387,12.99813093552606,4.0,2053,2061,2054
99,2932.367856440941,6,44.939603155207124,185.75691136999387,12.99813093552606,4.0,2053,2061,2055
99,2932.367856440941,6,44.939603155207124,185.75691136999387,12.99813093552606,4.0,2053,2061,2056
99,2932.367856440941,6,44.939603155207124,185.75691136999387,12.99813093552606,4.0,2053,2061,2057
99,2932.367856440941,6,44.939603155207124,185.75691136999387,12.99813093552606,4.0,2053,2061,2058
99,2932.367856440941,6,44.939603155207124,185.75691136999387,12.99813093552606,4.0,2053,2061,2059
99,2932.367856440941,6,44.939603155207124,185.75691136999387,12.99813093552606,4.0,2053,2061,2060
100,11897.450245607686,1,123.28101890566177,197.8850724533822,13.29397234273998,23.0,2010,2032,2010
100,11897.450245607686,1,123.28101890566177,197.8850724533822,13.29397234273998,23.0,2010,2032,2011
100,11897.450245607686,1,123.28101890566177,197.8850724533822,13.29397234273998,23.0,2010,2032,2012
100,11897.450245607686,1,123.28101890566177,197.8850724533822,13.29397234273998,23.0,2010,2032,2013
100,11897.450245607686,1,123.28101890566177,197.8850724533822,13.29397234273998,23.0,2010,2032,2014
100,11897.450245607686,1,123.28101890566177,197.8850724533822,13.29397234273998,23.0,2010,2032,2015
100,11897.450245607686,1,123.28101890566177,197.8850724533822,13.29397234273998,23.0,2010,2032,2016
100,11897.450245607686,1,123.28101890566177,197.8850724533822,13.29397234273998,23.0,2010,2032,2017
100,11897.450245607686,1,123.28101890566177,197.8850724533822,13.29397234273998,23.0,2010,2032,2018
100,11897.450245607686,1,123.28101890566177,197.8850724533822,13.29397234273998,23.0,2010,2032,2019
100,11897.450245607686,1,123.28101890566177,197.8850724533822,13.29397234273998,23.0,2010,2032,2020
100,11897.450245607686,1,123.28101890566177,197.8850724533822,13.29397234273998,23.0,2010,2032,2021
100,11897.450245607686,1,123.28101890566177,197.8850724533822,13.29397234273998,23.0,2010,2032,2022
100,11897.450245607686,1,123.28101890566177,197.8850724533822,13.29397234273998,23.0,2010,2032,2023
100,11897.450245607686,1,123.28101890566177,197.8850724533822,13.29397234273998,23.0,2010,2032,2024
100,11897.450245607686,1,123.28101890566177,197.8850724533822,13.29397234273998,23.0,2010,2032,2025
100,11897.450245607686,1,123.28101890566177,197.8850724533822,13.29397234273998,23.0,2010,2032,2026
100,11897.450245607686,1,123.28101890566177,197.8850724533822,13.29397234273998,23.0,2010,2032,2027
100,11897.450245607686,1,123.28101890566177,197.8850724533822,13.29397234273998,23.0,2010,2032,2028
100,11897.450245607686,1,123.28101890566177,197.8850724533822,13.29397234273998,23.0,2010,2032,2029
100,11897.450245607686,1,123.28101890566177,197.8850724533822,13.29397234273998,23.0,2010,2032,2030
100,11897.450245607686,1,123.28101890566177,197.8850724533822,13.29397234273998,23.0,2010,2032,2031
100,4579.765557225741,2,57.61696989277699,186.38660587598497,12.43763367003956,5.0,2033,2037,2033
100,4579.765557225741,2,57.61696989277699,186.38660587598497,12.43763367003956,5.0,2033,2037,2034
100,4579.765557225741,2,57.61696989277699,186.38660587598497,12.43763367003956,5.0,2033,2037,2035
100,4579.765557225741,2,57.61696989277699,186.38660587598497,12.43763367003956,5.0,2033,2037,2036
100,4754.572817446704,3,61.52472996112977,182.54109490251224,11.113181078168465,6.0,2038,2043,2038
100,4754.572817446704,3,61.52472996112977,182.54109490251224,11.113181078168465,6.0,2038,2043,2039
100,4754.572817446704,3,61.52472996112977,182.54109490251224,11.113181078168465,6.0,2038,2043,2040
100,4754.572817446704,3,61.52472996112977,182.54109490251224,11.113181078168465,6.0,2038,2043,2041
100,4754.572817446704,3,61.52472996112977,182.54109490251224,11.113181078168465,6.0,2038,2043,2042
100,3947.398242660093,4,51.60726562622084,171.16290897005197,13.904925309572969,5.0,2044,2048,2044
100,3947.398242660093,4,51.60726562622084,171.16290897005197,13.904925309572969,5.0,2044,2048,2045
100,3947.398242660093,4,51.60726562622084,171.16290897005197,13.904925309572969,5.0,2044,2048,2046
100,3947.398242660093,4,51.60726562622084,171.16290897005197,13.904925309572969,5.0,2044,2048,2047
100,3664.1181111255405,5,38.32133826390527,175.8365468673064,13.075376100497229,4.0,2049,2052,2049
100,3664.1181111255405,5,38.32133826390527,175.8365468673064,13.075376100497229,4.0,2049,2052,2050
100,3664.1181111255405,5,38.32133826390527,175.8365468673064,13.075376100497229,4.0,2049,2052,2051
100,4715.199924878636,6,49.85107377037257,201.32603118593187,9.956565347874745,5.0,2053,2061,2053
100,4715.199924878636,6,49.85107377037257,201.32603118593187,9.956565347874745,5.0,2053,2061,2054
100,4715.199924878636,6,49.85107377037257,201.32603118593187,9.956565347874745,5.0,2053,2061,2055
100,4715.199924878636,6,49.85107377037257,201.32603118593187,9.956565347874745,5.0,2053,2061,2056
100,4715.199924878636,6,49.85107377037257,201.32603118593187,9.956565347874745,5.0,2053,2061,2057
100,4715.199924878636,6,49.85107377037257,201.32603118593187,9.956565347874745,5.0,2053,2061,2058
100,4715.199924878636,6,49.85107377037257,201.32603118593187,9.956565347874745,5.0,2053,2061,2059
100,4715.199924878636,6,49.85107377037257,201.32603118593187,9.956565347874745,5.0,2053,2061,2060
